2026/09/01 11:00:25.159692 === Tsunagu dev (unknown) starting, pid 10743 ===
2026/09/01 11:00:25.195042 sandbox: spawning /nix/store/1slz0vmmgsd7p6i4c0jaywkpw56wl2yg-openjdk-21.0.12+8/lib/openjdk/bin/java -cp /home/shozikan/Projects/Manga/Tsunagu/sandbox/build/libs/sandbox-0.1.0-all.jar tsunagu.MainKt (source: JAVA_HOME/PATH)
2026/09/01 11:00:25.505489 [sandbox] [main] INFO eu.kanade.tachiyomi.network.TlsSetup - TLS: Conscrypt provider installed (v2.5.2)
2026/09/01 11:00:26.107801 [sandbox] tsunagu sandbox listening on :50051
2026/09/01 11:00:26.917664 sandbox: ready at localhost:50051
2026/09/01 11:00:29.971960 tsunagu dev listening on [::]:6007
2026/09/01 11:00:29.972818 metadata backfill: 1 unmatched media, working through them (~1m)
2026/09/01 11:00:31.386529 metadata backfill: done -- matched 0/1
2026/09/01 11:00:31.777999 tracker poll: reconciled 2 media
2026/09/01 11:00:32.931064 POST /api/graphql 200 1.884902739s
2026/09/01 11:03:10.173076 POST /api/graphql 200 1.898924616s
2026/09/01 11:03:12.182061 POST /api/graphql 200 1.840157038s
2026/09/01 11:03:13.792912 POST /api/graphql 200 1.699241858s
2026/09/01 11:19:10.193613 sandbox: idle for 15m0s, reaping process
2026/09/01 12:11:36.876357 POST /api/graphql 200 1.74411871s
2026/09/01 12:14:10.526168 POST /api/graphql 200 1.950526314s
2026/09/01 12:14:59.710197 sandbox: spawning /nix/store/1slz0vmmgsd7p6i4c0jaywkpw56wl2yg-openjdk-21.0.12+8/lib/openjdk/bin/java -cp /home/shozikan/Projects/Manga/Tsunagu/sandbox/build/libs/sandbox-0.1.0-all.jar tsunagu.MainKt (source: JAVA_HOME/PATH)
2026/09/01 12:14:59.964107 [sandbox] [main] INFO eu.kanade.tachiyomi.network.TlsSetup - TLS: Conscrypt provider installed (v2.5.2)
2026/09/01 12:15:00.463694 [sandbox] tsunagu sandbox listening on :50051
2026/09/01 12:15:01.350970 sandbox: ready at localhost:50051
2026/09/01 12:15:02.410015 [sandbox] [grpc-default-executor-2] ERROR tsunagu.grpc.ExtensionServiceImpl - extension call failed: IllegalStateException: Multi threaded access requested by thread Thread[#29,grpc-default-executor-2,5,main] but is not allowed for language(s) js. @ NovelPlugin.callMethod:56; NovelPlugin.parseChapter:85; ExtensionServiceImpl.getChapterText:377
2026/09/01 12:15:02.411383 GET /content/373/9696/text 502 2.701477862s
2026/09/01 12:15:09.603613 [sandbox] [grpc-default-executor-2] ERROR tsunagu.grpc.ExtensionServiceImpl - extension call failed: IllegalStateException: Multi threaded access requested by thread Thread[#29,grpc-default-executor-2,5,main] but is not allowed for language(s) js. @ NovelPlugin.callMethod:56; NovelPlugin.parseChapter:85; ExtensionServiceImpl.getChapterText:377
2026/09/01 12:15:09.604329 GET /content/373/9696/text 502 4.032815ms
2026/09/01 12:15:26.533325 [sandbox] [grpc-default-executor-2] ERROR tsunagu.grpc.ExtensionServiceImpl - extension call failed: IllegalStateException: Multi threaded access requested by thread Thread[#29,grpc-default-executor-2,5,main] but is not allowed for language(s) js. @ NovelPlugin.callMethod:56; NovelPlugin.parseChapter:85; ExtensionServiceImpl.getChapterText:377
2026/09/01 12:15:26.534117 GET /content/373/9710/text 502 3.952416ms
2026/09/01 12:16:06.057689 POST /api/graphql 200 1.926550445s
2026/09/01 12:16:06.108900 POST /api/graphql 200 1.086007376s
2026/09/01 12:16:09.081722 POST /api/graphql 200 772.992936ms
2026/09/01 12:16:09.134345 POST /api/graphql 200 824.716084ms
2026/09/01 12:20:26.721557 [sandbox] Exception in thread "OkHttp TaskRunner" 
2026/09/01 12:20:26.721665 [sandbox] Exception in thread "OkHttp TaskRunner" 
2026/09/01 12:20:26.721776 [sandbox] java.lang.NoClassDefFoundError: okio/internal/_AtomicKt
2026/09/01 12:20:26.721946 [sandbox] 	at okio.internal.DefaultSocket$SocketSource.close(DefaultSocket.kt:145)
	at okio.RealBufferedSource.close(RealBufferedSource.kt:493)
2026/09/01 12:20:26.721968 [sandbox] 	at okhttp3.internal.http2.Http2Reader.close(Http2Reader.kt:396)
2026/09/01 12:20:26.721975 [sandbox] 	at okhttp3.internal._UtilCommonKt.closeQuietly(-UtilCommon.kt:284)
2026/09/01 12:20:26.721992 [sandbox] 	at okhttp3.internal.http2.Http2Connection$ReaderRunnable.invoke(Http2Connection.kt:639)
2026/09/01 12:20:26.722018 [sandbox] 	at okhttp3.internal.http2.Http2Connection$ReaderRunnable.invoke(Http2Connection.kt:619)
2026/09/01 12:20:26.722035 [sandbox] 	at okhttp3.internal.concurrent.TaskQueue$execute$1.runOnce(TaskQueue.kt:112)
	at okhttp3.internal.concurrent.TaskRunner$runnable$1.run(TaskRunner.kt:81)
2026/09/01 12:20:26.722065 [sandbox] 	at java.base/java.util.concurrent.ThreadPoolExecutor.runWorker(ThreadPoolExecutor.java:1144)
2026/09/01 12:20:26.722090 [sandbox] 	at java.base/java.util.concurrent.ThreadPoolExecutor$Worker.run(ThreadPoolExecutor.java:642)
2026/09/01 12:20:26.722099 [sandbox] 	at java.base/java.lang.Thread.run(Thread.java:1583)
2026/09/01 12:20:26.722223 [sandbox] Caused by: java.lang.ClassNotFoundException: okio.internal._AtomicKt
	at java.base/jdk.internal.loader.BuiltinClassLoader.loadClass(BuiltinClassLoader.java:641)
2026/09/01 12:20:26.722239 [sandbox] 	at java.base/jdk.internal.loader.ClassLoaders$AppClassLoader.loadClass(ClassLoaders.java:188)
2026/09/01 12:20:26.722261 [sandbox] 	at java.base/java.lang.ClassLoader.loadClass(ClassLoader.java:526)
2026/09/01 12:20:26.722272 [sandbox] 	... 11 more
2026/09/01 12:20:26.722420 [sandbox] java.lang.NoClassDefFoundError: org/conscrypt/SessionSnapshot
2026/09/01 12:20:26.722524 [sandbox] 	at org.conscrypt.ConscryptEngine.transitionTo(ConscryptEngine.java:1830)
2026/09/01 12:20:26.722547 [sandbox] 	at org.conscrypt.ConscryptEngine.closeOutbound(ConscryptEngine.java:489)
2026/09/01 12:20:26.722565 [sandbox] 	at org.conscrypt.ConscryptEngineSocket.close(ConscryptEngineSocket.java:456)
2026/09/01 12:20:26.722584 [sandbox] 	at okhttp3.internal._UtilJvmKt.closeQuietly(-UtilJvm.kt:287)
2026/09/01 12:20:26.722602 [sandbox] 	at okhttp3.internal.connection.RealConnectionPool.closeConnections(RealConnectionPool.kt:261)
2026/09/01 12:20:26.722621 [sandbox] 	at okhttp3.internal.connection.RealConnectionPool$cleanupTask$1.runOnce(RealConnectionPool.kt:50)
2026/09/01 12:20:26.722634 [sandbox] 	at okhttp3.internal.concurrent.TaskRunner$runnable$1.run(TaskRunner.kt:81)
2026/09/01 12:20:26.722658 [sandbox] 	at java.base/java.util.concurrent.ThreadPoolExecutor.runWorker(ThreadPoolExecutor.java:1144)
2026/09/01 12:20:26.722677 [sandbox] 	at java.base/java.util.concurrent.ThreadPoolExecutor$Worker.run(ThreadPoolExecutor.java:642)
2026/09/01 12:20:26.722700 [sandbox] 	at java.base/java.lang.Thread.run(Thread.java:1583)
2026/09/01 12:20:26.722758 [sandbox] Caused by: java.lang.ClassNotFoundException: org.conscrypt.SessionSnapshot
2026/09/01 12:20:26.722776 [sandbox] 	at java.base/jdk.internal.loader.BuiltinClassLoader.loadClass(BuiltinClassLoader.java:641)
2026/09/01 12:20:26.722794 [sandbox] 	at java.base/jdk.internal.loader.ClassLoaders$AppClassLoader.loadClass(ClassLoaders.java:188)
2026/09/01 12:20:26.722806 [sandbox] 	at java.base/java.lang.ClassLoader.loadClass(ClassLoader.java:526)
2026/09/01 12:20:26.722820 [sandbox] 	... 10 more
2026/09/01 12:26:55.164494 POST /api/graphql 200 1.887430907s
2026/09/01 12:29:46.592834 [sandbox] [grpc-default-worker-ELG-3-2] WARN io.grpc.netty.shaded.io.netty.channel.AbstractChannelHandlerContext - An exception 'java.lang.NoClassDefFoundError: io/grpc/netty/shaded/io/netty/handler/codec/http2/Http2ConnectionHandler$ClosingChannelFutureListener' [enable DEBUG level for full stacktrace] was thrown by a user handler's exceptionCaught() method while handling the following exception:
2026/09/01 12:29:46.592911 [sandbox] java.lang.NoClassDefFoundError: io/grpc/netty/shaded/io/netty/handler/codec/http2/Http2ConnectionHandler$ClosingChannelFutureListener
2026/09/01 12:29:46.592983 [sandbox] 	at io.grpc.netty.shaded.io.netty.handler.codec.http2.Http2ConnectionHandler.newClosingChannelFutureListener(Http2ConnectionHandler.java:498)
2026/09/01 12:29:46.592998 [sandbox] 	at io.grpc.netty.shaded.io.netty.handler.codec.http2.Http2ConnectionHandler.onConnectionError(Http2ConnectionHandler.java:689)
2026/09/01 12:29:46.593018 [sandbox] 	at io.grpc.netty.shaded.io.grpc.netty.NettyServerHandler.onConnectionError(NettyServerHandler.java:590)
2026/09/01 12:29:46.593056 [sandbox] 	at io.grpc.netty.shaded.io.netty.handler.codec.http2.Http2ConnectionHandler.onError(Http2ConnectionHandler.java:654)
2026/09/01 12:29:46.593082 [sandbox] 	at io.grpc.netty.shaded.io.netty.handler.codec.http2.Http2ConnectionHandler$FrameDecoder.decode(Http2ConnectionHandler.java:395)
2026/09/01 12:29:46.593090 [sandbox] 	at io.grpc.netty.shaded.io.netty.handler.codec.http2.Http2ConnectionHandler.decode(Http2ConnectionHandler.java:453)
2026/09/01 12:29:46.593120 [sandbox] 	at io.grpc.netty.shaded.io.netty.handler.codec.ByteToMessageDecoder.decodeRemovalReentryProtection(ByteToMessageDecoder.java:529)
2026/09/01 12:29:46.593130 [sandbox] 	at io.grpc.netty.shaded.io.netty.handler.codec.ByteToMessageDecoder.callDecode(ByteToMessageDecoder.java:468)
2026/09/01 12:29:46.593153 [sandbox] 	at io.grpc.netty.shaded.io.netty.handler.codec.ByteToMessageDecoder.channelRead(ByteToMessageDecoder.java:290)
2026/09/01 12:29:46.593163 [sandbox] 	at io.grpc.netty.shaded.io.netty.channel.AbstractChannelHandlerContext.invokeChannelRead(AbstractChannelHandlerContext.java:444)
2026/09/01 12:29:46.593186 [sandbox] 	at io.grpc.netty.shaded.io.netty.channel.AbstractChannelHandlerContext.invokeChannelRead(AbstractChannelHandlerContext.java:420)
2026/09/01 12:29:46.593197 [sandbox] 	at io.grpc.netty.shaded.io.netty.channel.AbstractChannelHandlerContext.fireChannelRead(AbstractChannelHandlerContext.java:412)
2026/09/01 12:29:46.593221 [sandbox] 	at io.grpc.netty.shaded.io.netty.channel.DefaultChannelPipeline$HeadContext.channelRead(DefaultChannelPipeline.java:1410)
2026/09/01 12:29:46.593233 [sandbox] 	at io.grpc.netty.shaded.io.netty.channel.AbstractChannelHandlerContext.invokeChannelRead(AbstractChannelHandlerContext.java:440)
2026/09/01 12:29:46.593252 [sandbox] 	at io.grpc.netty.shaded.io.netty.channel.AbstractChannelHandlerContext.invokeChannelRead(AbstractChannelHandlerContext.java:420)
2026/09/01 12:29:46.593269 [sandbox] 	at io.grpc.netty.shaded.io.netty.channel.DefaultChannelPipeline.fireChannelRead(DefaultChannelPipeline.java:919)
2026/09/01 12:29:46.593288 [sandbox] 	at io.grpc.netty.shaded.io.netty.channel.epoll.AbstractEpollStreamChannel$EpollStreamUnsafe.epollInReady(AbstractEpollStreamChannel.java:800)
2026/09/01 12:29:46.593302 [sandbox] 	at io.grpc.netty.shaded.io.netty.channel.epoll.EpollEventLoop.processReady(EpollEventLoop.java:509)
2026/09/01 12:29:46.593322 [sandbox] 	at io.grpc.netty.shaded.io.netty.channel.epoll.EpollEventLoop.run(EpollEventLoop.java:407)
2026/09/01 12:29:46.593337 [sandbox] 	at io.grpc.netty.shaded.io.netty.util.concurrent.SingleThreadEventExecutor$4.run(SingleThreadEventExecutor.java:997)
2026/09/01 12:29:46.593358 [sandbox] 	at io.grpc.netty.shaded.io.netty.util.internal.ThreadExecutorMap$2.run(ThreadExecutorMap.java:74)
2026/09/01 12:29:46.593370 [sandbox] 	at io.grpc.netty.shaded.io.netty.util.concurrent.FastThreadLocalRunnable.run(FastThreadLocalRunnable.java:30)
2026/09/01 12:29:46.593393 [sandbox] 	at java.base/java.lang.Thread.run(Thread.java:1583)
2026/09/01 12:29:46.593481 [sandbox] Caused by: java.lang.ClassNotFoundException: io.grpc.netty.shaded.io.netty.handler.codec.http2.Http2ConnectionHandler$ClosingChannelFutureListener
2026/09/01 12:29:46.593499 [sandbox] 	at java.base/jdk.internal.loader.BuiltinClassLoader.loadClass(BuiltinClassLoader.java:641)
2026/09/01 12:29:46.593517 [sandbox] 	at java.base/jdk.internal.loader.ClassLoaders$AppClassLoader.loadClass(ClassLoaders.java:188)
2026/09/01 12:29:46.593534 [sandbox] 	at java.base/java.lang.ClassLoader.loadClass(ClassLoader.java:526)
2026/09/01 12:29:46.593543 [sandbox] 	... 23 more
2026/09/01 12:29:51.592345 [sandbox] [grpc-default-worker-ELG-3-2] WARN io.grpc.netty.shaded.io.netty.util.concurrent.DefaultPromise - An exception was thrown by io.grpc.netty.shaded.io.grpc.netty.NettyServerTransport$1TerminationNotifier.operationComplete()
2026/09/01 12:29:51.592397 [sandbox] java.lang.NoClassDefFoundError: com/google/common/collect/Lists
2026/09/01 12:29:51.592472 [sandbox] 	at com.google.common.collect.ImmutableList.indexOf(ImmutableList.java:428)
2026/09/01 12:29:51.592503 [sandbox] 	at com.google.common.collect.ImmutableList.contains(ImmutableList.java:438)
	at io.grpc.netty.shaded.io.grpc.netty.NettyServerTransport.getLogLevel(NettyServerTransport.java:201)
2026/09/01 12:29:51.592535 [sandbox] 	at io.grpc.netty.shaded.io.grpc.netty.NettyServerTransport.notifyTerminated(NettyServerTransport.java:209)
	at io.grpc.netty.shaded.io.grpc.netty.NettyServerTransport.access$100(NettyServerTransport.java:51)
	at io.grpc.netty.shaded.io.grpc.netty.NettyServerTransport$1TerminationNotifier.operationComplete(NettyServerTransport.java:147)
2026/09/01 12:29:51.592549 [sandbox] 	at io.grpc.netty.shaded.io.grpc.netty.NettyServerTransport$1TerminationNotifier.operationComplete(NettyServerTransport.java:140)
2026/09/01 12:29:51.592558 [sandbox] 	at io.grpc.netty.shaded.io.netty.util.concurrent.DefaultPromise.notifyListener0(DefaultPromise.java:590)
2026/09/01 12:29:51.592572 [sandbox] 	at io.grpc.netty.shaded.io.netty.util.concurrent.DefaultPromise.notifyListeners0(DefaultPromise.java:583)
2026/09/01 12:29:51.592588 [sandbox] 	at io.grpc.netty.shaded.io.netty.util.concurrent.DefaultPromise.notifyListenersNow(DefaultPromise.java:559)
2026/09/01 12:29:51.592615 [sandbox] 	at io.grpc.netty.shaded.io.netty.util.concurrent.DefaultPromise.notifyListeners(DefaultPromise.java:492)
2026/09/01 12:29:51.592625 [sandbox] 	at io.grpc.netty.shaded.io.netty.util.concurrent.DefaultPromise.setValue0(DefaultPromise.java:636)
2026/09/01 12:29:51.592643 [sandbox] 	at io.grpc.netty.shaded.io.netty.util.concurrent.DefaultPromise.setSuccess0(DefaultPromise.java:625)
2026/09/01 12:29:51.592654 [sandbox] 	at io.grpc.netty.shaded.io.netty.util.concurrent.DefaultPromise.trySuccess(DefaultPromise.java:105)
2026/09/01 12:29:51.592664 [sandbox] 	at io.grpc.netty.shaded.io.netty.channel.DefaultChannelPromise.trySuccess(DefaultChannelPromise.java:84)
2026/09/01 12:29:51.592674 [sandbox] 	at io.grpc.netty.shaded.io.netty.channel.AbstractChannel$CloseFuture.setClosed(AbstractChannel.java:1164)
2026/09/01 12:29:51.592685 [sandbox] 	at io.grpc.netty.shaded.io.netty.channel.AbstractChannel$AbstractUnsafe.doClose0(AbstractChannel.java:755)
2026/09/01 12:29:51.592696 [sandbox] 	at io.grpc.netty.shaded.io.netty.channel.AbstractChannel$AbstractUnsafe.close(AbstractChannel.java:731)
2026/09/01 12:29:51.592706 [sandbox] 	at io.grpc.netty.shaded.io.netty.channel.AbstractChannel$AbstractUnsafe.close(AbstractChannel.java:620)
2026/09/01 12:29:51.592718 [sandbox] 	at io.grpc.netty.shaded.io.netty.channel.epoll.AbstractEpollChannel$AbstractEpollUnsafe.shutdownInput(AbstractEpollChannel.java:522)
2026/09/01 12:29:51.592736 [sandbox] 	at io.grpc.netty.shaded.io.netty.channel.epoll.AbstractEpollStreamChannel$EpollStreamUnsafe.epollInReady(AbstractEpollStreamChannel.java:823)
2026/09/01 12:29:51.592747 [sandbox] 	at io.grpc.netty.shaded.io.netty.channel.epoll.EpollEventLoop.processReady(EpollEventLoop.java:509)
2026/09/01 12:29:51.592753 [sandbox] 	at io.grpc.netty.shaded.io.netty.channel.epoll.EpollEventLoop.run(EpollEventLoop.java:407)
2026/09/01 12:29:51.592764 [sandbox] 	at io.grpc.netty.shaded.io.netty.util.concurrent.SingleThreadEventExecutor$4.run(SingleThreadEventExecutor.java:997)
2026/09/01 12:29:51.592774 [sandbox] 	at io.grpc.netty.shaded.io.netty.util.internal.ThreadExecutorMap$2.run(ThreadExecutorMap.java:74)
2026/09/01 12:29:51.592784 [sandbox] 	at io.grpc.netty.shaded.io.netty.util.concurrent.FastThreadLocalRunnable.run(FastThreadLocalRunnable.java:30)
2026/09/01 12:29:51.592798 [sandbox] 	at java.base/java.lang.Thread.run(Thread.java:1583)
2026/09/01 12:29:51.592888 [sandbox] Caused by: java.lang.ClassNotFoundException: com.google.common.collect.Lists
2026/09/01 12:29:51.592905 [sandbox] 	at java.base/jdk.internal.loader.BuiltinClassLoader.loadClass(BuiltinClassLoader.java:641)
2026/09/01 12:29:51.592919 [sandbox] 	at java.base/jdk.internal.loader.ClassLoaders$AppClassLoader.loadClass(ClassLoaders.java:188)
2026/09/01 12:29:51.592934 [sandbox] 	at java.base/java.lang.ClassLoader.loadClass(ClassLoader.java:526)
2026/09/01 12:29:51.592946 [sandbox] 	... 27 more
2026/09/01 12:29:51.593297 [sandbox] [grpc-default-worker-ELG-3-2] WARN io.grpc.netty.shaded.io.netty.channel.AbstractChannelHandlerContext - An exception 'java.lang.NoClassDefFoundError: io/grpc/netty/shaded/io/netty/handler/codec/http2/Http2ConnectionHandler$ClosingChannelFutureListener' [enable DEBUG level for full stacktrace] was thrown by a user handler's exceptionCaught() method while handling the following exception:
2026/09/01 12:29:51.593320 [sandbox] java.lang.NoClassDefFoundError: io/grpc/netty/shaded/io/netty/channel/AbstractChannel$AbstractUnsafe$7
2026/09/01 12:29:51.593360 [sandbox] 	at io.grpc.netty.shaded.io.netty.channel.AbstractChannel$AbstractUnsafe.deregister(AbstractChannel.java:804)
2026/09/01 12:29:51.593371 [sandbox] 	at io.grpc.netty.shaded.io.netty.channel.AbstractChannel$AbstractUnsafe.fireChannelInactiveAndDeregister(AbstractChannel.java:764)
2026/09/01 12:29:51.593386 [sandbox] 	at io.grpc.netty.shaded.io.netty.channel.AbstractChannel$AbstractUnsafe.close(AbstractChannel.java:747)
2026/09/01 12:29:51.593398 [sandbox] 	at io.grpc.netty.shaded.io.netty.channel.AbstractChannel$AbstractUnsafe.close(AbstractChannel.java:620)
2026/09/01 12:29:51.593414 [sandbox] 	at io.grpc.netty.shaded.io.netty.channel.epoll.AbstractEpollChannel$AbstractEpollUnsafe.shutdownInput(AbstractEpollChannel.java:522)
2026/09/01 12:29:51.593421 [sandbox] 	at io.grpc.netty.shaded.io.netty.channel.epoll.AbstractEpollStreamChannel$EpollStreamUnsafe.epollInReady(AbstractEpollStreamChannel.java:823)
2026/09/01 12:29:51.593438 [sandbox] 	at io.grpc.netty.shaded.io.netty.channel.epoll.EpollEventLoop.processReady(EpollEventLoop.java:509)
2026/09/01 12:29:51.593448 [sandbox] 	at io.grpc.netty.shaded.io.netty.channel.epoll.EpollEventLoop.run(EpollEventLoop.java:407)
2026/09/01 12:29:51.593463 [sandbox] 	at io.grpc.netty.shaded.io.netty.util.concurrent.SingleThreadEventExecutor$4.run(SingleThreadEventExecutor.java:997)
2026/09/01 12:29:51.593479 [sandbox] 	at io.grpc.netty.shaded.io.netty.util.internal.ThreadExecutorMap$2.run(ThreadExecutorMap.java:74)
2026/09/01 12:29:51.593487 [sandbox] 	at io.grpc.netty.shaded.io.netty.util.concurrent.FastThreadLocalRunnable.run(FastThreadLocalRunnable.java:30)
2026/09/01 12:29:51.593503 [sandbox] 	at java.base/java.lang.Thread.run(Thread.java:1583)
2026/09/01 12:29:51.593546 [sandbox] Caused by: java.lang.ClassNotFoundException: io.grpc.netty.shaded.io.netty.channel.AbstractChannel$AbstractUnsafe$7
2026/09/01 12:29:51.593561 [sandbox] 	at java.base/jdk.internal.loader.BuiltinClassLoader.loadClass(BuiltinClassLoader.java:641)
2026/09/01 12:29:51.593574 [sandbox] 	at java.base/jdk.internal.loader.ClassLoaders$AppClassLoader.loadClass(ClassLoaders.java:188)
2026/09/01 12:29:51.593585 [sandbox] 	at java.base/java.lang.ClassLoader.loadClass(ClassLoader.java:526)
2026/09/01 12:29:51.593594 [sandbox] 	... 12 more
2026/09/01 12:33:11.994706 sandbox: idle for 15m0s, reaping process
2026/09/01 12:40:21.545215 shutting down
2026/09/01 12:40:22.999990 === Tsunagu dev (unknown) starting, pid 278019 ===
2026/09/01 12:40:23.015917 sandbox: spawning /nix/store/1slz0vmmgsd7p6i4c0jaywkpw56wl2yg-openjdk-21.0.12+8/lib/openjdk/bin/java -cp /home/shozikan/Projects/Manga/Tsunagu/sandbox/build/libs/sandbox-0.1.0-all.jar tsunagu.MainKt (source: JAVA_HOME/PATH)
2026/09/01 12:40:23.301611 [sandbox] [main] INFO eu.kanade.tachiyomi.network.TlsSetup - TLS: Conscrypt provider installed (v2.5.2)
2026/09/01 12:40:23.775937 [sandbox] tsunagu sandbox listening on :50051
2026/09/01 12:40:24.640652 sandbox: ready at localhost:50051
2026/09/01 12:40:27.556772 tsunagu dev listening on [::]:6007
2026/09/01 12:40:27.556963 metadata backfill: 1 unmatched media, working through them (~1m)
2026/09/01 12:40:28.103955 tracker poll: reconciled 2 media
2026/09/01 12:40:28.636930 metadata backfill: done -- matched 0/1
2026/09/01 12:40:37.137549 POST /api/graphql 200 1.85003099s
2026/09/01 14:28:07.056255 === Tsunagu dev (unknown) starting, pid 214951 ===
2026/09/01 14:28:07.096458 sandbox: spawning /nix/store/1slz0vmmgsd7p6i4c0jaywkpw56wl2yg-openjdk-21.0.12+8/lib/openjdk/bin/java -cp /home/shozikan/Projects/Manga/Tsunagu/sandbox/build/libs/sandbox-0.1.0-all.jar tsunagu.MainKt (source: JAVA_HOME/PATH)
2026/09/01 14:28:07.363886 [sandbox] [main] INFO eu.kanade.tachiyomi.network.TlsSetup - TLS: Conscrypt provider installed (v2.5.2)
2026/09/01 14:28:07.889691 [sandbox] tsunagu sandbox listening on :50051
2026/09/01 14:28:08.786904 sandbox: ready at localhost:50051
2026/09/01 14:28:11.716115 tsunagu dev listening on [::]:6007
2026/09/01 14:28:11.716245 metadata backfill: 1 unmatched media, working through them (~1m)
2026/09/01 14:28:11.720410 content filter: recomputed 6 media
2026/09/01 14:28:12.163229 tracker poll: reconciled 2 media
2026/09/01 14:28:12.835621 metadata backfill: done -- matched 0/1
2026/09/01 14:28:41.790877 content filter: recomputed 6 media
2026/09/01 14:28:43.820635 content filter: recomputed 6 media
2026/09/01 14:28:55.163970 content filter: recomputed 6 media
2026/09/01 14:28:57.190998 content filter: recomputed 6 media
2026/09/01 14:28:59.227394 content filter: recomputed 6 media
2026/09/01 14:31:31.248773 POST /api/graphql 200 1.151018951s
2026/09/01 14:31:32.083873 POST /api/graphql 200 1.99307587s
2026/09/01 14:31:35.282944 [sandbox] [grpc-default-executor-3] WARN tsunagu.grpc.ExtensionServiceImpl - extension call failed: SocketException: Network is unreachable
2026/09/01 14:31:35.286144 POST /api/graphql 200 551.382248ms
2026/09/01 14:31:35.350124 POST /api/graphql 200 615.420287ms
2026/09/01 14:31:35.389098 [sandbox] [grpc-default-executor-5] WARN tsunagu.grpc.ExtensionServiceImpl - extension call failed: SocketException: Network is unreachable
2026/09/01 14:31:35.390198 POST /api/graphql 200 655.3855ms
2026/09/01 14:31:35.529641 GET /proxy/cover/886 502 148.371102ms
2026/09/01 14:31:35.530535 GET /proxy/cover/887 502 139.358939ms
2026/09/01 14:31:35.531504 GET /proxy/cover/885 502 152.130256ms
2026/09/01 14:31:35.565858 GET /proxy/cover/888 502 34.218745ms
2026/09/01 14:31:35.567221 GET /proxy/cover/890 502 35.236563ms
2026/09/01 14:31:35.600629 GET /proxy/cover/889 502 33.916224ms
2026/09/01 14:31:35.603643 GET /proxy/cover/891 502 36.013536ms
2026/09/01 14:31:35.636613 GET /proxy/cover/892 502 35.088213ms
2026/09/01 14:31:35.637148 GET /proxy/cover/893 502 33.050884ms
2026/09/01 14:31:35.665343 GET /proxy/cover/894 502 36.680153ms
2026/09/01 14:31:35.673164 GET /proxy/cover/895 502 35.026336ms
2026/09/01 14:31:35.691394 [sandbox] [grpc-default-executor-3] WARN tsunagu.grpc.ExtensionServiceImpl - extension call failed: SocketException: Network is unreachable
2026/09/01 14:31:35.707402 GET /proxy/cover/896 502 41.169693ms
2026/09/01 14:31:35.711497 GET /proxy/cover/897 502 37.868222ms
2026/09/01 14:31:35.727357 GET /proxy/cover/899 502 34.119227ms
2026/09/01 14:31:35.741748 [sandbox] [grpc-default-executor-5] WARN tsunagu.grpc.ExtensionServiceImpl - extension call failed: SocketException: Network is unreachable
2026/09/01 14:31:35.742212 GET /proxy/cover/898 502 34.056499ms
2026/09/01 14:31:35.744324 GET /proxy/cover/902 502 32.330426ms
2026/09/01 14:31:35.786629 GET /proxy/cover/903 502 43.575276ms
2026/09/01 14:31:35.789587 GET /proxy/cover/900 502 46.39489ms
2026/09/01 14:31:35.790882 GET /proxy/cover/905 502 46.198199ms
2026/09/01 14:31:35.795167 [sandbox] [grpc-default-executor-5] INFO tsunagu.grpc.ExtensionServiceImpl - extension eu.kanade.tachiyomi.extension.en.batcave has no popular listing, returning empty page
2026/09/01 14:31:35.827465 GET /proxy/cover/904 502 36.821099ms
2026/09/01 14:31:35.829155 GET /proxy/cover/906 502 37.764837ms
2026/09/01 14:31:35.833361 GET /proxy/cover/939 502 35.248776ms
2026/09/01 14:31:35.863605 GET /proxy/cover/908 502 33.763848ms
2026/09/01 14:31:35.870919 GET /proxy/cover/901 502 36.575105ms
2026/09/01 14:31:35.897983 GET /proxy/cover/907 502 33.427513ms
2026/09/01 14:31:35.905788 GET /proxy/cover/940 502 34.045157ms
2026/09/01 14:31:35.932452 GET /proxy/cover/941 502 33.673878ms
2026/09/01 14:31:35.941132 GET /proxy/cover/942 502 34.586327ms
2026/09/01 14:31:35.965703 GET /proxy/cover/945 502 32.529761ms
2026/09/01 14:31:35.978740 GET /proxy/cover/944 502 36.834824ms
2026/09/01 14:31:36.000287 GET /proxy/cover/943 502 33.922016ms
2026/09/01 14:31:36.012737 GET /proxy/cover/946 502 33.199543ms
2026/09/01 14:31:36.034036 GET /proxy/cover/949 502 33.136595ms
2026/09/01 14:31:36.046963 GET /proxy/cover/948 502 33.268203ms
2026/09/01 14:31:36.049441 [sandbox] [grpc-default-executor-3] WARN tsunagu.grpc.ExtensionServiceImpl - extension call failed: SocketException: Network is unreachable
2026/09/01 14:31:36.066929 GET /proxy/cover/947 502 32.094712ms
2026/09/01 14:31:36.080948 GET /proxy/cover/950 502 33.253906ms
2026/09/01 14:31:36.084536 GET /proxy/cover/951 502 33.812729ms
2026/09/01 14:31:36.116352 GET /proxy/cover/953 502 34.587549ms
2026/09/01 14:31:36.118334 GET /proxy/cover/955 502 33.271449ms
2026/09/01 14:31:36.151435 GET /proxy/cover/956 502 32.644077ms
2026/09/01 14:31:36.152108 GET /proxy/cover/954 502 35.075249ms
2026/09/01 14:31:36.176981 POST /api/graphql 200 539.270213ms
2026/09/01 14:31:36.185267 GET /proxy/cover/957 502 33.14942ms
2026/09/01 14:31:36.186241 GET /proxy/cover/959 502 33.838088ms
2026/09/01 14:31:36.211047 GET /proxy/cover/958 502 33.453983ms
2026/09/01 14:31:36.220185 [sandbox] [grpc-default-executor-4] INFO tsunagu.grpc.ExtensionServiceImpl - extension eu.kanade.tachiyomi.extension.all.mangafire has no popular listing, returning empty page
2026/09/01 14:31:36.220340 GET /proxy/cover/961 502 34.544177ms
2026/09/01 14:31:36.221128 GET /proxy/cover/960 502 34.449329ms
2026/09/01 14:31:36.259700 GET /proxy/cover/962 502 38.865932ms
2026/09/01 14:31:36.259968 GET /proxy/cover/952 502 38.172706ms
2026/09/01 14:31:36.261300 GET /proxy/cover/885 502 39.36389ms
2026/09/01 14:31:36.294976 GET /proxy/cover/886 502 33.652888ms
2026/09/01 14:31:36.298685 GET /proxy/cover/887 502 36.888245ms
2026/09/01 14:31:36.309206 [sandbox] [grpc-default-executor-3] WARN tsunagu.grpc.ExtensionServiceImpl - extension call failed: SocketException: Connection reset @ d.intercept:-1; CloudflareInterceptor.intercept:36; UserAgentInterceptor.intercept:21; UncaughtExceptionInterceptor.intercept:10
2026/09/01 14:31:36.328958 GET /proxy/cover/888 502 33.103072ms
2026/09/01 14:31:36.333441 GET /proxy/cover/890 502 34.097777ms
2026/09/01 14:31:36.336180 [sandbox] [grpc-default-executor-5] INFO tsunagu.grpc.ExtensionServiceImpl - extension eu.kanade.tachiyomi.extension.en.weebcentral has no popular listing, returning empty page
2026/09/01 14:31:36.344390 GET /proxy/cover/889 502 33.623553ms
2026/09/01 14:31:36.354085 POST /api/graphql 200 525.02049ms
2026/09/01 14:31:36.367627 GET /proxy/cover/891 502 33.129161ms
2026/09/01 14:31:36.371620 GET /proxy/cover/966 502 33.387989ms
2026/09/01 14:31:36.377918 GET /proxy/cover/963 502 32.80969ms
2026/09/01 14:31:36.395278 GET /proxy/cover/965 502 40.305595ms
2026/09/01 14:31:36.403024 GET /proxy/cover/964 502 34.575056ms
2026/09/01 14:31:36.406865 GET /proxy/cover/967 502 34.521986ms
2026/09/01 14:31:36.429364 GET /proxy/cover/968 502 33.095659ms
2026/09/01 14:31:36.437233 GET /proxy/cover/892 502 33.52155ms
2026/09/01 14:31:36.441366 GET /proxy/cover/893 502 33.963163ms
2026/09/01 14:31:36.467792 GET /proxy/cover/894 502 37.381565ms
2026/09/01 14:31:36.474860 GET /proxy/cover/895 502 36.65731ms
2026/09/01 14:31:36.477466 GET /proxy/cover/896 502 35.347301ms
2026/09/01 14:31:36.505313 GET /proxy/cover/897 502 36.228972ms
2026/09/01 14:31:36.510570 GET /proxy/cover/899 502 35.079617ms
2026/09/01 14:31:36.511828 GET /proxy/cover/898 502 33.817058ms
2026/09/01 14:31:36.542298 GET /proxy/cover/902 502 35.717468ms
2026/09/01 14:31:36.546332 GET /proxy/cover/900 502 33.935881ms
2026/09/01 14:31:36.546711 GET /proxy/cover/903 502 35.318087ms
2026/09/01 14:31:36.577220 GET /proxy/cover/905 502 34.043514ms
2026/09/01 14:31:36.580589 GET /proxy/cover/904 502 33.735965ms
2026/09/01 14:31:36.581730 GET /proxy/cover/906 502 34.552113ms
2026/09/01 14:31:36.613580 GET /proxy/cover/939 502 33.665001ms
2026/09/01 14:31:36.616988 GET /proxy/cover/907 502 34.770645ms
2026/09/01 14:31:36.617154 GET /proxy/cover/908 502 35.994351ms
2026/09/01 14:31:36.652195 GET /proxy/cover/940 502 33.448964ms
2026/09/01 14:31:36.654056 GET /proxy/cover/941 502 34.835227ms
2026/09/01 14:31:36.670212 GET /proxy/cover/942 502 36.012585ms
2026/09/01 14:31:36.690419 GET /proxy/cover/945 502 39.743166ms
2026/09/01 14:31:36.692097 GET /proxy/cover/944 502 39.234086ms
2026/09/01 14:31:36.695682 GET /proxy/cover/943 502 40.736367ms
2026/09/01 14:31:36.714900 GET /proxy/cover/946 502 44.006179ms
2026/09/01 14:31:36.729832 GET /proxy/cover/949 502 38.402829ms
2026/09/01 14:31:36.731880 GET /proxy/cover/948 502 35.7552ms
2026/09/01 14:31:36.739985 GET /proxy/cover/901 502 47.375338ms
2026/09/01 14:31:36.753492 GET /proxy/cover/947 502 36.546001ms
2026/09/01 14:31:36.770782 GET /proxy/cover/950 502 40.074339ms
2026/09/01 14:31:36.771215 GET /proxy/cover/951 502 38.82261ms
2026/09/01 14:31:36.777103 GET /proxy/cover/953 502 36.404533ms
2026/09/01 14:31:36.798914 GET /proxy/cover/955 502 44.599637ms
2026/09/01 14:31:36.807698 GET /proxy/cover/954 502 36.298353ms
2026/09/01 14:31:36.812566 GET /proxy/cover/885 502 34.926579ms
2026/09/01 14:31:36.813610 GET /proxy/cover/956 502 41.856648ms
2026/09/01 14:31:36.842325 GET /proxy/cover/886 502 42.390744ms
2026/09/01 14:31:36.856893 GET /proxy/cover/887 502 43.428109ms
2026/09/01 14:31:36.860350 GET /proxy/cover/888 502 46.207578ms
2026/09/01 14:31:36.879339 GET /proxy/cover/890 502 35.749359ms
2026/09/01 14:31:36.894116 GET /proxy/cover/889 502 35.920542ms
2026/09/01 14:31:36.895766 GET /proxy/cover/957 502 34.818825ms
2026/09/01 14:31:36.914775 GET /proxy/cover/959 502 34.538938ms
2026/09/01 14:31:36.929207 GET /proxy/cover/958 502 34.186253ms
2026/09/01 14:31:36.930710 GET /proxy/cover/961 502 34.21099ms
2026/09/01 14:31:36.950121 GET /proxy/cover/960 502 34.070134ms
2026/09/01 14:31:36.966708 GET /proxy/cover/962 502 36.216489ms
2026/09/01 14:31:36.969064 GET /proxy/cover/952 502 37.753185ms
2026/09/01 14:31:36.990394 GET /proxy/cover/891 502 39.423253ms
2026/09/01 14:31:37.002345 GET /proxy/cover/892 502 34.535382ms
2026/09/01 14:31:37.005156 GET /proxy/cover/893 502 35.671261ms
2026/09/01 14:31:37.019417 GET /proxy/cover/894 502 36.500695ms
2026/09/01 14:31:37.025693 GET /proxy/cover/895 502 34.064103ms
2026/09/01 14:31:37.036946 GET /proxy/cover/896 502 33.35675ms
2026/09/01 14:31:37.038866 GET /proxy/cover/897 502 33.016108ms
2026/09/01 14:31:37.056250 GET /proxy/cover/899 502 35.965396ms
2026/09/01 14:31:37.060195 GET /proxy/cover/898 502 33.748909ms
2026/09/01 14:31:37.071554 GET /proxy/cover/902 502 34.032844ms
2026/09/01 14:31:37.073983 GET /proxy/cover/903 502 34.133874ms
2026/09/01 14:31:37.085006 GET /proxy/cover/900 502 33.530718ms
2026/09/01 14:31:37.089738 GET /proxy/cover/905 502 32.619941ms
2026/09/01 14:31:37.093270 GET /proxy/cover/904 502 32.56089ms
2026/09/01 14:31:37.104553 GET /proxy/cover/906 502 32.185262ms
2026/09/01 14:31:37.106411 GET /proxy/cover/966 502 31.879366ms
2026/09/01 14:31:37.120345 GET /proxy/cover/963 502 34.583912ms
2026/09/01 14:31:37.125565 GET /proxy/cover/964 502 31.731978ms
2026/09/01 14:31:37.126717 GET /proxy/cover/965 502 36.172606ms
2026/09/01 14:31:37.139308 GET /proxy/cover/967 502 33.891919ms
2026/09/01 14:31:37.140817 GET /proxy/cover/968 502 33.79178ms
2026/09/01 14:31:37.159000 GET /proxy/cover/939 502 32.333101ms
2026/09/01 14:31:37.163881 GET /proxy/cover/908 502 36.469896ms
2026/09/01 14:31:37.172397 GET /proxy/cover/907 502 32.210329ms
2026/09/01 14:31:37.174797 GET /proxy/cover/885 502 33.528274ms
2026/09/01 14:31:37.194524 GET /proxy/cover/886 502 34.862698ms
2026/09/01 14:31:37.196585 GET /proxy/cover/887 502 32.099651ms
2026/09/01 14:31:37.206348 GET /proxy/cover/888 502 33.402787ms
2026/09/01 14:31:37.207643 GET /proxy/cover/890 502 32.36428ms
2026/09/01 14:31:37.227903 GET /proxy/cover/889 502 32.198187ms
2026/09/01 14:31:37.228648 GET /proxy/cover/940 502 31.375657ms
2026/09/01 14:31:37.240666 GET /proxy/cover/941 502 33.537731ms
2026/09/01 14:31:37.242211 GET /proxy/cover/942 502 33.683195ms
2026/09/01 14:31:37.261008 GET /proxy/cover/945 502 32.489646ms
2026/09/01 14:31:37.263385 GET /proxy/cover/944 502 34.389216ms
2026/09/01 14:31:37.275154 GET /proxy/cover/943 502 34.039336ms
2026/09/01 14:31:37.277728 GET /proxy/cover/946 502 35.183623ms
2026/09/01 14:31:37.294976 GET /proxy/cover/949 502 33.415892ms
2026/09/01 14:31:37.295928 GET /proxy/cover/948 502 31.946933ms
2026/09/01 14:31:37.309810 GET /proxy/cover/947 502 34.275682ms
2026/09/01 14:31:37.313315 GET /proxy/cover/950 502 35.119332ms
2026/09/01 14:31:37.328655 GET /proxy/cover/951 502 33.164067ms
2026/09/01 14:31:37.330321 GET /proxy/cover/901 502 34.029719ms
2026/09/01 14:31:37.343970 GET /proxy/cover/953 502 33.198742ms
2026/09/01 14:31:37.346948 GET /proxy/cover/955 502 32.459068ms
2026/09/01 14:31:37.362609 GET /proxy/cover/954 502 32.801233ms
2026/09/01 14:31:37.363528 GET /proxy/cover/956 502 32.653234ms
2026/09/01 14:31:37.385218 GET /proxy/cover/959 502 37.392025ms
2026/09/01 14:31:37.385315 GET /proxy/cover/957 502 40.241455ms
2026/09/01 14:31:37.397498 GET /proxy/cover/958 502 33.873043ms
2026/09/01 14:31:37.398871 GET /proxy/cover/961 502 34.876604ms
2026/09/01 14:31:37.399403 GET /proxy/cover/891 502 32.206162ms
2026/09/01 14:31:37.423352 GET /proxy/cover/892 502 36.822942ms
2026/09/01 14:31:37.430082 GET /proxy/cover/893 502 43.391611ms
2026/09/01 14:31:37.434966 GET /proxy/cover/960 502 36.284287ms
2026/09/01 14:31:37.435009 GET /proxy/cover/952 502 35.133498ms
2026/09/01 14:31:37.434987 GET /proxy/cover/962 502 35.5535ms
2026/09/01 14:31:37.537443 GET /proxy/cover/887 502 32.912363ms
2026/09/01 14:31:37.537451 GET /proxy/cover/885 502 33.073316ms
2026/09/01 14:31:37.538950 GET /proxy/cover/886 502 34.411487ms
2026/09/01 14:31:37.539947 GET /proxy/cover/890 502 35.385724ms
2026/09/01 14:31:37.540091 GET /proxy/cover/888 502 35.532571ms
2026/09/01 14:31:37.569959 GET /proxy/cover/889 502 31.586774ms
2026/09/01 14:31:37.570633 GET /proxy/cover/894 502 32.136401ms
2026/09/01 14:31:37.572173 GET /proxy/cover/895 502 32.829406ms
2026/09/01 14:31:37.572176 GET /proxy/cover/896 502 31.747627ms
2026/09/01 14:31:37.572524 GET /proxy/cover/897 502 31.965739ms
2026/09/01 14:31:37.603246 GET /proxy/cover/899 502 32.761969ms
2026/09/01 14:31:37.603552 GET /proxy/cover/898 502 32.474407ms
2026/09/01 14:31:37.605031 GET /proxy/cover/902 502 32.372886ms
2026/09/01 14:31:37.606252 GET /proxy/cover/903 502 33.414309ms
2026/09/01 14:31:37.607183 GET /proxy/cover/900 502 34.201202ms
2026/09/01 14:31:37.636496 GET /proxy/cover/905 502 32.089993ms
2026/09/01 14:31:37.636834 GET /proxy/cover/904 502 32.256206ms
2026/09/01 14:31:37.638002 GET /proxy/cover/906 502 32.513681ms
2026/09/01 14:31:37.639816 GET /proxy/cover/939 502 32.807585ms
2026/09/01 14:31:37.640023 GET /proxy/cover/908 502 32.308535ms
2026/09/01 14:31:37.670738 GET /proxy/cover/907 502 32.993565ms
2026/09/01 14:31:37.670859 GET /proxy/cover/940 502 32.853532ms
2026/09/01 14:31:37.671873 GET /proxy/cover/941 502 33.316845ms
2026/09/01 14:31:37.672699 GET /proxy/cover/942 502 32.384398ms
2026/09/01 14:31:37.672858 GET /proxy/cover/945 502 32.295039ms
2026/09/01 14:31:37.705022 GET /proxy/cover/943 502 32.988036ms
2026/09/01 14:31:37.707010 GET /proxy/cover/944 502 35.100566ms
2026/09/01 14:31:37.707013 GET /proxy/cover/946 502 34.666648ms
2026/09/01 14:31:37.707606 GET /proxy/cover/949 502 34.340994ms
2026/09/01 14:31:37.708540 GET /proxy/cover/948 502 35.082312ms
2026/09/01 14:31:37.739894 GET /proxy/cover/950 502 32.106524ms
2026/09/01 14:31:37.740206 GET /proxy/cover/947 502 34.046791ms
2026/09/01 14:31:37.740392 GET /proxy/cover/951 502 32.352498ms
2026/09/01 14:31:37.741711 GET /proxy/cover/953 502 33.514878ms
2026/09/01 14:31:37.742288 GET /proxy/cover/955 502 33.295675ms
2026/09/01 14:31:37.774227 GET /proxy/cover/963 502 33.247354ms
2026/09/01 14:31:37.774303 GET /proxy/cover/965 502 33.258134ms
2026/09/01 14:31:37.775152 GET /proxy/cover/964 502 32.920247ms
2026/09/01 14:31:37.775625 GET /proxy/cover/966 502 34.838573ms
2026/09/01 14:31:37.775710 GET /proxy/cover/967 502 33.086982ms
2026/09/01 14:31:37.807388 GET /proxy/cover/968 502 32.471973ms
2026/09/01 14:31:37.809289 GET /proxy/cover/901 502 34.213084ms
2026/09/01 14:31:39.546917 GET /proxy/cover/969 502 32.492972ms
2026/09/01 14:31:39.547810 GET /proxy/cover/974 502 32.554147ms
2026/09/01 14:31:39.548552 GET /proxy/cover/971 502 34.07315ms
2026/09/01 14:31:39.548787 GET /proxy/cover/972 502 33.295795ms
2026/09/01 14:31:39.550317 GET /proxy/cover/970 502 35.775017ms
2026/09/01 14:31:39.580609 GET /proxy/cover/976 502 32.870374ms
2026/09/01 14:31:39.582788 GET /proxy/cover/977 502 33.566526ms
2026/09/01 14:31:39.582862 GET /proxy/cover/975 502 34.737612ms
2026/09/01 14:31:39.583914 GET /proxy/cover/973 502 34.805009ms
2026/09/01 14:31:39.669540 GET /proxy/cover/979 502 37.071981ms
2026/09/01 14:31:39.670344 GET /proxy/cover/978 502 37.413636ms
2026/09/01 14:31:39.671009 GET /proxy/cover/983 502 38.102994ms
2026/09/01 14:31:39.673248 GET /proxy/cover/981 502 40.247656ms
2026/09/01 14:31:39.674187 GET /proxy/cover/980 502 41.219477ms
2026/09/01 14:31:39.704535 GET /proxy/cover/982 502 34.000864ms
2026/09/01 14:31:39.704608 GET /proxy/cover/984 502 33.862243ms
2026/09/01 14:31:39.707516 GET /proxy/cover/1350 502 36.010932ms
2026/09/01 14:31:39.708705 GET /proxy/cover/985 502 34.803867ms
2026/09/01 14:31:42.598389 [sandbox] [grpc-default-executor-2] ERROR tsunagu.grpc.ExtensionServiceImpl - extension call failed: HttpException: HTTP error 523 <- OnNextValue: OnError while emitting onNext value: okhttp3.Response.class @ OkHttpExtensionsKt$asObservable$1$requestArbiter$1.request:41; OkHttpExtensionsKt.asObservable$lambda$0:59; RxCompatKt.awaitSingle:13; ExtensionServiceImpl$getPopularManga$page$2.invokeSuspend:196
2026/09/01 14:31:42.599285 POST /api/graphql 200 7.864670795s
2026/09/01 14:31:48.579967 GET /proxy/cover/886 502 34.10468ms
2026/09/01 14:31:48.957300 sync: caching cover for entry 1352 failed: rpc error: code = Internal desc = java.lang.IllegalStateException: extension eu.kanade.tachiyomi.animeextension.en.aniwaves is not an HttpSource
2026/09/01 14:31:50.122408 POST /api/graphql 200 1.681985927s
2026/09/01 14:33:30.588919 POST /api/graphql 200 2.144957256s
2026/09/01 14:33:36.431146 [sandbox] [grpc-default-executor-6] WARN tsunagu.grpc.ExtensionServiceImpl - extension call failed: SocketException: Network is unreachable
2026/09/01 14:33:36.431352 [sandbox] [grpc-default-executor-8] WARN tsunagu.grpc.ExtensionServiceImpl - extension call failed: SocketException: Network is unreachable
2026/09/01 14:33:36.509944 [sandbox] [grpc-default-executor-11] WARN tsunagu.grpc.ExtensionServiceImpl - extension call failed: SocketException: Network is unreachable
2026/09/01 14:33:36.536359 [sandbox] [grpc-default-executor-9] WARN tsunagu.grpc.ExtensionServiceImpl - extension call failed: SocketException: Network is unreachable
2026/09/01 14:33:36.575101 [sandbox] E/BatCave: Failed to fetch filter data
java.io.IOException: Connection reset
	at keiyoushi.a.b.a(Unknown Source)
	at keiyoushi.a.b.a(Unknown Source)
	at eu.kanade.tachiyomi.a.a.a.a.a(Unknown Source)
	at eu.kanade.tachiyomi.a.a.a.a.a(Unknown Source)
	at keiyoushi.source.f.invokeSuspend(Unknown Source)
	at kotlin.coroutines.jvm.internal.BaseContinuationImpl.resumeWith(ContinuationImpl.kt:34)
	at kotlinx.coroutines.DispatchedTask.run(DispatchedTask.kt:100)
	at kotlinx.coroutines.internal.LimitedDispatcher$Worker.run(LimitedDispatcher.kt:124)
	at kotlinx.coroutines.scheduling.TaskImpl.run(Tasks.kt:89)
	at kotlinx.coroutines.scheduling.CoroutineScheduler.runSafely(CoroutineScheduler.kt:586)
	at kotlinx.coroutines.scheduling.CoroutineScheduler$Worker.executeTask(CoroutineScheduler.kt:798)
	at kotlinx.coroutines.scheduling.CoroutineScheduler$Worker.runWorker(CoroutineScheduler.kt:717)
	at kotlinx.coroutines.scheduling.CoroutineScheduler$Worker.run(CoroutineScheduler.kt:704)
Caused by: java.net.SocketException: Connection reset
	at java.base/sun.nio.ch.NioSocketImpl.implRead(NioSocketImpl.java:318)
	at java.base/sun.nio.ch.NioSocketImpl.read(NioSocketImpl.java:346)
	at java.base/sun.nio.ch.NioSocketImpl$1.read(NioSocketImpl.java:796)
	at java.base/java.net.Socket$SocketInputStream.read(Socket.java:1099)
	at org.conscrypt.ConscryptEngineSocket$SSLInputStream.readFromSocket(ConscryptEngineSocket.java:920)
	at org.conscrypt.ConscryptEngineSocket$SSLInputStream.processDataFromSocket(ConscryptEngineSocket.java:884)
	at org.conscrypt.ConscryptEngineSocket$SSLInputStream.access$100(ConscryptEngineSocket.java:706)
	at org.conscrypt.ConscryptEngineSocket.doHandshake(ConscryptEngineSocket.java:230)
	at org.conscrypt.ConscryptEngineSocket.startHandshake(ConscryptEngineSocket.java:209)
	at okhttp3.internal.connection.ConnectPlan.connectTls(ConnectPlan.kt:364)
	at okhttp3.internal.connection.ConnectPlan.connectTlsEtc(ConnectPlan.kt:213)
	at okhttp3.internal.connection.FastFallbackExchangeFinder.find(FastFallbackExchangeFinder.kt:80)
	at okhttp3.internal.connection.RealCall.initExchange$okhttp(RealCall.kt:306)
	at okhttp3.internal.connection.ConnectInterceptor.intercept(ConnectInterceptor.kt:32)
	at okhttp3.internal.http.RealInterceptorChain.proceed(RealInterceptorChain.kt:332)
	at okhttp3.internal.cache.CacheInterceptor.intercept(CacheInterceptor.kt:98)
	at okhttp3.internal.http.RealInterceptorChain.proceed(RealInterceptorChain.kt:332)
	at okhttp3.internal.http.BridgeInterceptor.intercept(BridgeInterceptor.kt:83)
	at okhttp3.internal.http.RealInterceptorChain.proceed(RealInterceptorChain.kt:332)
	at okhttp3.internal.http.RetryAndFollowUpInterceptor.intercept(RetryAndFollowUpInterceptor.kt:72)
	at okhttp3.internal.http.RealInterceptorChain.proceed(RealInterceptorChain.kt:332)
	at okhttp3.CompressionInterceptor.intercept(CompressionInterceptor.kt:52)
	at okhttp3.internal.http.RealInterceptorChain.proceed(RealInterceptorChain.kt:332)
	at eu.kanade.tachiyomi.network.interceptor.CloudflareInterceptor.intercept(CloudflareInterceptor.kt:36)
	at okhttp3.internal.http.RealInterceptorChain.proceed(RealInterceptorChain.kt:332)
	at eu.kanade.tachiyomi.a.a.a.x.a(Unknown Source)
	at okhttp3.internal.http.RealInterceptorChain.proceed(RealInterceptorChain.kt:332)
	at eu.kanade.tachiyomi.network.interceptor.UserAgentInterceptor.intercept(UserAgentInterceptor.kt:21)
	at okhttp3.internal.http.RealInterceptorChain.proceed(RealInterceptorChain.kt:332)
	at eu.kanade.tachiyomi.network.interceptor.UncaughtExceptionInterceptor.intercept(UncaughtExceptionInterceptor.kt:10)
	at okhttp3.internal.http.RealInterceptorChain.proceed(RealInterceptorChain.kt:332)
	at okhttp3.internal.connection.RealCall.getResponseWithInterceptorChain$okhttp(RealCall.kt:234)
	at okhttp3.internal.connection.RealCall$AsyncCall.run(RealCall.kt:582)
	at java.base/java.util.concurrent.ThreadPoolExecutor.runWorker(ThreadPoolExecutor.java:1144)
	at java.base/java.util.concurrent.ThreadPoolExecutor$Worker.run(ThreadPoolExecutor.java:642)
	at java.base/java.lang.Thread.run(Thread.java:1583)
	Suppressed: java.net.SocketException: Connection reset
		... 36 more
	Suppressed: java.net.SocketException: Connection reset
		... 36 more

2026/09/01 14:33:36.637371 [sandbox] [grpc-default-executor-8] WARN tsunagu.grpc.ExtensionServiceImpl - extension call failed: IOException: Connection reset <- SocketException: Connection reset @ CloudflareInterceptor.intercept:36; x.a:-1; UserAgentInterceptor.intercept:21; UncaughtExceptionInterceptor.intercept:10
2026/09/01 14:33:36.930401 POST /api/graphql 200 668.357185ms
2026/09/01 14:33:37.205978 GET /proxy/cover/1158 502 67.676826ms
2026/09/01 14:33:37.206474 GET /proxy/cover/1364 502 112.209086ms
2026/09/01 14:33:37.208197 GET /proxy/cover/1365 502 110.795311ms
2026/09/01 14:33:37.208541 GET /proxy/cover/1363 502 139.547404ms
2026/09/01 14:33:37.213763 GET /proxy/cover/1157 502 31.988492ms
2026/09/01 14:33:37.239585 GET /proxy/cover/1156 502 30.500828ms
2026/09/01 14:33:37.239684 GET /proxy/cover/1366 502 30.408043ms
2026/09/01 14:33:37.240697 GET /proxy/cover/1367 502 31.260049ms
2026/09/01 14:33:37.246170 GET /proxy/cover/1162 502 31.173185ms
2026/09/01 14:33:37.260743 GET /proxy/cover/1161 502 32.033417ms
2026/09/01 14:33:42.557435 GET /proxy/cover/1158 502 31.327276ms
2026/09/01 14:33:43.003463 sync: caching cover for entry 1368 failed: rpc error: code = Internal desc = java.lang.IllegalStateException: extension eu.kanade.tachiyomi.animeextension.en.aniwaves is not an HttpSource
2026/09/01 14:33:43.896434 POST /api/graphql 200 1.394318393s
2026/09/01 14:33:51.263717 POST /api/graphql 200 15.001748446s
2026/09/01 14:33:51.340810 GET /proxy/cover/1363 502 43.605795ms
2026/09/01 14:33:51.342558 GET /proxy/cover/1364 502 45.334411ms
2026/09/01 14:33:51.342654 GET /proxy/cover/1156 502 44.788523ms
2026/09/01 14:33:51.342772 GET /proxy/cover/1157 502 45.41834ms
2026/09/01 14:33:51.342944 GET /proxy/cover/1158 502 45.56166ms
2026/09/01 14:33:51.342947 GET /proxy/cover/1365 502 45.676506ms
2026/09/01 14:33:51.371769 GET /proxy/cover/1366 502 30.224637ms
2026/09/01 14:33:51.398604 GET /proxy/cover/1367 502 55.433183ms
2026/09/01 14:33:51.398726 GET /proxy/cover/1162 502 55.341419ms
2026/09/01 14:33:51.399795 GET /proxy/cover/1161 502 56.248309ms
2026/09/01 14:33:56.029098 [sandbox] [grpc-default-executor-7] ERROR tsunagu.grpc.ExtensionServiceImpl - extension call failed: HttpException: HTTP error 522 <- OnNextValue: OnError while emitting onNext value: okhttp3.Response.class @ OkHttpExtensionsKt$asObservable$1$requestArbiter$1.request:41; OkHttpExtensionsKt.asObservable$lambda$0:59; RxCompatKt.awaitSingle:13; AnimeCatalogueSource.getSearchAnime$suspendImpl:26
2026/09/01 14:34:04.691027 POST /api/graphql 200 2.245848273s
2026/09/01 14:34:09.075433 [sandbox] [grpc-default-executor-8] WARN tsunagu.grpc.ExtensionServiceImpl - extension call failed: SocketException: Network is unreachable
2026/09/01 14:34:09.097266 [sandbox] [grpc-default-executor-7] WARN tsunagu.grpc.ExtensionServiceImpl - extension call failed: IOException: Connection reset <- SocketException: Connection reset @ CloudflareInterceptor.intercept:36; x.a:-1; UserAgentInterceptor.intercept:21; UncaughtExceptionInterceptor.intercept:10
2026/09/01 14:34:09.101992 [sandbox] [grpc-default-executor-11] WARN tsunagu.grpc.ExtensionServiceImpl - extension call failed: SocketException: Network is unreachable
2026/09/01 14:34:09.102077 [sandbox] [grpc-default-executor-9] WARN tsunagu.grpc.ExtensionServiceImpl - extension call failed: SocketException: Network is unreachable
2026/09/01 14:34:09.111453 [sandbox] E/BatCave: Failed to fetch filter data
java.io.IOException: Connection reset
	at keiyoushi.a.b.a(Unknown Source)
	at keiyoushi.a.b.a(Unknown Source)
	at eu.kanade.tachiyomi.a.a.a.a.a(Unknown Source)
	at eu.kanade.tachiyomi.a.a.a.a.a(Unknown Source)
	at keiyoushi.source.f.invokeSuspend(Unknown Source)
	at kotlin.coroutines.jvm.internal.BaseContinuationImpl.resumeWith(ContinuationImpl.kt:34)
	at kotlinx.coroutines.DispatchedTask.run(DispatchedTask.kt:100)
	at kotlinx.coroutines.internal.LimitedDispatcher$Worker.run(LimitedDispatcher.kt:124)
	at kotlinx.coroutines.scheduling.TaskImpl.run(Tasks.kt:89)
	at kotlinx.coroutines.scheduling.CoroutineScheduler.runSafely(CoroutineScheduler.kt:586)
	at kotlinx.coroutines.scheduling.CoroutineScheduler$Worker.executeTask(CoroutineScheduler.kt:798)
	at kotlinx.coroutines.scheduling.CoroutineScheduler$Worker.runWorker(CoroutineScheduler.kt:717)
	at kotlinx.coroutines.scheduling.CoroutineScheduler$Worker.run(CoroutineScheduler.kt:704)
Caused by: java.net.SocketException: Connection reset
	at java.base/sun.nio.ch.NioSocketImpl.implRead(NioSocketImpl.java:318)
	at java.base/sun.nio.ch.NioSocketImpl.read(NioSocketImpl.java:346)
	at java.base/sun.nio.ch.NioSocketImpl$1.read(NioSocketImpl.java:796)
	at java.base/java.net.Socket$SocketInputStream.read(Socket.java:1099)
	at org.conscrypt.ConscryptEngineSocket$SSLInputStream.readFromSocket(ConscryptEngineSocket.java:920)
	at org.conscrypt.ConscryptEngineSocket$SSLInputStream.processDataFromSocket(ConscryptEngineSocket.java:884)
	at org.conscrypt.ConscryptEngineSocket$SSLInputStream.access$100(ConscryptEngineSocket.java:706)
	at org.conscrypt.ConscryptEngineSocket.doHandshake(ConscryptEngineSocket.java:230)
	at org.conscrypt.ConscryptEngineSocket.startHandshake(ConscryptEngineSocket.java:209)
	at okhttp3.internal.connection.ConnectPlan.connectTls(ConnectPlan.kt:364)
	at okhttp3.internal.connection.ConnectPlan.connectTlsEtc(ConnectPlan.kt:213)
	at okhttp3.internal.connection.FastFallbackExchangeFinder.find(FastFallbackExchangeFinder.kt:80)
	at okhttp3.internal.connection.RealCall.initExchange$okhttp(RealCall.kt:306)
	at okhttp3.internal.connection.ConnectInterceptor.intercept(ConnectInterceptor.kt:32)
	at okhttp3.internal.http.RealInterceptorChain.proceed(RealInterceptorChain.kt:332)
	at okhttp3.internal.cache.CacheInterceptor.intercept(CacheInterceptor.kt:98)
	at okhttp3.internal.http.RealInterceptorChain.proceed(RealInterceptorChain.kt:332)
	at okhttp3.internal.http.BridgeInterceptor.intercept(BridgeInterceptor.kt:83)
	at okhttp3.internal.http.RealInterceptorChain.proceed(RealInterceptorChain.kt:332)
	at okhttp3.internal.http.RetryAndFollowUpInterceptor.intercept(RetryAndFollowUpInterceptor.kt:72)
	at okhttp3.internal.http.RealInterceptorChain.proceed(RealInterceptorChain.kt:332)
	at okhttp3.CompressionInterceptor.intercept(CompressionInterceptor.kt:52)
	at okhttp3.internal.http.RealInterceptorChain.proceed(RealInterceptorChain.kt:332)
	at eu.kanade.tachiyomi.network.interceptor.CloudflareInterceptor.intercept(CloudflareInterceptor.kt:36)
	at okhttp3.internal.http.RealInterceptorChain.proceed(RealInterceptorChain.kt:332)
	at eu.kanade.tachiyomi.a.a.a.x.a(Unknown Source)
	at okhttp3.internal.http.RealInterceptorChain.proceed(RealInterceptorChain.kt:332)
	at eu.kanade.tachiyomi.network.interceptor.UserAgentInterceptor.intercept(UserAgentInterceptor.kt:21)
	at okhttp3.internal.http.RealInterceptorChain.proceed(RealInterceptorChain.kt:332)
	at eu.kanade.tachiyomi.network.interceptor.UncaughtExceptionInterceptor.intercept(UncaughtExceptionInterceptor.kt:10)
	at okhttp3.internal.http.RealInterceptorChain.proceed(RealInterceptorChain.kt:332)
	at okhttp3.internal.connection.RealCall.getResponseWithInterceptorChain$okhttp(RealCall.kt:234)
	at okhttp3.internal.connection.RealCall$AsyncCall.run(RealCall.kt:582)
	at java.base/java.util.concurrent.ThreadPoolExecutor.runWorker(ThreadPoolExecutor.java:1144)
	at java.base/java.util.concurrent.ThreadPoolExecutor$Worker.run(ThreadPoolExecutor.java:642)
	at java.base/java.lang.Thread.run(Thread.java:1583)
	Suppressed: java.net.SocketException: Connection reset
		... 36 more
	Suppressed: java.net.SocketException: Connection reset
		... 36 more

2026/09/01 14:34:09.117024 [sandbox] [grpc-default-executor-6] WARN tsunagu.grpc.ExtensionServiceImpl - extension call failed: SocketException: Network is unreachable
2026/09/01 14:34:09.134956 GET /proxy/cover/1364 502 31.365698ms
2026/09/01 14:34:09.135221 GET /proxy/cover/1363 502 31.808974ms
2026/09/01 14:34:09.153418 GET /proxy/cover/1365 502 34.935665ms
2026/09/01 14:34:09.167534 GET /proxy/cover/1158 502 31.470856ms
2026/09/01 14:34:09.167722 GET /proxy/cover/1157 502 31.490012ms
2026/09/01 14:34:09.185020 GET /proxy/cover/1156 502 30.675317ms
2026/09/01 14:34:09.199610 GET /proxy/cover/1366 502 31.048079ms
2026/09/01 14:34:09.200186 GET /proxy/cover/1367 502 31.423416ms
2026/09/01 14:34:09.217017 GET /proxy/cover/1162 502 31.245872ms
2026/09/01 14:34:09.233344 GET /proxy/cover/1161 502 31.863666ms
2026/09/01 14:34:09.368677 GET /proxy/cover/1364 502 35.832957ms
2026/09/01 14:34:09.369064 GET /proxy/cover/1365 502 35.826123ms
2026/09/01 14:34:09.369079 GET /proxy/cover/1363 502 36.27009ms
2026/09/01 14:34:09.369999 GET /proxy/cover/1158 502 36.759573ms
2026/09/01 14:34:09.400554 GET /proxy/cover/1157 502 31.065703ms
2026/09/01 14:34:09.402602 GET /proxy/cover/1367 502 32.291122ms
2026/09/01 14:34:09.403139 GET /proxy/cover/1366 502 33.241042ms
2026/09/01 14:34:09.403993 GET /proxy/cover/1156 502 34.133534ms
2026/09/01 14:34:09.432566 GET /proxy/cover/1162 502 30.818938ms
2026/09/01 14:34:09.433879 GET /proxy/cover/1161 502 30.702077ms
2026/09/01 14:34:09.496666 GET /proxy/cover/1363 502 31.413618ms
2026/09/01 14:34:09.496680 GET /proxy/cover/1364 502 31.367101ms
2026/09/01 14:34:09.498478 GET /proxy/cover/1365 502 33.113682ms
2026/09/01 14:34:09.498751 GET /proxy/cover/1158 502 33.305083ms
2026/09/01 14:34:09.498790 GET /proxy/cover/1157 502 33.294302ms
2026/09/01 14:34:09.528781 GET /proxy/cover/1156 502 30.893809ms
2026/09/01 14:34:09.529141 GET /proxy/cover/1366 502 31.065732ms
2026/09/01 14:34:09.529524 GET /proxy/cover/1367 502 30.11995ms
2026/09/01 14:34:09.530925 GET /proxy/cover/1162 502 31.294574ms
2026/09/01 14:34:23.935562 POST /api/graphql 200 15.001522811s
2026/09/01 14:34:23.989526 GET /proxy/cover/1158 502 33.785679ms
2026/09/01 14:34:23.989597 GET /proxy/cover/1363 502 34.558224ms
2026/09/01 14:34:23.991172 GET /proxy/cover/1364 502 36.074181ms
2026/09/01 14:34:23.992955 GET /proxy/cover/1365 502 37.769887ms
2026/09/01 14:34:23.993027 GET /proxy/cover/1157 502 37.199762ms
2026/09/01 14:34:23.993027 GET /proxy/cover/1156 502 37.19322ms
2026/09/01 14:34:24.023524 GET /proxy/cover/1366 502 32.627926ms
2026/09/01 14:34:24.050580 GET /proxy/cover/1367 502 59.527108ms
2026/09/01 14:34:24.050645 GET /proxy/cover/1162 502 58.942176ms
2026/09/01 14:34:24.052590 GET /proxy/cover/1161 502 58.994914ms
2026/09/01 14:34:28.796682 [sandbox] [grpc-default-executor-10] ERROR tsunagu.grpc.ExtensionServiceImpl - extension call failed: HttpException: HTTP error 522 <- OnNextValue: OnError while emitting onNext value: okhttp3.Response.class @ OkHttpExtensionsKt$asObservable$1$requestArbiter$1.request:41; OkHttpExtensionsKt.asObservable$lambda$0:59; RxCompatKt.awaitSingle:13; AnimeCatalogueSource.getSearchAnime$suspendImpl:26
2026/09/01 14:35:28.714208 POST /api/graphql 200 2.133520924s
2026/09/01 14:35:30.568377 [sandbox] [grpc-default-executor-15] WARN tsunagu.grpc.ExtensionServiceImpl - extension call failed: SocketException: Network is unreachable
2026/09/01 14:35:30.757224 [sandbox] [grpc-default-executor-15] WARN tsunagu.grpc.ExtensionServiceImpl - extension call failed: SocketException: Network is unreachable
2026/09/01 14:35:30.848217 [sandbox] [grpc-default-executor-14] WARN tsunagu.grpc.ExtensionServiceImpl - extension call failed: SocketException: Network is unreachable
2026/09/01 14:35:30.885287 [sandbox] [grpc-default-executor-15] WARN tsunagu.grpc.ExtensionServiceImpl - extension call failed: SocketException: Network is unreachable
2026/09/01 14:35:30.889727 [sandbox] [grpc-default-executor-15] INFO tsunagu.grpc.ExtensionServiceImpl - extension eu.kanade.tachiyomi.extension.en.batcave has no popular listing, returning empty page
2026/09/01 14:35:30.967800 POST /api/graphql 200 593.208368ms
2026/09/01 14:35:31.007725 [sandbox] [grpc-default-executor-14] WARN tsunagu.grpc.ExtensionServiceImpl - extension call failed: SocketException: Network is unreachable
2026/09/01 14:35:31.024261 GET /proxy/cover/885 502 31.603446ms
2026/09/01 14:35:31.024453 GET /proxy/cover/886 502 30.192968ms
2026/09/01 14:35:31.040612 GET /proxy/cover/887 502 31.672507ms
2026/09/01 14:35:31.056896 GET /proxy/cover/888 502 31.247426ms
2026/09/01 14:35:31.073190 GET /proxy/cover/890 502 31.805146ms
2026/09/01 14:35:31.087815 GET /proxy/cover/889 502 30.456675ms
2026/09/01 14:35:31.108319 GET /proxy/cover/891 502 34.472463ms
2026/09/01 14:35:31.134336 GET /proxy/cover/892 502 46.015606ms
2026/09/01 14:35:31.146978 GET /proxy/cover/893 502 37.529704ms
2026/09/01 14:35:31.167320 GET /proxy/cover/894 502 32.344192ms
2026/09/01 14:35:31.180071 GET /proxy/cover/895 502 32.5452ms
2026/09/01 14:35:31.199682 GET /proxy/cover/896 502 31.624496ms
2026/09/01 14:35:31.212280 GET /proxy/cover/897 502 31.589961ms
2026/09/01 14:35:31.227547 [sandbox] [grpc-default-executor-14] WARN tsunagu.grpc.ExtensionServiceImpl - extension call failed: SocketException: Connection reset @ d.intercept:-1; CloudflareInterceptor.intercept:36; UserAgentInterceptor.intercept:21; UncaughtExceptionInterceptor.intercept:10
2026/09/01 14:35:31.231684 GET /proxy/cover/899 502 31.238578ms
2026/09/01 14:35:31.232074 GET /proxy/cover/898 502 31.463883ms
2026/09/01 14:35:31.260097 GET /proxy/cover/902 502 47.305396ms
2026/09/01 14:35:31.262389 GET /proxy/cover/900 502 30.001326ms
2026/09/01 14:35:31.262577 GET /proxy/cover/903 502 30.439112ms
2026/09/01 14:35:31.291681 GET /proxy/cover/905 502 30.980582ms
2026/09/01 14:35:31.293380 GET /proxy/cover/904 502 30.425476ms
2026/09/01 14:35:31.294265 GET /proxy/cover/906 502 31.236494ms
2026/09/01 14:35:31.323598 GET /proxy/cover/939 502 30.727876ms
2026/09/01 14:35:31.324594 GET /proxy/cover/908 502 30.359431ms
2026/09/01 14:35:31.325197 GET /proxy/cover/901 502 30.38521ms
2026/09/01 14:35:31.327198 [sandbox] [grpc-default-executor-15] INFO tsunagu.grpc.ExtensionServiceImpl - extension eu.kanade.tachiyomi.extension.all.mangafire has no popular listing, returning empty page
2026/09/01 14:35:31.356209 GET /proxy/cover/885 502 30.478185ms
2026/09/01 14:35:31.356248 GET /proxy/cover/886 502 30.333583ms
2026/09/01 14:35:31.358969 GET /proxy/cover/887 502 30.310219ms
2026/09/01 14:35:31.389082 GET /proxy/cover/890 502 31.844029ms
2026/09/01 14:35:31.389083 GET /proxy/cover/888 502 31.981068ms
2026/09/01 14:35:31.421484 GET /proxy/cover/891 502 31.349748ms
2026/09/01 14:35:31.422102 GET /proxy/cover/889 502 32.048484ms
2026/09/01 14:35:31.453677 GET /proxy/cover/892 502 31.215445ms
2026/09/01 14:35:31.454360 GET /proxy/cover/893 502 31.691983ms
2026/09/01 14:35:31.487796 GET /proxy/cover/894 502 33.192701ms
2026/09/01 14:35:31.488692 GET /proxy/cover/895 502 33.846724ms
2026/09/01 14:35:31.510275 POST /api/graphql 200 539.955605ms
2026/09/01 14:35:31.522179 GET /proxy/cover/896 502 32.866306ms
2026/09/01 14:35:31.616922 GET /proxy/cover/886 502 30.512921ms
2026/09/01 14:35:31.617219 GET /proxy/cover/885 502 31.241073ms
2026/09/01 14:35:31.617857 GET /proxy/cover/887 502 30.922863ms
2026/09/01 14:35:31.649052 GET /proxy/cover/890 502 30.764525ms
2026/09/01 14:35:31.649132 GET /proxy/cover/888 502 31.116077ms
2026/09/01 14:35:31.649878 GET /proxy/cover/889 502 31.417565ms
2026/09/01 14:35:31.682077 GET /proxy/cover/892 502 31.400523ms
2026/09/01 14:35:31.682116 GET /proxy/cover/891 502 31.842447ms
2026/09/01 14:35:31.683462 GET /proxy/cover/893 502 32.579485ms
2026/09/01 14:35:31.716132 GET /proxy/cover/894 502 31.880859ms
2026/09/01 14:35:31.717607 GET /proxy/cover/895 502 32.411579ms
2026/09/01 14:35:31.748487 GET /proxy/cover/897 502 31.309582ms
2026/09/01 14:35:31.748987 GET /proxy/cover/899 502 30.637095ms
2026/09/01 14:35:31.782598 GET /proxy/cover/902 502 32.942009ms
2026/09/01 14:35:31.782727 GET /proxy/cover/898 502 33.347643ms
2026/09/01 14:35:31.815348 GET /proxy/cover/903 502 31.842376ms
2026/09/01 14:35:31.818622 GET /proxy/cover/900 502 34.977885ms
2026/09/01 14:35:31.839807 GET /proxy/cover/905 502 32.240797ms
2026/09/01 14:35:31.849541 GET /proxy/cover/904 502 33.44673ms
2026/09/01 14:35:31.850878 GET /proxy/cover/906 502 31.837046ms
2026/09/01 14:35:31.872918 GET /proxy/cover/939 502 32.50208ms
2026/09/01 14:35:31.882223 GET /proxy/cover/908 502 32.065797ms
2026/09/01 14:35:31.883289 GET /proxy/cover/901 502 31.914212ms
2026/09/01 14:35:31.891091 GET /proxy/cover/896 502 31.105037ms
2026/09/01 14:35:31.902094 [sandbox] [grpc-default-executor-15] INFO tsunagu.grpc.ExtensionServiceImpl - extension eu.kanade.tachiyomi.extension.en.weebcentral has no popular listing, returning empty page
2026/09/01 14:35:32.016540 GET /proxy/cover/885 502 31.847656ms
2026/09/01 14:35:32.018373 GET /proxy/cover/887 502 32.030651ms
2026/09/01 14:35:32.018850 GET /proxy/cover/886 502 32.903105ms
2026/09/01 14:35:32.019109 GET /proxy/cover/888 502 32.541694ms
2026/09/01 14:35:32.049379 GET /proxy/cover/890 502 31.908612ms
2026/09/01 14:35:32.049625 GET /proxy/cover/889 502 30.718658ms
2026/09/01 14:35:32.050580 GET /proxy/cover/891 502 31.332556ms
2026/09/01 14:35:32.051358 GET /proxy/cover/892 502 31.928148ms
2026/09/01 14:35:32.081384 GET /proxy/cover/893 502 30.835729ms
2026/09/01 14:35:32.081483 GET /proxy/cover/894 502 30.668484ms
2026/09/01 14:35:32.082292 GET /proxy/cover/895 502 31.167374ms
2026/09/01 14:35:32.082986 GET /proxy/cover/897 502 31.217118ms
2026/09/01 14:35:32.113123 GET /proxy/cover/899 502 30.70344ms
2026/09/01 14:35:32.366910 POST /api/graphql 200 682.44333ms
2026/09/01 14:35:32.476413 GET /proxy/cover/885 502 30.546374ms
2026/09/01 14:35:32.477427 GET /proxy/cover/886 502 31.210115ms
2026/09/01 14:35:32.478228 GET /proxy/cover/887 502 31.557249ms
2026/09/01 14:35:32.478873 GET /proxy/cover/888 502 32.004882ms
2026/09/01 14:35:32.508451 GET /proxy/cover/890 502 30.827103ms
2026/09/01 14:35:32.508510 GET /proxy/cover/889 502 30.509825ms
2026/09/01 14:35:32.509641 GET /proxy/cover/891 502 30.921591ms
2026/09/01 14:35:32.509678 GET /proxy/cover/892 502 30.308475ms
2026/09/01 14:35:32.541259 GET /proxy/cover/893 502 31.497797ms
2026/09/01 14:35:32.541268 GET /proxy/cover/894 502 31.459525ms
2026/09/01 14:35:32.541492 GET /proxy/cover/896 502 31.060433ms
2026/09/01 14:35:32.542145 GET /proxy/cover/895 502 31.891509ms
2026/09/01 14:35:32.574774 GET /proxy/cover/899 502 32.084844ms
2026/09/01 14:35:32.574894 GET /proxy/cover/897 502 32.435784ms
2026/09/01 14:35:32.575137 GET /proxy/cover/902 502 32.27948ms
2026/09/01 14:35:32.575183 GET /proxy/cover/898 502 32.443088ms
2026/09/01 14:35:32.607553 GET /proxy/cover/903 502 31.351511ms
2026/09/01 14:35:32.608338 GET /proxy/cover/900 502 31.853808ms
2026/09/01 14:35:32.608976 GET /proxy/cover/905 502 32.363027ms
2026/09/01 14:35:32.608974 GET /proxy/cover/904 502 32.360353ms
2026/09/01 14:35:32.636937 GET /proxy/cover/906 502 31.761795ms
2026/09/01 14:35:32.639781 GET /proxy/cover/939 502 31.452783ms
2026/09/01 14:35:32.640003 GET /proxy/cover/908 502 31.259348ms
2026/09/01 14:35:32.640410 GET /proxy/cover/901 502 31.057096ms
2026/09/01 14:35:32.777959 GET /proxy/cover/885 502 32.579065ms
2026/09/01 14:35:32.778101 GET /proxy/cover/887 502 32.605554ms
2026/09/01 14:35:32.779603 GET /proxy/cover/886 502 34.061959ms
2026/09/01 14:35:32.779667 GET /proxy/cover/890 502 34.056358ms
2026/09/01 14:35:32.780462 GET /proxy/cover/888 502 34.928161ms
2026/09/01 14:35:32.812049 GET /proxy/cover/889 502 32.694432ms
2026/09/01 14:35:32.812605 GET /proxy/cover/891 502 33.040364ms
2026/09/01 14:35:32.812898 GET /proxy/cover/892 502 32.422049ms
2026/09/01 14:35:32.813637 GET /proxy/cover/893 502 33.057997ms
2026/09/01 14:35:32.813650 GET /proxy/cover/894 502 32.882316ms
2026/09/01 14:35:32.844012 GET /proxy/cover/895 502 31.377911ms
2026/09/01 14:35:32.844195 GET /proxy/cover/897 502 30.954684ms
2026/09/01 14:35:32.844897 GET /proxy/cover/896 502 31.819443ms
2026/09/01 14:35:32.846416 GET /proxy/cover/898 502 32.297444ms
2026/09/01 14:35:32.846868 GET /proxy/cover/899 502 32.821181ms
2026/09/01 14:35:32.875000 GET /proxy/cover/902 502 30.33215ms
2026/09/01 14:35:34.236538 GET /proxy/cover/896 502 33.211416ms
2026/09/01 14:35:34.639147 sync: caching cover for entry 1369 failed: rpc error: code = Internal desc = java.lang.IllegalStateException: extension eu.kanade.tachiyomi.animeextension.en.aniwaves is not an HttpSource
2026/09/01 14:35:35.709869 POST /api/graphql 200 1.573482765s
2026/09/01 14:35:38.374209 POST /api/graphql 200 7.999667193s
2026/09/01 14:35:38.629160 GET /proxy/cover/1369 502 32.046912ms
2026/09/01 14:35:43.544903 GET /proxy/cover/1369 502 32.216481ms
2026/09/01 14:35:48.867191 POST /api/graphql 200 2.094940461s
2026/09/01 14:35:50.141285 [sandbox] [grpc-default-executor-13] ERROR tsunagu.grpc.ExtensionServiceImpl - extension call failed: HttpException: HTTP error 522 <- OnNextValue: OnError while emitting onNext value: okhttp3.Response.class @ OkHttpExtensionsKt$asObservable$1$requestArbiter$1.request:41; OkHttpExtensionsKt.asObservable$lambda$0:59; RxCompatKt.awaitSingle:13; ExtensionServiceImpl$getPopularManga$page$2.invokeSuspend:196
2026/09/01 14:35:53.875208 [sandbox] [grpc-default-executor-14] WARN tsunagu.grpc.ExtensionServiceImpl - extension call failed: SocketException: Network is unreachable
2026/09/01 14:35:53.932020 [sandbox] [grpc-default-executor-14] WARN tsunagu.grpc.ExtensionServiceImpl - extension call failed: SocketException: Network is unreachable
2026/09/01 14:35:53.991612 [sandbox] [grpc-default-executor-12] WARN tsunagu.grpc.ExtensionServiceImpl - extension call failed: SocketException: Network is unreachable
2026/09/01 14:35:54.006131 [sandbox] [grpc-default-executor-14] WARN tsunagu.grpc.ExtensionServiceImpl - extension call failed: SocketException: Network is unreachable
2026/09/01 14:35:54.010076 [sandbox] [grpc-default-executor-14] INFO tsunagu.grpc.ExtensionServiceImpl - extension eu.kanade.tachiyomi.extension.en.batcave has no popular listing, returning empty page
2026/09/01 14:35:54.092907 [sandbox] [grpc-default-executor-12] WARN tsunagu.grpc.ExtensionServiceImpl - extension call failed: SocketException: Network is unreachable
2026/09/01 14:35:54.161611 GET /proxy/cover/885 502 30.498975ms
2026/09/01 14:35:54.163145 GET /proxy/cover/886 502 30.690275ms
2026/09/01 14:35:54.170292 [sandbox] [grpc-default-executor-12] WARN tsunagu.grpc.ExtensionServiceImpl - extension call failed: SocketException: Connection reset @ d.intercept:-1; CloudflareInterceptor.intercept:36; UserAgentInterceptor.intercept:21; UncaughtExceptionInterceptor.intercept:10
2026/09/01 14:35:54.195357 GET /proxy/cover/888 502 31.613856ms
2026/09/01 14:35:54.195375 GET /proxy/cover/887 502 32.917082ms
2026/09/01 14:35:54.199624 [sandbox] [grpc-default-executor-12] INFO tsunagu.grpc.ExtensionServiceImpl - extension eu.kanade.tachiyomi.extension.all.mangafire has no popular listing, returning empty page
2026/09/01 14:35:54.222925 GET /proxy/cover/890 502 51.500702ms
2026/09/01 14:35:54.229928 GET /proxy/cover/889 502 32.006235ms
2026/09/01 14:35:54.251039 GET /proxy/cover/891 502 49.456139ms
2026/09/01 14:35:54.278534 GET /proxy/cover/892 502 47.695401ms
2026/09/01 14:35:54.283701 GET /proxy/cover/893 502 31.514338ms
2026/09/01 14:35:54.309871 GET /proxy/cover/894 502 30.493204ms
2026/09/01 14:35:54.336761 GET /proxy/cover/895 502 52.092327ms
2026/09/01 14:35:54.343138 GET /proxy/cover/896 502 32.243542ms
2026/09/01 14:35:54.369373 GET /proxy/cover/897 502 31.486375ms
2026/09/01 14:35:54.396509 GET /proxy/cover/898 502 44.621418ms
2026/09/01 14:35:54.396517 GET /proxy/cover/899 502 52.70982ms
2026/09/01 14:35:54.407955 GET /proxy/cover/902 502 35.814561ms
2026/09/01 14:35:54.434476 GET /proxy/cover/903 502 36.479195ms
2026/09/01 14:35:54.436767 GET /proxy/cover/901 502 39.100444ms
2026/09/01 14:35:54.466207 GET /proxy/cover/900 502 30.870926ms
2026/09/01 14:35:54.467784 GET /proxy/cover/905 502 30.419845ms
2026/09/01 14:35:54.498564 GET /proxy/cover/904 502 31.325452ms
2026/09/01 14:35:54.498853 GET /proxy/cover/939 502 30.643367ms
2026/09/01 14:35:54.499534 GET /proxy/cover/906 502 31.991577ms
2026/09/01 14:35:54.530762 GET /proxy/cover/908 502 30.521327ms
2026/09/01 14:35:54.554311 GET /proxy/cover/885 502 31.577588ms
2026/09/01 14:35:54.563848 GET /proxy/cover/886 502 31.401024ms
2026/09/01 14:35:54.600030 GET /proxy/cover/887 502 34.833693ms
2026/09/01 14:35:54.604627 GET /proxy/cover/888 502 30.946508ms
2026/09/01 14:35:54.633229 GET /proxy/cover/890 502 32.357707ms
2026/09/01 14:35:54.636380 GET /proxy/cover/889 502 31.313039ms
2026/09/01 14:35:54.666436 GET /proxy/cover/891 502 32.388386ms
2026/09/01 14:35:54.671940 GET /proxy/cover/892 502 35.143908ms
2026/09/01 14:35:54.697491 GET /proxy/cover/893 502 32.425234ms
2026/09/01 14:35:54.704595 GET /proxy/cover/894 502 33.000339ms
2026/09/01 14:35:54.705508 GET /proxy/cover/895 502 32.946026ms
2026/09/01 14:35:54.707923 [sandbox] [grpc-default-executor-15] INFO tsunagu.grpc.ExtensionServiceImpl - extension eu.kanade.tachiyomi.extension.en.weebcentral has no popular listing, returning empty page
2026/09/01 14:35:54.730224 GET /proxy/cover/896 502 31.634745ms
2026/09/01 14:35:54.736756 GET /proxy/cover/897 502 30.447367ms
2026/09/01 14:35:54.742547 GET /proxy/cover/899 502 32.477093ms
2026/09/01 14:35:54.762288 GET /proxy/cover/898 502 30.138956ms
2026/09/01 14:35:54.763835 GET /proxy/cover/902 502 30.299599ms
2026/09/01 14:35:54.770006 GET /proxy/cover/901 502 32.213466ms
2026/09/01 14:35:54.795075 GET /proxy/cover/903 502 31.375747ms
2026/09/01 14:35:54.797789 GET /proxy/cover/885 502 33.357391ms
2026/09/01 14:35:54.803341 GET /proxy/cover/886 502 32.307443ms
2026/09/01 14:35:54.830235 GET /proxy/cover/887 502 34.037312ms
2026/09/01 14:35:54.832453 GET /proxy/cover/888 502 34.021904ms
2026/09/01 14:35:54.836920 GET /proxy/cover/890 502 33.031347ms
2026/09/01 14:35:54.870124 GET /proxy/cover/900 502 37.25155ms
2026/09/01 14:35:54.878572 GET /proxy/cover/889 502 47.618436ms
2026/09/01 14:35:54.878641 GET /proxy/cover/905 502 40.740164ms
2026/09/01 14:35:54.915707 GET /proxy/cover/904 502 44.38898ms
2026/09/01 14:35:54.920551 GET /proxy/cover/939 502 40.905916ms
2026/09/01 14:35:54.931257 GET /proxy/cover/906 502 51.675852ms
2026/09/01 14:35:54.956549 GET /proxy/cover/908 502 39.776348ms
2026/09/01 14:35:54.961315 GET /proxy/cover/891 502 40.270429ms
2026/09/01 14:35:54.975298 GET /proxy/cover/892 502 43.459688ms
2026/09/01 14:35:54.988408 GET /proxy/cover/893 502 39.309378ms
2026/09/01 14:35:54.993972 GET /proxy/cover/894 502 36.42943ms
2026/09/01 14:35:55.002089 GET /proxy/cover/895 502 39.853814ms
2026/09/01 14:35:55.016421 GET /proxy/cover/896 502 40.216548ms
2026/09/01 14:35:55.026556 GET /proxy/cover/885 502 42.264326ms
2026/09/01 14:35:55.058389 GET /proxy/cover/886 502 69.217959ms
2026/09/01 14:35:55.058405 GET /proxy/cover/887 502 63.678491ms
2026/09/01 14:35:55.058415 GET /proxy/cover/888 502 55.699454ms
2026/09/01 14:35:55.062288 GET /proxy/cover/890 502 45.182626ms
2026/09/01 14:35:55.069141 GET /proxy/cover/889 502 41.590537ms
2026/09/01 14:35:55.094680 GET /proxy/cover/897 502 35.082793ms
2026/09/01 14:35:55.094798 GET /proxy/cover/899 502 34.960663ms
2026/09/01 14:35:55.101558 GET /proxy/cover/898 502 41.582581ms
2026/09/01 14:35:55.105134 GET /proxy/cover/902 502 42.362581ms
2026/09/01 14:35:55.121427 GET /proxy/cover/901 502 51.798272ms
2026/09/01 14:35:55.140760 GET /proxy/cover/903 502 44.926163ms
2026/09/01 14:35:55.140802 GET /proxy/cover/900 502 44.816055ms
2026/09/01 14:35:55.147661 GET /proxy/cover/905 502 45.478583ms
2026/09/01 14:35:55.155800 GET /proxy/cover/904 502 50.002959ms
2026/09/01 14:35:55.167804 GET /proxy/cover/906 502 45.622494ms
2026/09/01 14:35:55.193960 GET /proxy/cover/939 502 52.243351ms
2026/09/01 14:35:55.194045 GET /proxy/cover/892 502 45.929793ms
2026/09/01 14:35:55.193960 GET /proxy/cover/891 502 52.081106ms
2026/09/01 14:35:55.212262 GET /proxy/cover/908 502 56.082626ms
2026/09/01 14:35:59.837926 GET /proxy/cover/896 502 31.050323ms
2026/09/01 14:36:01.731675 POST /api/graphql 200 7.920542364s
2026/09/01 14:36:05.118516 [sandbox] [grpc-default-executor-16] WARN tsunagu.grpc.ExtensionServiceImpl - extension call failed: SocketException: Network is unreachable
2026/09/01 14:36:05.224623 [sandbox] [grpc-default-executor-16] WARN tsunagu.grpc.ExtensionServiceImpl - extension call failed: SocketException: Network is unreachable
2026/09/01 14:36:05.299451 [sandbox] [grpc-default-executor-15] WARN tsunagu.grpc.ExtensionServiceImpl - extension call failed: SocketException: Network is unreachable
2026/09/01 14:36:05.330643 [sandbox] [grpc-default-executor-16] WARN tsunagu.grpc.ExtensionServiceImpl - extension call failed: SocketException: Network is unreachable
2026/09/01 14:36:05.337552 [sandbox] [grpc-default-executor-16] INFO tsunagu.grpc.ExtensionServiceImpl - extension eu.kanade.tachiyomi.extension.en.batcave has no popular listing, returning empty page
2026/09/01 14:36:05.379003 GET /proxy/cover/885 502 31.441451ms
2026/09/01 14:36:05.381870 GET /proxy/cover/886 502 33.636568ms
2026/09/01 14:36:05.390659 [sandbox] [grpc-default-executor-12] WARN tsunagu.grpc.ExtensionServiceImpl - extension call failed: SocketException: Network is unreachable
2026/09/01 14:36:05.413097 GET /proxy/cover/887 502 33.204183ms
2026/09/01 14:36:05.440087 GET /proxy/cover/888 502 57.178972ms
2026/09/01 14:36:05.440372 GET /proxy/cover/890 502 48.430095ms
2026/09/01 14:36:05.518971 GET /proxy/cover/889 502 78.264438ms
2026/09/01 14:36:05.540254 GET /proxy/cover/891 502 99.332149ms
2026/09/01 14:36:05.553952 GET /proxy/cover/892 502 33.999381ms
2026/09/01 14:36:05.559083 [sandbox] [grpc-default-executor-12] WARN tsunagu.grpc.ExtensionServiceImpl - extension call failed: SocketException: Connection reset @ d.intercept:-1; CloudflareInterceptor.intercept:36; UserAgentInterceptor.intercept:21; UncaughtExceptionInterceptor.intercept:10
2026/09/01 14:36:05.576292 GET /proxy/cover/893 502 34.983926ms
2026/09/01 14:36:05.579734 [sandbox] [grpc-default-executor-16] INFO tsunagu.grpc.ExtensionServiceImpl - extension eu.kanade.tachiyomi.extension.all.mangafire has no popular listing, returning empty page
2026/09/01 14:36:05.602565 GET /proxy/cover/894 502 47.600011ms
2026/09/01 14:36:05.602616 GET /proxy/cover/895 502 42.272312ms
2026/09/01 14:36:05.615563 GET /proxy/cover/896 502 34.533227ms
2026/09/01 14:36:05.636756 GET /proxy/cover/897 502 32.505827ms
2026/09/01 14:36:05.643660 GET /proxy/cover/899 502 31.390324ms
2026/09/01 14:36:05.648624 GET /proxy/cover/898 502 32.482343ms
2026/09/01 14:36:05.675875 GET /proxy/cover/902 502 31.518185ms
2026/09/01 14:36:05.679905 GET /proxy/cover/901 502 30.425245ms
2026/09/01 14:36:05.710348 GET /proxy/cover/903 502 33.449184ms
2026/09/01 14:36:05.714780 GET /proxy/cover/900 502 34.252579ms
2026/09/01 14:36:05.746591 GET /proxy/cover/905 502 35.282469ms
2026/09/01 14:36:05.748968 GET /proxy/cover/904 502 33.450276ms
2026/09/01 14:36:05.778323 GET /proxy/cover/906 502 30.798429ms
2026/09/01 14:36:05.780887 GET /proxy/cover/939 502 31.150703ms
2026/09/01 14:36:05.810476 GET /proxy/cover/908 502 31.010879ms
2026/09/01 14:36:05.812435 GET /proxy/cover/940 502 30.793369ms
2026/09/01 14:36:05.812952 GET /proxy/cover/941 502 30.969131ms
2026/09/01 14:36:05.814583 [sandbox] [grpc-default-executor-16] INFO tsunagu.grpc.ExtensionServiceImpl - extension eu.kanade.tachiyomi.extension.en.weebcentral has no popular listing, returning empty page
2026/09/01 14:36:05.844007 GET /proxy/cover/942 502 30.681719ms
2026/09/01 14:36:05.846416 GET /proxy/cover/945 502 32.665357ms
2026/09/01 14:36:05.846557 GET /proxy/cover/944 502 30.712808ms
2026/09/01 14:36:05.864056 GET /proxy/cover/943 502 32.069545ms
2026/09/01 14:36:05.878807 GET /proxy/cover/946 502 31.850762ms
2026/09/01 14:36:05.881116 GET /proxy/cover/949 502 33.914021ms
2026/09/01 14:36:05.896035 GET /proxy/cover/948 502 31.340911ms
2026/09/01 14:36:05.910925 GET /proxy/cover/947 502 31.54182ms
2026/09/01 14:36:05.913124 GET /proxy/cover/907 502 31.641087ms
2026/09/01 14:36:05.930519 GET /proxy/cover/950 502 33.675862ms
2026/09/01 14:36:05.934361 GET /proxy/cover/951 502 30.976705ms
2026/09/01 14:36:05.944664 GET /proxy/cover/952 502 30.97376ms
2026/09/01 14:36:05.962545 GET /proxy/cover/953 502 31.072435ms
2026/09/01 14:36:05.966049 GET /proxy/cover/955 502 31.108243ms
2026/09/01 14:36:05.976035 GET /proxy/cover/954 502 31.014376ms
2026/09/01 14:36:05.995492 GET /proxy/cover/956 502 32.105572ms
2026/09/01 14:36:05.999685 GET /proxy/cover/957 502 32.487952ms
2026/09/01 14:36:06.007478 GET /proxy/cover/959 502 30.819048ms
2026/09/01 14:36:06.027150 GET /proxy/cover/958 502 30.848754ms
2026/09/01 14:36:06.031382 GET /proxy/cover/961 502 30.996522ms
2026/09/01 14:36:06.039215 GET /proxy/cover/960 502 31.087474ms
2026/09/01 14:36:06.059389 GET /proxy/cover/962 502 31.030596ms
2026/09/01 14:36:06.063457 GET /proxy/cover/885 502 31.029585ms
2026/09/01 14:36:06.070019 GET /proxy/cover/886 502 29.916097ms
2026/09/01 14:36:06.092053 GET /proxy/cover/887 502 31.530969ms
2026/09/01 14:36:06.095838 GET /proxy/cover/888 502 31.729684ms
2026/09/01 14:36:06.100797 GET /proxy/cover/890 502 30.142943ms
2026/09/01 14:36:06.106690 GET /proxy/cover/889 502 30.27368ms
2026/09/01 14:36:06.126889 GET /proxy/cover/891 502 30.29511ms
2026/09/01 14:36:06.131303 GET /proxy/cover/892 502 29.89155ms
2026/09/01 14:36:06.138819 GET /proxy/cover/893 502 31.523645ms
2026/09/01 14:36:06.157766 GET /proxy/cover/894 502 30.083311ms
2026/09/01 14:36:06.162395 GET /proxy/cover/895 502 30.511648ms
2026/09/01 14:36:06.169852 GET /proxy/cover/896 502 30.510777ms
2026/09/01 14:36:06.176951 GET /proxy/cover/897 502 30.587151ms
2026/09/01 14:36:06.189000 GET /proxy/cover/899 502 30.222354ms
2026/09/01 14:36:06.196637 GET /proxy/cover/898 502 33.471957ms
2026/09/01 14:36:06.201824 GET /proxy/cover/902 502 31.084378ms
2026/09/01 14:36:06.208645 GET /proxy/cover/901 502 31.104746ms
2026/09/01 14:36:06.219885 GET /proxy/cover/903 502 30.323193ms
2026/09/01 14:36:06.228987 GET /proxy/cover/900 502 31.661165ms
2026/09/01 14:36:06.232428 GET /proxy/cover/905 502 30.005124ms
2026/09/01 14:36:06.239935 GET /proxy/cover/904 502 30.589786ms
2026/09/01 14:36:06.252141 GET /proxy/cover/906 502 31.566737ms
2026/09/01 14:36:06.260594 GET /proxy/cover/939 502 30.96866ms
2026/09/01 14:36:06.263153 GET /proxy/cover/908 502 30.251348ms
2026/09/01 14:36:06.269801 GET /proxy/cover/940 502 29.376639ms
2026/09/01 14:36:06.283690 GET /proxy/cover/941 502 30.345255ms
2026/09/01 14:36:06.292111 GET /proxy/cover/942 502 30.565931ms
2026/09/01 14:36:06.295061 GET /proxy/cover/945 502 31.355228ms
2026/09/01 14:36:06.301861 GET /proxy/cover/944 502 31.563892ms
2026/09/01 14:36:06.315427 GET /proxy/cover/943 502 31.23955ms
2026/09/01 14:36:06.324897 GET /proxy/cover/946 502 31.920183ms
2026/09/01 14:36:06.325727 GET /proxy/cover/949 502 29.964898ms
2026/09/01 14:36:06.332792 GET /proxy/cover/948 502 30.425285ms
2026/09/01 14:36:06.348225 GET /proxy/cover/885 502 32.018638ms
2026/09/01 14:36:06.356971 GET /proxy/cover/886 502 31.348035ms
2026/09/01 14:36:06.357930 GET /proxy/cover/947 502 31.610129ms
2026/09/01 14:36:06.359238 GET /proxy/cover/950 502 31.399983ms
2026/09/01 14:36:06.366399 GET /proxy/cover/951 502 32.836721ms
2026/09/01 14:36:06.380090 GET /proxy/cover/952 502 31.235673ms
2026/09/01 14:36:06.388872 GET /proxy/cover/953 502 31.276019ms
2026/09/01 14:36:06.389492 GET /proxy/cover/955 502 30.80937ms
2026/09/01 14:36:06.389757 GET /proxy/cover/954 502 30.174393ms
2026/09/01 14:36:06.397861 GET /proxy/cover/956 502 30.818376ms
2026/09/01 14:36:06.413968 GET /proxy/cover/957 502 33.013544ms
2026/09/01 14:36:06.420932 GET /proxy/cover/958 502 30.451786ms
2026/09/01 14:36:06.422098 GET /proxy/cover/961 502 31.454907ms
2026/09/01 14:36:06.422277 GET /proxy/cover/959 502 32.156789ms
2026/09/01 14:36:06.429098 GET /proxy/cover/960 502 30.390881ms
2026/09/01 14:36:06.446202 GET /proxy/cover/962 502 31.091811ms
2026/09/01 14:36:06.452766 GET /proxy/cover/907 502 30.951688ms
2026/09/01 14:36:06.453106 GET /proxy/cover/887 502 30.343291ms
2026/09/01 14:36:06.454412 GET /proxy/cover/888 502 31.498619ms
2026/09/01 14:36:06.459917 GET /proxy/cover/890 502 30.175325ms
2026/09/01 14:36:06.477938 GET /proxy/cover/889 502 31.019927ms
2026/09/01 14:36:06.484565 GET /proxy/cover/891 502 30.897095ms
2026/09/01 14:36:06.486565 GET /proxy/cover/892 502 32.690885ms
2026/09/01 14:36:06.487351 GET /proxy/cover/893 502 32.079954ms
2026/09/01 14:36:06.490734 GET /proxy/cover/894 502 30.224348ms
2026/09/01 14:36:06.509743 GET /proxy/cover/895 502 31.118291ms
2026/09/01 14:36:06.515367 GET /proxy/cover/896 502 30.208567ms
2026/09/01 14:36:06.517624 GET /proxy/cover/897 502 30.660269ms
2026/09/01 14:36:06.519504 GET /proxy/cover/899 502 31.769178ms
2026/09/01 14:36:06.522385 GET /proxy/cover/898 502 31.312057ms
2026/09/01 14:36:06.545663 GET /proxy/cover/902 502 35.409528ms
2026/09/01 14:36:06.550059 GET /proxy/cover/901 502 34.208956ms
2026/09/01 14:36:06.552082 GET /proxy/cover/900 502 32.038426ms
2026/09/01 14:36:06.553094 GET /proxy/cover/903 502 34.442136ms
2026/09/01 14:36:06.557157 GET /proxy/cover/905 502 34.18957ms
2026/09/01 14:36:06.577473 GET /proxy/cover/904 502 30.691778ms
2026/09/01 14:36:06.585636 GET /proxy/cover/906 502 35.04438ms
2026/09/01 14:36:06.586243 GET /proxy/cover/939 502 33.41486ms
2026/09/01 14:36:06.586963 GET /proxy/cover/908 502 33.370646ms
2026/09/01 14:36:06.588909 GET /proxy/cover/940 502 31.10137ms
2026/09/01 14:36:06.614855 GET /proxy/cover/941 502 36.213384ms
2026/09/01 14:36:06.625662 GET /proxy/cover/942 502 39.131142ms
2026/09/01 14:36:06.625765 GET /proxy/cover/943 502 36.352476ms
2026/09/01 14:36:06.625700 GET /proxy/cover/945 502 38.739113ms
2026/09/01 14:36:06.625716 GET /proxy/cover/944 502 38.295316ms
2026/09/01 14:36:06.650649 GET /proxy/cover/946 502 34.541383ms
2026/09/01 14:36:13.237231 [sandbox] [grpc-default-executor-13] ERROR tsunagu.grpc.ExtensionServiceImpl - extension call failed: HttpException: HTTP error 522 <- OnNextValue: OnError while emitting onNext value: okhttp3.Response.class @ OkHttpExtensionsKt$asObservable$1$requestArbiter$1.request:41; OkHttpExtensionsKt.asObservable$lambda$0:59; RxCompatKt.awaitSingle:13; ExtensionServiceImpl$getPopularManga$page$2.invokeSuspend:196
2026/09/01 14:36:20.031700 POST /api/graphql 200 15.001381906s
2026/09/01 14:36:24.441410 [sandbox] [grpc-default-executor-14] ERROR tsunagu.grpc.ExtensionServiceImpl - extension call failed: HttpException: HTTP error 522 <- OnNextValue: OnError while emitting onNext value: okhttp3.Response.class @ OkHttpExtensionsKt$asObservable$1$requestArbiter$1.request:41; OkHttpExtensionsKt.asObservable$lambda$0:59; RxCompatKt.awaitSingle:13; ExtensionServiceImpl$getPopularManga$page$2.invokeSuspend:196
2026/09/01 15:15:05.940899 GET /proxy/cover/886 502 130.481288ms
2026/09/01 15:15:05.941450 GET /proxy/cover/889 502 126.77565ms
2026/09/01 15:15:05.941493 GET /proxy/cover/885 502 131.108913ms
2026/09/01 15:15:05.941712 GET /proxy/cover/888 502 130.00744ms
2026/09/01 15:15:05.942098 GET /proxy/cover/887 502 130.477874ms
2026/09/01 15:15:05.942130 GET /proxy/cover/890 502 127.85827ms
2026/09/01 15:15:05.974102 GET /proxy/cover/891 502 31.629482ms
2026/09/01 15:15:05.974801 GET /proxy/cover/894 502 31.58669ms
2026/09/01 15:15:05.975335 GET /proxy/cover/892 502 32.414438ms
2026/09/01 15:15:05.975375 GET /proxy/cover/893 502 32.402564ms
2026/09/01 15:15:05.976963 GET /proxy/cover/895 502 33.534083ms
2026/09/01 15:15:05.977764 GET /proxy/cover/896 502 34.259487ms
2026/09/01 15:15:06.005959 GET /proxy/cover/897 502 30.581982ms
2026/09/01 15:15:06.006501 GET /proxy/cover/899 502 30.487889ms
2026/09/01 15:15:06.007528 GET /proxy/cover/902 502 31.205775ms
2026/09/01 15:15:06.007902 GET /proxy/cover/898 502 31.635857ms
2026/09/01 15:15:06.009248 GET /proxy/cover/901 502 31.740552ms
2026/09/01 15:15:06.009407 GET /proxy/cover/903 502 31.152769ms
2026/09/01 15:15:06.039268 GET /proxy/cover/904 502 31.19418ms
2026/09/01 15:15:06.039285 GET /proxy/cover/900 502 32.105219ms
2026/09/01 15:15:06.041022 GET /proxy/cover/908 502 30.728282ms
2026/09/01 15:15:06.041161 GET /proxy/cover/906 502 32.732967ms
2026/09/01 15:15:06.041934 GET /proxy/cover/905 502 34.529044ms
2026/09/01 15:15:06.042174 GET /proxy/cover/939 502 32.066081ms
2026/09/01 15:15:06.071389 GET /proxy/cover/941 502 30.747185ms
2026/09/01 15:15:06.071764 GET /proxy/cover/940 502 31.342434ms
2026/09/01 15:15:06.073805 GET /proxy/cover/943 502 31.114641ms
2026/09/01 15:15:06.073829 GET /proxy/cover/944 502 31.294474ms
2026/09/01 15:15:06.074526 GET /proxy/cover/942 502 32.631231ms
2026/09/01 15:15:06.074669 GET /proxy/cover/945 502 32.571968ms
2026/09/01 15:15:06.104923 GET /proxy/cover/949 502 32.446903ms
2026/09/01 15:15:06.104934 GET /proxy/cover/946 502 32.734048ms
2026/09/01 15:15:06.106095 GET /proxy/cover/947 502 31.724318ms
2026/09/01 15:15:06.106785 GET /proxy/cover/948 502 32.508399ms
2026/09/01 15:15:06.107329 GET /proxy/cover/950 502 32.190516ms
2026/09/01 15:15:06.107688 GET /proxy/cover/951 502 32.416014ms
2026/09/01 15:15:06.136929 GET /proxy/cover/952 502 30.764667ms
2026/09/01 15:15:06.137647 GET /proxy/cover/953 502 31.293022ms
2026/09/01 15:15:06.138427 GET /proxy/cover/954 502 31.291801ms
2026/09/01 15:15:06.138778 GET /proxy/cover/956 502 31.105169ms
2026/09/01 15:15:06.138865 GET /proxy/cover/955 502 32.160737ms
2026/09/01 15:15:06.140034 GET /proxy/cover/957 502 31.468529ms
2026/09/01 15:15:06.169347 GET /proxy/cover/961 502 30.296828ms
2026/09/01 15:15:06.170362 GET /proxy/cover/958 502 31.985631ms
2026/09/01 15:15:06.170445 GET /proxy/cover/962 502 30.904271ms
2026/09/01 15:15:06.172132 GET /proxy/cover/959 502 34.145278ms
2026/09/01 15:15:06.172177 GET /proxy/cover/907 502 31.555818ms
2026/09/01 15:15:06.174008 GET /proxy/cover/960 502 34.532238ms
2026/09/01 15:15:11.216155 GET /proxy/cover/886 502 30.887179ms
2026/09/01 15:15:11.216926 GET /proxy/cover/887 502 30.635128ms
2026/09/01 15:15:11.217893 GET /proxy/cover/885 502 32.686817ms
2026/09/01 15:15:11.218743 GET /proxy/cover/888 502 30.218513ms
2026/09/01 15:15:11.219349 GET /proxy/cover/889 502 30.069658ms
2026/09/01 15:15:11.219436 GET /proxy/cover/890 502 30.532304ms
2026/09/01 15:15:11.248619 GET /proxy/cover/891 502 31.388686ms
2026/09/01 15:15:11.249387 GET /proxy/cover/893 502 30.699593ms
2026/09/01 15:15:11.250084 GET /proxy/cover/892 502 32.357045ms
2026/09/01 15:15:11.250838 GET /proxy/cover/894 502 31.575361ms
2026/09/01 15:15:11.252576 GET /proxy/cover/896 502 32.064021ms
2026/09/01 15:15:11.252867 GET /proxy/cover/895 502 32.638464ms
2026/09/01 15:15:11.280146 GET /proxy/cover/897 502 30.449686ms
2026/09/01 15:15:11.281426 GET /proxy/cover/899 502 31.227315ms
2026/09/01 15:15:11.283360 GET /proxy/cover/898 502 32.861857ms
2026/09/01 15:15:11.283389 GET /proxy/cover/902 502 32.066704ms
2026/09/01 15:15:11.285454 GET /proxy/cover/903 502 31.84221ms
2026/09/01 15:15:11.285790 GET /proxy/cover/901 502 32.29236ms
2026/09/01 15:15:11.313262 GET /proxy/cover/905 502 31.256873ms
2026/09/01 15:15:11.313993 GET /proxy/cover/900 502 32.852615ms
2026/09/01 15:15:11.314920 GET /proxy/cover/906 502 30.746985ms
2026/09/01 15:15:11.316280 GET /proxy/cover/904 502 32.29243ms
2026/09/01 15:15:11.316613 GET /proxy/cover/908 502 30.011231ms
2026/09/01 15:15:11.317382 GET /proxy/cover/939 502 31.018781ms
2026/09/01 15:15:11.345244 GET /proxy/cover/941 502 30.816376ms
2026/09/01 15:15:11.345836 GET /proxy/cover/940 502 31.698913ms
2026/09/01 15:15:11.346539 GET /proxy/cover/942 502 31.10153ms
2026/09/01 15:15:11.347058 GET /proxy/cover/945 502 30.296975ms
2026/09/01 15:15:11.348109 GET /proxy/cover/943 502 29.823805ms
2026/09/01 15:15:11.348865 GET /proxy/cover/944 502 31.805482ms
2026/09/01 15:15:11.376337 GET /proxy/cover/946 502 30.059554ms
2026/09/01 15:15:11.376656 GET /proxy/cover/949 502 30.002239ms
2026/09/01 15:15:11.377718 GET /proxy/cover/948 502 30.768723ms
2026/09/01 15:15:11.378045 GET /proxy/cover/947 502 30.611588ms
2026/09/01 15:15:11.378701 GET /proxy/cover/951 502 29.43073ms
2026/09/01 15:15:11.379905 GET /proxy/cover/950 502 31.050583ms
2026/09/01 15:15:11.408108 GET /proxy/cover/952 502 30.717055ms
2026/09/01 15:15:11.409315 GET /proxy/cover/955 502 31.119784ms
2026/09/01 15:15:11.409798 GET /proxy/cover/953 502 32.186762ms
2026/09/01 15:15:11.410591 GET /proxy/cover/954 502 32.123159ms
2026/09/01 15:15:11.411131 GET /proxy/cover/957 502 30.754835ms
2026/09/01 15:15:11.411132 GET /proxy/cover/956 502 31.780369ms
2026/09/01 15:15:11.440630 GET /proxy/cover/959 502 31.479215ms
2026/09/01 15:15:11.440896 GET /proxy/cover/958 502 30.952504ms
2026/09/01 15:15:11.441546 GET /proxy/cover/961 502 31.287804ms
2026/09/01 15:15:11.442286 GET /proxy/cover/907 502 30.569272ms
2026/09/01 15:15:11.443066 GET /proxy/cover/960 502 32.110372ms
2026/09/01 15:15:11.443762 GET /proxy/cover/962 502 32.156583ms
2026/09/01 15:15:20.812672 [sandbox] [grpc-default-executor-19] WARN tsunagu.grpc.ExtensionServiceImpl - extension call failed: SocketException: Network is unreachable
2026/09/01 15:15:20.960627 [sandbox] [grpc-default-executor-19] WARN tsunagu.grpc.ExtensionServiceImpl - extension call failed: SocketException: Network is unreachable
2026/09/01 15:15:21.037289 GET /proxy/cover/886 502 31.033711ms
2026/09/01 15:15:21.037429 GET /proxy/cover/885 502 31.525607ms
2026/09/01 15:15:21.056760 [sandbox] [grpc-default-executor-20] WARN tsunagu.grpc.ExtensionServiceImpl - extension call failed: SocketException: Network is unreachable
2026/09/01 15:15:21.070057 GET /proxy/cover/887 502 31.518318ms
2026/09/01 15:15:21.070707 GET /proxy/cover/888 502 31.980427ms
2026/09/01 15:15:21.071640 [sandbox] [grpc-default-executor-17] WARN tsunagu.grpc.ExtensionServiceImpl - extension call failed: SocketException: Network is unreachable
2026/09/01 15:15:21.091873 GET /proxy/cover/890 502 33.510525ms
2026/09/01 15:15:21.095502 [sandbox] [grpc-default-executor-20] INFO tsunagu.grpc.ExtensionServiceImpl - extension eu.kanade.tachiyomi.extension.en.batcave has no popular listing, returning empty page
2026/09/01 15:15:21.106172 GET /proxy/cover/891 502 32.759331ms
2026/09/01 15:15:21.107057 GET /proxy/cover/889 502 33.764368ms
2026/09/01 15:15:21.130062 GET /proxy/cover/892 502 31.989842ms
2026/09/01 15:15:21.140876 GET /proxy/cover/893 502 32.420851ms
2026/09/01 15:15:21.162799 GET /proxy/cover/894 502 30.332086ms
2026/09/01 15:15:21.192899 GET /proxy/cover/895 502 30.966688ms
2026/09/01 15:15:21.194470 GET /proxy/cover/896 502 30.847952ms
2026/09/01 15:15:21.225616 GET /proxy/cover/899 502 30.239096ms
2026/09/01 15:15:21.226389 GET /proxy/cover/897 502 32.365337ms
2026/09/01 15:15:21.237184 [sandbox] [grpc-default-executor-17] WARN tsunagu.grpc.ExtensionServiceImpl - extension call failed: SocketException: Network is unreachable
2026/09/01 15:15:21.257288 GET /proxy/cover/898 502 30.584676ms
2026/09/01 15:15:21.258118 GET /proxy/cover/902 502 31.053231ms
2026/09/01 15:15:21.271050 GET /proxy/cover/901 502 32.503874ms
2026/09/01 15:15:21.288624 GET /proxy/cover/903 502 30.622713ms
2026/09/01 15:15:21.290212 GET /proxy/cover/900 502 31.32472ms
2026/09/01 15:15:21.322718 GET /proxy/cover/905 502 33.407209ms
2026/09/01 15:15:21.325120 GET /proxy/cover/904 502 34.490055ms
2026/09/01 15:15:21.354583 GET /proxy/cover/906 502 30.941513ms
2026/09/01 15:15:21.355859 [sandbox] [grpc-default-executor-17] WARN tsunagu.grpc.ExtensionServiceImpl - extension call failed: SocketException: Connection reset @ d.intercept:-1; CloudflareInterceptor.intercept:36; UserAgentInterceptor.intercept:21; UncaughtExceptionInterceptor.intercept:10
2026/09/01 15:15:21.358424 GET /proxy/cover/939 502 32.213106ms
2026/09/01 15:15:21.387697 GET /proxy/cover/908 502 32.053756ms
2026/09/01 15:15:21.389034 [sandbox] [grpc-default-executor-17] INFO tsunagu.grpc.ExtensionServiceImpl - extension eu.kanade.tachiyomi.extension.all.mangafire has no popular listing, returning empty page
2026/09/01 15:15:21.390233 GET /proxy/cover/940 502 33.343485ms
2026/09/01 15:15:21.392571 GET /proxy/cover/941 502 33.258215ms
2026/09/01 15:15:21.421096 GET /proxy/cover/942 502 30.62946ms
2026/09/01 15:15:21.423122 GET /proxy/cover/944 502 29.745055ms
2026/09/01 15:15:21.423324 GET /proxy/cover/945 502 32.483452ms
2026/09/01 15:15:21.455842 GET /proxy/cover/943 502 31.547012ms
2026/09/01 15:15:21.456094 GET /proxy/cover/946 502 31.568146ms
2026/09/01 15:15:21.456976 GET /proxy/cover/907 502 34.386739ms
2026/09/01 15:15:21.489998 GET /proxy/cover/949 502 31.416857ms
2026/09/01 15:15:21.492413 GET /proxy/cover/948 502 33.546016ms
2026/09/01 15:15:21.521636 GET /proxy/cover/947 502 30.543951ms
2026/09/01 15:15:21.524032 GET /proxy/cover/950 502 30.761691ms
2026/09/01 15:15:21.553307 GET /proxy/cover/951 502 30.685856ms
2026/09/01 15:15:21.555155 GET /proxy/cover/952 502 30.137695ms
2026/09/01 15:15:21.588359 GET /proxy/cover/953 502 33.934506ms
2026/09/01 15:15:21.589963 GET /proxy/cover/955 502 34.226297ms
2026/09/01 15:15:21.620780 GET /proxy/cover/956 502 30.08887ms
2026/09/01 15:15:21.620810 GET /proxy/cover/954 502 31.406651ms
2026/09/01 15:15:21.653174 GET /proxy/cover/957 502 31.145668ms
2026/09/01 15:15:21.654100 GET /proxy/cover/959 502 31.856809ms
2026/09/01 15:15:21.684918 GET /proxy/cover/958 502 30.62138ms
2026/09/01 15:15:21.686625 GET /proxy/cover/961 502 31.92298ms
2026/09/01 15:15:21.715537 GET /proxy/cover/960 502 29.550103ms
2026/09/01 15:15:21.717346 GET /proxy/cover/962 502 30.045638ms
2026/09/01 15:15:21.737173 GET /proxy/cover/885 502 31.684536ms
2026/09/01 15:15:21.747948 GET /proxy/cover/886 502 29.949822ms
2026/09/01 15:15:21.769375 GET /proxy/cover/887 502 31.262289ms
2026/09/01 15:15:21.779813 GET /proxy/cover/888 502 30.807228ms
2026/09/01 15:15:21.801056 GET /proxy/cover/890 502 30.485219ms
2026/09/01 15:15:21.801887 POST /api/graphql 200 529.655313ms
2026/09/01 15:15:21.810885 GET /proxy/cover/889 502 29.974616ms
2026/09/01 15:15:21.825484 GET /proxy/cover/891 502 30.299441ms
2026/09/01 15:15:21.829233 [sandbox] [grpc-default-executor-17] INFO tsunagu.grpc.ExtensionServiceImpl - extension eu.kanade.tachiyomi.extension.en.weebcentral has no popular listing, returning empty page
2026/09/01 15:15:21.833860 GET /proxy/cover/892 502 30.619214ms
2026/09/01 15:15:21.842363 GET /proxy/cover/893 502 30.210834ms
2026/09/01 15:15:21.861752 GET /proxy/cover/894 502 31.078537ms
2026/09/01 15:15:21.865246 GET /proxy/cover/895 502 30.560904ms
2026/09/01 15:15:21.874425 GET /proxy/cover/896 502 31.439494ms
2026/09/01 15:15:21.895507 GET /proxy/cover/897 502 32.465265ms
2026/09/01 15:15:21.898767 GET /proxy/cover/899 502 32.579498ms
2026/09/01 15:15:21.907289 GET /proxy/cover/898 502 31.879577ms
2026/09/01 15:15:21.927781 GET /proxy/cover/902 502 31.104343ms
2026/09/01 15:15:21.929982 GET /proxy/cover/901 502 30.391287ms
2026/09/01 15:15:21.938133 GET /proxy/cover/903 502 30.134246ms
2026/09/01 15:15:21.959125 GET /proxy/cover/900 502 30.498443ms
2026/09/01 15:15:21.960986 GET /proxy/cover/905 502 30.487606ms
2026/09/01 15:15:21.969271 GET /proxy/cover/904 502 30.304395ms
2026/09/01 15:15:21.982954 GET /proxy/cover/906 502 29.282114ms
2026/09/01 15:15:21.991184 GET /proxy/cover/939 502 29.65411ms
2026/09/01 15:15:22.001812 GET /proxy/cover/908 502 32.041336ms
2026/09/01 15:15:22.013739 GET /proxy/cover/940 502 30.267058ms
2026/09/01 15:15:22.021861 GET /proxy/cover/941 502 30.223227ms
2026/09/01 15:15:22.033304 GET /proxy/cover/942 502 30.90776ms
2026/09/01 15:15:22.044898 GET /proxy/cover/945 502 30.473089ms
2026/09/01 15:15:22.052916 GET /proxy/cover/944 502 30.406742ms
2026/09/01 15:15:22.064069 GET /proxy/cover/943 502 30.101145ms
2026/09/01 15:15:22.075224 GET /proxy/cover/946 502 29.770584ms
2026/09/01 15:15:22.084328 GET /proxy/cover/949 502 30.716551ms
2026/09/01 15:15:22.094611 GET /proxy/cover/948 502 30.035661ms
2026/09/01 15:15:22.110957 GET /proxy/cover/947 502 35.133215ms
2026/09/01 15:15:22.114550 GET /proxy/cover/907 502 29.676508ms
2026/09/01 15:15:22.125445 GET /proxy/cover/950 502 30.155893ms
2026/09/01 15:15:22.141506 GET /proxy/cover/951 502 29.706655ms
2026/09/01 15:15:22.142538 GET /proxy/cover/952 502 30.273438ms
2026/09/01 15:15:22.145360 GET /proxy/cover/953 502 30.417941ms
2026/09/01 15:15:22.156211 GET /proxy/cover/955 502 30.296014ms
2026/09/01 15:15:22.174414 GET /proxy/cover/956 502 31.38911ms
2026/09/01 15:15:22.175048 GET /proxy/cover/954 502 33.075316ms
2026/09/01 15:15:22.176210 GET /proxy/cover/957 502 30.413279ms
2026/09/01 15:15:22.188995 GET /proxy/cover/959 502 31.750127ms
2026/09/01 15:15:22.206252 GET /proxy/cover/958 502 31.009908ms
2026/09/01 15:15:22.206919 GET /proxy/cover/961 502 31.377071ms
2026/09/01 15:15:22.207761 GET /proxy/cover/885 502 31.089908ms
2026/09/01 15:15:22.219379 GET /proxy/cover/886 502 29.598252ms
2026/09/01 15:15:22.226296 GET /proxy/cover/887 502 29.917945ms
2026/09/01 15:15:22.238428 GET /proxy/cover/888 502 30.89938ms
2026/09/01 15:15:22.239396 GET /proxy/cover/962 502 31.160747ms
2026/09/01 15:15:22.239715 GET /proxy/cover/960 502 31.915543ms
2026/09/01 15:15:22.250117 GET /proxy/cover/890 502 30.141145ms
2026/09/01 15:15:22.257694 GET /proxy/cover/889 502 30.376738ms
2026/09/01 15:15:22.270934 GET /proxy/cover/891 502 31.262302ms
2026/09/01 15:15:22.272063 GET /proxy/cover/892 502 32.011303ms
2026/09/01 15:15:22.272447 GET /proxy/cover/893 502 32.074452ms
2026/09/01 15:15:22.282700 GET /proxy/cover/894 502 32.017569ms
2026/09/01 15:15:22.288789 GET /proxy/cover/895 502 30.634194ms
2026/09/01 15:15:22.303929 GET /proxy/cover/896 502 32.024978ms
2026/09/01 15:15:22.304819 GET /proxy/cover/897 502 32.241472ms
2026/09/01 15:15:22.305475 GET /proxy/cover/899 502 32.514768ms
2026/09/01 15:15:22.315304 GET /proxy/cover/898 502 31.826128ms
2026/09/01 15:15:22.320643 GET /proxy/cover/902 502 31.081658ms
2026/09/01 15:15:22.336142 GET /proxy/cover/903 502 30.896553ms
2026/09/01 15:15:22.336230 GET /proxy/cover/901 502 31.299506ms
2026/09/01 15:15:22.337329 GET /proxy/cover/900 502 31.353812ms
2026/09/01 15:15:22.347027 GET /proxy/cover/905 502 30.882649ms
2026/09/01 15:15:22.352539 GET /proxy/cover/904 502 31.387556ms
2026/09/01 15:15:22.368334 GET /proxy/cover/906 502 31.45267ms
2026/09/01 15:15:22.368626 GET /proxy/cover/908 502 30.776952ms
2026/09/01 15:15:22.369577 GET /proxy/cover/939 502 32.48772ms
2026/09/01 15:15:22.381925 GET /proxy/cover/940 502 33.830292ms
2026/09/01 15:15:22.383143 GET /proxy/cover/941 502 29.959809ms
2026/09/01 15:15:22.399961 GET /proxy/cover/942 502 30.766416ms
2026/09/01 15:15:22.400445 GET /proxy/cover/945 502 31.06645ms
2026/09/01 15:15:22.401281 GET /proxy/cover/944 502 31.072013ms
2026/09/01 15:15:22.413124 GET /proxy/cover/943 502 30.438292ms
2026/09/01 15:15:22.413344 GET /proxy/cover/946 502 29.49026ms
2026/09/01 15:15:22.431579 GET /proxy/cover/949 502 30.771238ms
2026/09/01 15:15:22.433096 GET /proxy/cover/947 502 31.301911ms
2026/09/01 15:15:22.433189 GET /proxy/cover/948 502 32.120618ms
2026/09/01 15:15:22.444800 GET /proxy/cover/950 502 30.770446ms
2026/09/01 15:15:22.445054 GET /proxy/cover/951 502 30.840662ms
2026/09/01 15:15:22.465134 GET /proxy/cover/952 502 32.772686ms
2026/09/01 15:15:22.465297 GET /proxy/cover/953 502 31.484781ms
2026/09/01 15:15:22.466022 GET /proxy/cover/955 502 31.833657ms
2026/09/01 15:15:22.476155 GET /proxy/cover/954 502 30.288837ms
2026/09/01 15:15:22.478235 GET /proxy/cover/956 502 32.169671ms
2026/09/01 15:15:22.497540 GET /proxy/cover/957 502 31.017046ms
2026/09/01 15:15:22.497836 GET /proxy/cover/959 502 31.153027ms
2026/09/01 15:15:22.498471 GET /proxy/cover/907 502 31.680553ms
2026/09/01 15:15:27.283055 POST /api/graphql 200 6.597981403s
2026/09/01 15:15:28.484072 [sandbox] [grpc-default-executor-21] WARN tsunagu.grpc.ExtensionServiceImpl - extension call failed: SocketException: Network is unreachable
2026/09/01 15:15:28.559672 [sandbox] [grpc-default-executor-21] WARN tsunagu.grpc.ExtensionServiceImpl - extension call failed: SocketException: Network is unreachable
2026/09/01 15:15:28.594621 [sandbox] [grpc-default-executor-17] WARN tsunagu.grpc.ExtensionServiceImpl - extension call failed: SocketException: Network is unreachable
2026/09/01 15:15:28.645071 [sandbox] [grpc-default-executor-21] WARN tsunagu.grpc.ExtensionServiceImpl - extension call failed: SocketException: Network is unreachable
2026/09/01 15:15:28.649414 [sandbox] [grpc-default-executor-21] INFO tsunagu.grpc.ExtensionServiceImpl - extension eu.kanade.tachiyomi.extension.en.batcave has no popular listing, returning empty page
2026/09/01 15:15:28.699610 [sandbox] [grpc-default-executor-17] WARN tsunagu.grpc.ExtensionServiceImpl - extension call failed: SocketException: Network is unreachable
2026/09/01 15:15:28.747790 GET /proxy/cover/885 502 33.977083ms
2026/09/01 15:15:28.747964 GET /proxy/cover/887 502 32.930943ms
2026/09/01 15:15:28.749131 GET /proxy/cover/886 502 34.962336ms
2026/09/01 15:15:28.781759 GET /proxy/cover/888 502 31.726203ms
2026/09/01 15:15:28.782206 GET /proxy/cover/890 502 31.991691ms
2026/09/01 15:15:28.814078 GET /proxy/cover/889 502 31.139522ms
2026/09/01 15:15:28.814831 GET /proxy/cover/891 502 31.716842ms
2026/09/01 15:15:28.824349 [sandbox] [grpc-default-executor-17] WARN tsunagu.grpc.ExtensionServiceImpl - extension call failed: SocketException: Connection reset @ d.intercept:-1; CloudflareInterceptor.intercept:36; UserAgentInterceptor.intercept:21; UncaughtExceptionInterceptor.intercept:10
2026/09/01 15:15:28.846749 GET /proxy/cover/892 502 31.53094ms
2026/09/01 15:15:28.850357 [sandbox] [grpc-default-executor-17] INFO tsunagu.grpc.ExtensionServiceImpl - extension eu.kanade.tachiyomi.extension.all.mangafire has no popular listing, returning empty page
2026/09/01 15:15:28.851980 GET /proxy/cover/893 502 36.391674ms
2026/09/01 15:15:28.857462 GET /proxy/cover/894 502 30.704809ms
2026/09/01 15:15:28.884493 GET /proxy/cover/895 502 31.854928ms
2026/09/01 15:15:28.885078 GET /proxy/cover/896 502 32.139398ms
2026/09/01 15:15:28.923012 GET /proxy/cover/897 502 34.552036ms
2026/09/01 15:15:28.935715 GET /proxy/cover/899 502 30.640457ms
2026/09/01 15:15:28.954651 GET /proxy/cover/898 502 30.756644ms
2026/09/01 15:15:28.967883 GET /proxy/cover/902 502 31.364952ms
2026/09/01 15:15:28.985758 GET /proxy/cover/901 502 30.356557ms
2026/09/01 15:15:28.991110 GET /proxy/cover/903 502 31.204025ms
2026/09/01 15:15:28.998853 GET /proxy/cover/900 502 30.364154ms
2026/09/01 15:15:29.016609 GET /proxy/cover/905 502 30.168557ms
2026/09/01 15:15:29.021901 GET /proxy/cover/904 502 30.131558ms
2026/09/01 15:15:29.029952 GET /proxy/cover/906 502 30.243241ms
2026/09/01 15:15:29.052937 GET /proxy/cover/939 502 30.352041ms
2026/09/01 15:15:29.060534 GET /proxy/cover/908 502 29.96995ms
2026/09/01 15:15:29.084286 GET /proxy/cover/940 502 30.705822ms
2026/09/01 15:15:29.092598 GET /proxy/cover/907 502 31.339001ms
2026/09/01 15:15:29.115832 GET /proxy/cover/941 502 30.64522ms
2026/09/01 15:15:29.122745 GET /proxy/cover/942 502 30.561337ms
2026/09/01 15:15:29.147262 GET /proxy/cover/945 502 30.321455ms
2026/09/01 15:15:29.154276 GET /proxy/cover/944 502 30.603939ms
2026/09/01 15:15:29.178999 GET /proxy/cover/943 502 30.556798ms
2026/09/01 15:15:29.186721 GET /proxy/cover/946 502 31.732297ms
2026/09/01 15:15:29.210531 GET /proxy/cover/949 502 30.573483ms
2026/09/01 15:15:29.218713 GET /proxy/cover/948 502 31.276063ms
2026/09/01 15:15:29.243632 GET /proxy/cover/947 502 32.185874ms
2026/09/01 15:15:29.247091 [sandbox] [grpc-default-executor-19] INFO tsunagu.grpc.ExtensionServiceImpl - extension eu.kanade.tachiyomi.extension.en.weebcentral has no popular listing, returning empty page
2026/09/01 15:15:29.250221 GET /proxy/cover/950 502 30.59946ms
2026/09/01 15:15:29.269258 GET /proxy/cover/951 502 41.050949ms
2026/09/01 15:15:29.283686 GET /proxy/cover/952 502 34.895875ms
2026/09/01 15:15:29.286579 GET /proxy/cover/953 502 35.544137ms
2026/09/01 15:15:29.304911 GET /proxy/cover/955 502 34.522813ms
2026/09/01 15:15:29.309632 GET /proxy/cover/954 502 31.589116ms
2026/09/01 15:15:29.320669 GET /proxy/cover/956 502 33.035766ms
2026/09/01 15:15:29.337461 GET /proxy/cover/957 502 31.575335ms
2026/09/01 15:15:29.344554 GET /proxy/cover/959 502 33.894796ms
2026/09/01 15:15:29.353109 GET /proxy/cover/958 502 31.523422ms
2026/09/01 15:15:29.365556 GET /proxy/cover/961 502 32.828624ms
2026/09/01 15:15:29.376988 GET /proxy/cover/960 502 31.471178ms
2026/09/01 15:15:29.385947 GET /proxy/cover/962 502 32.191227ms
2026/09/01 15:15:29.397881 GET /proxy/cover/885 502 31.099128ms
2026/09/01 15:15:29.409879 GET /proxy/cover/886 502 31.976669ms
2026/09/01 15:15:29.424728 GET /proxy/cover/887 502 38.104863ms
2026/09/01 15:15:29.430652 GET /proxy/cover/888 502 31.630355ms
2026/09/01 15:15:29.444796 GET /proxy/cover/890 502 33.672502ms
2026/09/01 15:15:29.460086 GET /proxy/cover/889 502 34.253738ms
2026/09/01 15:15:29.468260 GET /proxy/cover/891 502 37.11126ms
2026/09/01 15:15:29.480612 GET /proxy/cover/892 502 34.712667ms
2026/09/01 15:15:29.494744 GET /proxy/cover/893 502 33.725677ms
2026/09/01 15:15:29.500700 GET /proxy/cover/894 502 31.776332ms
2026/09/01 15:15:29.524860 GET /proxy/cover/895 502 43.388488ms
2026/09/01 15:15:29.533048 GET /proxy/cover/896 502 37.477236ms
2026/09/01 15:15:29.534258 GET /proxy/cover/897 502 32.824425ms
2026/09/01 15:15:29.563840 GET /proxy/cover/899 502 38.113893ms
2026/09/01 15:15:29.570670 GET /proxy/cover/902 502 35.960304ms
2026/09/01 15:15:29.575696 GET /proxy/cover/898 502 41.717068ms
2026/09/01 15:15:29.597959 GET /proxy/cover/901 502 33.192175ms
2026/09/01 15:15:29.602814 GET /proxy/cover/903 502 31.547765ms
2026/09/01 15:15:29.606935 GET /proxy/cover/900 502 30.82459ms
2026/09/01 15:15:29.622665 GET /proxy/cover/905 502 40.445008ms
2026/09/01 15:15:29.630656 GET /proxy/cover/904 502 31.764457ms
2026/09/01 15:15:29.634239 GET /proxy/cover/906 502 30.431916ms
2026/09/01 15:15:29.637628 GET /proxy/cover/939 502 29.858677ms
2026/09/01 15:15:29.654382 GET /proxy/cover/908 502 30.735115ms
2026/09/01 15:15:29.654600 GET /proxy/cover/940 502 30.863726ms
2026/09/01 15:15:29.663133 GET /proxy/cover/941 502 31.513691ms
2026/09/01 15:15:29.665986 GET /proxy/cover/942 502 30.983496ms
2026/09/01 15:15:29.668221 GET /proxy/cover/945 502 30.022814ms
2026/09/01 15:15:29.686186 GET /proxy/cover/944 502 30.919066ms
2026/09/01 15:15:29.687700 GET /proxy/cover/943 502 32.18846ms
2026/09/01 15:15:29.694349 GET /proxy/cover/946 502 30.222239ms
2026/09/01 15:15:29.698305 GET /proxy/cover/907 502 31.758403ms
2026/09/01 15:15:29.700441 GET /proxy/cover/949 502 31.570675ms
2026/09/01 15:15:29.717762 GET /proxy/cover/948 502 30.678722ms
2026/09/01 15:15:29.719102 GET /proxy/cover/947 502 30.841066ms
2026/09/01 15:15:29.725892 GET /proxy/cover/950 502 30.670063ms
2026/09/01 15:15:29.729834 GET /proxy/cover/951 502 30.843862ms
2026/09/01 15:15:29.730691 GET /proxy/cover/952 502 29.797934ms
2026/09/01 15:15:29.748868 GET /proxy/cover/953 502 30.088287ms
2026/09/01 15:15:29.750168 GET /proxy/cover/885 502 30.390395ms
2026/09/01 15:15:29.756994 GET /proxy/cover/886 502 30.268269ms
2026/09/01 15:15:29.761218 GET /proxy/cover/888 502 30.093288ms
2026/09/01 15:15:29.761916 GET /proxy/cover/887 502 31.429377ms
2026/09/01 15:15:29.781014 GET /proxy/cover/890 502 30.947488ms
2026/09/01 15:15:29.781923 GET /proxy/cover/889 502 30.982323ms
2026/09/01 15:15:29.788459 GET /proxy/cover/891 502 30.540471ms
2026/09/01 15:15:29.791763 GET /proxy/cover/892 502 29.852975ms
2026/09/01 15:15:29.791914 GET /proxy/cover/893 502 29.534771ms
2026/09/01 15:15:29.812622 GET /proxy/cover/895 502 30.09403ms
2026/09/01 15:15:29.812878 GET /proxy/cover/894 502 31.183943ms
2026/09/01 15:15:29.819653 GET /proxy/cover/896 502 30.425271ms
2026/09/01 15:15:29.823072 GET /proxy/cover/897 502 30.068734ms
2026/09/01 15:15:29.823984 GET /proxy/cover/899 502 30.735045ms
2026/09/01 15:15:29.844783 GET /proxy/cover/902 502 30.806431ms
2026/09/01 15:15:29.844844 GET /proxy/cover/898 502 31.083304ms
2026/09/01 15:15:29.852172 GET /proxy/cover/955 502 31.425198ms
2026/09/01 15:15:29.856389 GET /proxy/cover/956 502 32.018259ms
2026/09/01 15:15:29.856521 GET /proxy/cover/954 502 32.947693ms
2026/09/01 15:15:29.876740 GET /proxy/cover/957 502 31.069695ms
2026/09/01 15:15:29.879243 GET /proxy/cover/959 502 33.357396ms
2026/09/01 15:15:29.882930 GET /proxy/cover/958 502 30.106947ms
2026/09/01 15:15:29.888146 GET /proxy/cover/960 502 31.251139ms
2026/09/01 15:15:29.888361 GET /proxy/cover/961 502 31.560743ms
2026/09/01 15:15:29.909564 GET /proxy/cover/962 502 31.932853ms
2026/09/01 15:15:29.910382 GET /proxy/cover/901 502 30.827426ms
2026/09/01 15:15:29.913640 GET /proxy/cover/903 502 30.413536ms
2026/09/01 15:15:29.917924 GET /proxy/cover/900 502 29.443343ms
2026/09/01 15:15:29.918882 GET /proxy/cover/905 502 30.211214ms
2026/09/01 15:15:40.306169 [sandbox] [grpc-default-executor-18] ERROR tsunagu.grpc.ExtensionServiceImpl - extension call failed: HttpException: HTTP error 522 <- OnNextValue: OnError while emitting onNext value: okhttp3.Response.class @ OkHttpExtensionsKt$asObservable$1$requestArbiter$1.request:41; OkHttpExtensionsKt.asObservable$lambda$0:59; RxCompatKt.awaitSingle:13; ExtensionServiceImpl$getPopularManga$page$2.invokeSuspend:196
2026/09/01 15:15:43.425392 POST /api/graphql 200 15.001239615s
2026/09/01 15:15:46.318152 [sandbox] [grpc-default-executor-19] WARN tsunagu.grpc.ExtensionServiceImpl - extension call failed: SocketException: Network is unreachable
2026/09/01 15:15:46.408000 [sandbox] [grpc-default-executor-17] WARN tsunagu.grpc.ExtensionServiceImpl - extension call failed: SocketException: Network is unreachable
2026/09/01 15:15:46.414314 [sandbox] [grpc-default-executor-19] WARN tsunagu.grpc.ExtensionServiceImpl - extension call failed: SocketException: Network is unreachable
2026/09/01 15:15:46.506073 [sandbox] [grpc-default-executor-17] WARN tsunagu.grpc.ExtensionServiceImpl - extension call failed: SocketException: Network is unreachable
2026/09/01 15:15:46.511122 [sandbox] [grpc-default-executor-19] WARN tsunagu.grpc.ExtensionServiceImpl - extension call failed: SocketException: Network is unreachable
2026/09/01 15:15:46.511661 [sandbox] [grpc-default-executor-17] INFO tsunagu.grpc.ExtensionServiceImpl - extension eu.kanade.tachiyomi.extension.en.batcave has no popular listing, returning empty page
2026/09/01 15:15:46.587993 [sandbox] [grpc-default-executor-19] WARN tsunagu.grpc.ExtensionServiceImpl - extension call failed: SocketException: Connection reset @ d.intercept:-1; CloudflareInterceptor.intercept:36; UserAgentInterceptor.intercept:21; UncaughtExceptionInterceptor.intercept:10
2026/09/01 15:15:46.602569 GET /proxy/cover/885 502 31.264729ms
2026/09/01 15:15:46.605731 GET /proxy/cover/886 502 32.298807ms
2026/09/01 15:15:46.606359 [sandbox] [grpc-default-executor-19] INFO tsunagu.grpc.ExtensionServiceImpl - extension eu.kanade.tachiyomi.extension.all.mangafire has no popular listing, returning empty page
2026/09/01 15:15:46.623936 GET /proxy/cover/887 502 34.093664ms
2026/09/01 15:15:46.650369 GET /proxy/cover/890 502 42.44027ms
2026/09/01 15:15:46.650405 GET /proxy/cover/888 502 43.692247ms
2026/09/01 15:15:46.683640 GET /proxy/cover/889 502 31.908229ms
2026/09/01 15:15:46.704404 GET /proxy/cover/891 502 52.367729ms
2026/09/01 15:15:46.718671 GET /proxy/cover/892 502 31.832664ms
2026/09/01 15:15:46.754359 GET /proxy/cover/893 502 32.400278ms
2026/09/01 15:15:46.757688 GET /proxy/cover/894 502 32.453814ms
2026/09/01 15:15:46.787659 GET /proxy/cover/895 502 32.084564ms
2026/09/01 15:15:46.813991 GET /proxy/cover/896 502 55.195963ms
2026/09/01 15:15:46.814011 GET /proxy/cover/897 502 44.094695ms
2026/09/01 15:15:46.844904 GET /proxy/cover/899 502 32.053349ms
2026/09/01 15:15:46.846308 GET /proxy/cover/898 502 30.687808ms
2026/09/01 15:15:46.848140 GET /proxy/cover/902 502 31.516138ms
2026/09/01 15:15:46.881300 GET /proxy/cover/901 502 32.751215ms
2026/09/01 15:15:46.881323 GET /proxy/cover/903 502 32.089253ms
2026/09/01 15:15:46.898812 GET /proxy/cover/900 502 30.773261ms
2026/09/01 15:15:46.919164 GET /proxy/cover/905 502 35.834866ms
2026/09/01 15:15:46.932103 GET /proxy/cover/904 502 32.130596ms
2026/09/01 15:15:46.951493 GET /proxy/cover/906 502 31.029038ms
2026/09/01 15:15:46.964493 GET /proxy/cover/939 502 31.408296ms
2026/09/01 15:15:46.984017 GET /proxy/cover/908 502 31.599397ms
2026/09/01 15:15:46.996268 GET /proxy/cover/885 502 31.020553ms
2026/09/01 15:15:47.015802 GET /proxy/cover/886 502 30.887743ms
2026/09/01 15:15:47.028645 GET /proxy/cover/887 502 31.314548ms
2026/09/01 15:15:47.052275 GET /proxy/cover/888 502 35.325633ms
2026/09/01 15:15:47.059424 GET /proxy/cover/890 502 29.731646ms
2026/09/01 15:15:47.083515 GET /proxy/cover/889 502 30.134741ms
2026/09/01 15:15:47.086192 GET /proxy/cover/891 502 30.410651ms
2026/09/01 15:15:47.116344 GET /proxy/cover/892 502 31.662723ms
2026/09/01 15:15:47.119579 GET /proxy/cover/893 502 32.634347ms
2026/09/01 15:15:47.150111 GET /proxy/cover/894 502 32.676062ms
2026/09/01 15:15:47.150623 GET /proxy/cover/895 502 32.742579ms
2026/09/01 15:15:47.152255 GET /proxy/cover/896 502 31.853511ms
2026/09/01 15:15:47.153244 [sandbox] [grpc-default-executor-19] INFO tsunagu.grpc.ExtensionServiceImpl - extension eu.kanade.tachiyomi.extension.en.weebcentral has no popular listing, returning empty page
2026/09/01 15:15:47.182003 GET /proxy/cover/897 502 30.360762ms
2026/09/01 15:15:47.182866 GET /proxy/cover/885 502 30.075947ms
2026/09/01 15:15:47.184402 GET /proxy/cover/886 502 29.925409ms
2026/09/01 15:15:47.214202 GET /proxy/cover/887 502 31.538272ms
2026/09/01 15:15:47.215138 GET /proxy/cover/899 502 30.332282ms
2026/09/01 15:15:47.215895 GET /proxy/cover/888 502 32.622056ms
2026/09/01 15:15:47.246483 GET /proxy/cover/898 502 31.516774ms
2026/09/01 15:15:47.248256 GET /proxy/cover/901 502 31.876292ms
2026/09/01 15:15:47.248326 GET /proxy/cover/902 502 32.603984ms
2026/09/01 15:15:47.270856 GET /proxy/cover/903 502 30.553044ms
2026/09/01 15:15:47.279326 GET /proxy/cover/900 502 30.293884ms
2026/09/01 15:15:47.279964 GET /proxy/cover/905 502 30.727283ms
2026/09/01 15:15:47.301982 GET /proxy/cover/904 502 30.32594ms
2026/09/01 15:15:47.310236 GET /proxy/cover/906 502 30.12292ms
2026/09/01 15:15:47.310992 GET /proxy/cover/939 502 30.457284ms
2026/09/01 15:15:47.333328 GET /proxy/cover/908 502 30.465188ms
2026/09/01 15:15:47.342367 GET /proxy/cover/890 502 31.271208ms
2026/09/01 15:15:47.342563 GET /proxy/cover/889 502 31.01315ms
2026/09/01 15:15:47.363064 GET /proxy/cover/891 502 30.691028ms
2026/09/01 15:15:47.364055 GET /proxy/cover/885 502 30.06623ms
2026/09/01 15:15:47.374403 GET /proxy/cover/886 502 30.643955ms
2026/09/01 15:15:47.374615 GET /proxy/cover/887 502 30.517661ms
2026/09/01 15:15:47.394750 GET /proxy/cover/892 502 30.087728ms
2026/09/01 15:15:47.395257 GET /proxy/cover/888 502 31.208507ms
2026/09/01 15:15:47.405265 GET /proxy/cover/893 502 29.912086ms
2026/09/01 15:15:47.406699 GET /proxy/cover/894 502 30.442297ms
2026/09/01 15:15:47.428571 GET /proxy/cover/895 502 32.565044ms
2026/09/01 15:15:47.429265 GET /proxy/cover/896 502 32.786578ms
2026/09/01 15:15:47.436014 GET /proxy/cover/897 502 29.966443ms
2026/09/01 15:15:47.436938 GET /proxy/cover/899 502 29.83558ms
2026/09/01 15:15:47.459385 GET /proxy/cover/898 502 30.163242ms
2026/09/01 15:15:47.460666 GET /proxy/cover/902 502 30.897024ms
2026/09/01 15:15:47.467594 GET /proxy/cover/901 502 30.940632ms
2026/09/01 15:15:47.468305 GET /proxy/cover/903 502 30.82157ms
2026/09/01 15:15:47.490612 GET /proxy/cover/905 502 29.438816ms
2026/09/01 15:15:47.490822 GET /proxy/cover/900 502 30.575364ms
2026/09/01 15:15:47.498572 GET /proxy/cover/904 502 30.267757ms
2026/09/01 15:15:47.498811 GET /proxy/cover/906 502 30.087267ms
2026/09/01 15:15:47.524028 GET /proxy/cover/939 502 32.395063ms
2026/09/01 15:15:47.573421 GET /proxy/cover/886 502 32.461751ms
2026/09/01 15:15:47.573478 GET /proxy/cover/885 502 33.732296ms
2026/09/01 15:15:47.574031 GET /proxy/cover/887 502 33.03037ms
2026/09/01 15:15:47.574661 GET /proxy/cover/890 502 33.548389ms
2026/09/01 15:15:47.575021 GET /proxy/cover/888 502 34.000872ms
2026/09/01 15:15:47.605983 GET /proxy/cover/891 502 30.906952ms
2026/09/01 15:15:47.606227 GET /proxy/cover/889 502 31.228753ms
2026/09/01 15:15:47.607896 GET /proxy/cover/892 502 32.370829ms
2026/09/01 15:15:47.607919 GET /proxy/cover/893 502 31.948941ms
2026/09/01 15:15:47.608711 GET /proxy/cover/894 502 32.542213ms
2026/09/01 15:15:47.638094 GET /proxy/cover/895 502 31.119639ms
2026/09/01 15:15:47.638411 GET /proxy/cover/896 502 31.198238ms
2026/09/01 15:15:47.639266 GET /proxy/cover/899 502 30.560567ms
2026/09/01 15:15:47.639533 GET /proxy/cover/898 502 30.327082ms
2026/09/01 15:15:47.640248 GET /proxy/cover/897 502 31.557977ms
2026/09/01 15:15:47.669778 GET /proxy/cover/902 502 30.808938ms
2026/09/01 15:15:47.670976 GET /proxy/cover/900 502 31.160732ms
2026/09/01 15:15:47.671257 GET /proxy/cover/901 502 32.159836ms
2026/09/01 15:15:47.672111 GET /proxy/cover/905 502 31.601374ms
2026/09/01 15:15:47.672383 GET /proxy/cover/903 502 32.795243ms
2026/09/01 15:15:47.700487 GET /proxy/cover/908 502 30.302098ms
2026/09/01 15:15:47.985482 [sandbox] [grpc-default-executor-20] ERROR tsunagu.grpc.ExtensionServiceImpl - extension call failed: HttpException: HTTP error 522 <- OnNextValue: OnError while emitting onNext value: okhttp3.Response.class @ OkHttpExtensionsKt$asObservable$1$requestArbiter$1.request:41; OkHttpExtensionsKt.asObservable$lambda$0:59; RxCompatKt.awaitSingle:13; ExtensionServiceImpl$getPopularManga$page$2.invokeSuspend:196
2026/09/01 15:15:55.120265 POST /api/graphql 200 8.861585392s
2026/09/01 15:15:55.245634 [sandbox] [grpc-default-executor-19] WARN tsunagu.grpc.ExtensionServiceImpl - extension call failed: SocketException: Network is unreachable
2026/09/01 15:15:55.408993 [sandbox] [grpc-default-executor-20] WARN tsunagu.grpc.ExtensionServiceImpl - extension call failed: SocketException: Network is unreachable
2026/09/01 15:15:55.421303 [sandbox] [grpc-default-executor-19] WARN tsunagu.grpc.ExtensionServiceImpl - extension call failed: SocketException: Network is unreachable
2026/09/01 15:15:55.490061 GET /proxy/cover/886 502 47.401026ms
2026/09/01 15:15:55.490134 GET /proxy/cover/885 502 49.172018ms
2026/09/01 15:15:55.525544 GET /proxy/cover/887 502 34.363723ms
2026/09/01 15:15:55.527350 GET /proxy/cover/888 502 36.011155ms
2026/09/01 15:15:55.548753 [sandbox] [grpc-default-executor-21] WARN tsunagu.grpc.ExtensionServiceImpl - extension call failed: SocketException: Network is unreachable
2026/09/01 15:15:55.558192 GET /proxy/cover/890 502 31.455717ms
2026/09/01 15:15:55.559158 GET /proxy/cover/889 502 30.880949ms
2026/09/01 15:15:55.561610 [sandbox] [grpc-default-executor-21] INFO tsunagu.grpc.ExtensionServiceImpl - extension eu.kanade.tachiyomi.extension.en.batcave has no popular listing, returning empty page
2026/09/01 15:15:55.564904 [sandbox] [grpc-default-executor-20] WARN tsunagu.grpc.ExtensionServiceImpl - extension call failed: SocketException: Network is unreachable
2026/09/01 15:15:55.581110 GET /proxy/cover/891 502 30.88702ms
2026/09/01 15:15:55.592061 GET /proxy/cover/892 502 31.774349ms
2026/09/01 15:15:55.602069 GET /proxy/cover/893 502 38.784862ms
2026/09/01 15:15:55.628766 GET /proxy/cover/894 502 35.919819ms
2026/09/01 15:15:55.634753 GET /proxy/cover/895 502 31.354785ms
2026/09/01 15:15:55.636641 GET /proxy/cover/896 502 32.232769ms
2026/09/01 15:15:55.665841 GET /proxy/cover/897 502 30.248524ms
2026/09/01 15:15:55.667097 GET /proxy/cover/899 502 29.615087ms
2026/09/01 15:15:55.689658 [sandbox] [grpc-default-executor-19] WARN tsunagu.grpc.ExtensionServiceImpl - extension call failed: SocketException: Connection reset @ d.intercept:-1; CloudflareInterceptor.intercept:36; UserAgentInterceptor.intercept:21; UncaughtExceptionInterceptor.intercept:10
2026/09/01 15:15:55.699449 GET /proxy/cover/902 502 31.627308ms
2026/09/01 15:15:55.699661 GET /proxy/cover/898 502 32.477735ms
2026/09/01 15:15:55.703046 [sandbox] [grpc-default-executor-19] INFO tsunagu.grpc.ExtensionServiceImpl - extension eu.kanade.tachiyomi.extension.all.mangafire has no popular listing, returning empty page
2026/09/01 15:15:55.722423 GET /proxy/cover/901 502 31.297729ms
2026/09/01 15:15:55.732492 GET /proxy/cover/903 502 30.908045ms
2026/09/01 15:15:55.735803 GET /proxy/cover/900 502 31.222541ms
2026/09/01 15:15:55.774367 GET /proxy/cover/905 502 40.855784ms
2026/09/01 15:15:55.776520 GET /proxy/cover/904 502 40.160642ms
2026/09/01 15:15:55.807938 GET /proxy/cover/906 502 32.360886ms
2026/09/01 15:15:55.810429 GET /proxy/cover/939 502 33.051701ms
2026/09/01 15:15:55.839240 GET /proxy/cover/908 502 30.432517ms
2026/09/01 15:15:55.842079 GET /proxy/cover/940 502 31.219075ms
2026/09/01 15:15:55.871536 GET /proxy/cover/941 502 31.441544ms
2026/09/01 15:15:55.872637 GET /proxy/cover/942 502 29.957479ms
2026/09/01 15:15:55.873662 GET /proxy/cover/945 502 29.871533ms
2026/09/01 15:15:55.904643 GET /proxy/cover/907 502 30.102856ms
2026/09/01 15:15:55.904677 GET /proxy/cover/944 502 30.250999ms
2026/09/01 15:15:55.930474 GET /proxy/cover/943 502 30.589824ms
2026/09/01 15:15:55.937283 GET /proxy/cover/946 502 31.028501ms
2026/09/01 15:15:55.938628 GET /proxy/cover/949 502 31.182492ms
2026/09/01 15:15:55.942622 [sandbox] [grpc-default-executor-19] INFO tsunagu.grpc.ExtensionServiceImpl - extension eu.kanade.tachiyomi.extension.en.weebcentral has no popular listing, returning empty page
2026/09/01 15:15:55.972136 GET /proxy/cover/948 502 32.824375ms
2026/09/01 15:15:55.975666 GET /proxy/cover/947 502 31.094262ms
2026/09/01 15:15:55.984454 GET /proxy/cover/950 502 31.870943ms
2026/09/01 15:15:56.000507 GET /proxy/cover/951 502 31.419626ms
2026/09/01 15:15:56.004254 GET /proxy/cover/952 502 30.743011ms
2026/09/01 15:15:56.006685 GET /proxy/cover/953 502 30.138977ms
2026/09/01 15:15:56.032813 GET /proxy/cover/955 502 31.092239ms
2026/09/01 15:15:56.034775 GET /proxy/cover/954 502 29.763705ms
2026/09/01 15:15:56.037394 GET /proxy/cover/956 502 30.024998ms
2026/09/01 15:15:56.062905 GET /proxy/cover/957 502 29.304638ms
2026/09/01 15:15:56.064281 GET /proxy/cover/959 502 28.948004ms
2026/09/01 15:15:56.067678 GET /proxy/cover/958 502 29.531562ms
2026/09/01 15:15:56.094806 GET /proxy/cover/961 502 31.124891ms
2026/09/01 15:15:56.095891 GET /proxy/cover/960 502 31.190302ms
2026/09/01 15:15:56.097958 GET /proxy/cover/962 502 29.632394ms
2026/09/01 15:15:56.126544 GET /proxy/cover/885 502 30.969829ms
2026/09/01 15:15:56.126790 GET /proxy/cover/886 502 30.412695ms
2026/09/01 15:15:56.128061 GET /proxy/cover/887 502 29.564789ms
2026/09/01 15:15:56.158084 GET /proxy/cover/888 502 30.543757ms
2026/09/01 15:15:56.158084 GET /proxy/cover/890 502 30.331518ms
2026/09/01 15:15:56.159857 GET /proxy/cover/889 502 30.493192ms
2026/09/01 15:15:56.193940 GET /proxy/cover/891 502 34.73125ms
2026/09/01 15:15:56.196495 GET /proxy/cover/892 502 36.96887ms
2026/09/01 15:15:56.196522 GET /proxy/cover/893 502 35.355958ms
2026/09/01 15:15:56.218638 GET /proxy/cover/894 502 44.884949ms
2026/09/01 15:15:56.249369 GET /proxy/cover/895 502 51.696367ms
2026/09/01 15:15:56.249674 GET /proxy/cover/897 502 29.864687ms
2026/09/01 15:15:56.250103 GET /proxy/cover/896 502 52.079025ms
2026/09/01 15:15:56.277142 GET /proxy/cover/899 502 30.078559ms
2026/09/01 15:15:56.282183 GET /proxy/cover/898 502 30.628111ms
2026/09/01 15:15:56.283544 GET /proxy/cover/902 502 31.67251ms
2026/09/01 15:15:56.309405 GET /proxy/cover/901 502 31.4666ms
2026/09/01 15:15:56.313653 GET /proxy/cover/903 502 30.403779ms
2026/09/01 15:15:56.314306 GET /proxy/cover/900 502 30.001248ms
2026/09/01 15:15:56.340370 GET /proxy/cover/905 502 29.881435ms
2026/09/01 15:15:56.344773 GET /proxy/cover/904 502 30.266648ms
2026/09/01 15:15:56.346410 GET /proxy/cover/906 502 31.589118ms
2026/09/01 15:15:56.371779 GET /proxy/cover/939 502 30.568799ms
2026/09/01 15:15:56.375493 GET /proxy/cover/908 502 29.864065ms
2026/09/01 15:15:56.376730 GET /proxy/cover/940 502 29.371241ms
2026/09/01 15:15:56.404514 GET /proxy/cover/941 502 31.628414ms
2026/09/01 15:15:56.405859 GET /proxy/cover/942 502 29.81333ms
2026/09/01 15:15:56.407295 GET /proxy/cover/945 502 30.17349ms
2026/09/01 15:15:56.439840 GET /proxy/cover/944 502 34.392547ms
2026/09/01 15:15:56.441294 GET /proxy/cover/907 502 34.747628ms
2026/09/01 15:15:56.441555 GET /proxy/cover/885 502 33.718615ms
2026/09/01 15:15:56.471889 GET /proxy/cover/886 502 30.870831ms
2026/09/01 15:15:56.472740 GET /proxy/cover/887 502 30.844927ms
2026/09/01 15:15:56.472978 GET /proxy/cover/888 502 30.78189ms
2026/09/01 15:15:56.496846 GET /proxy/cover/890 502 31.263176ms
2026/09/01 15:15:56.504075 GET /proxy/cover/943 502 30.245552ms
2026/09/01 15:15:56.504276 GET /proxy/cover/889 502 31.517697ms
2026/09/01 15:15:56.507393 GET /proxy/cover/946 502 33.375113ms
2026/09/01 15:15:56.528397 GET /proxy/cover/949 502 30.502226ms
2026/09/01 15:15:56.528762 GET /proxy/cover/948 502 30.512644ms
2026/09/01 15:15:56.536027 GET /proxy/cover/947 502 30.88183ms
2026/09/01 15:15:56.536606 GET /proxy/cover/950 502 31.213451ms
2026/09/01 15:15:56.538043 GET /proxy/cover/951 502 29.773032ms
2026/09/01 15:15:56.560525 GET /proxy/cover/953 502 30.624764ms
2026/09/01 15:15:56.560836 GET /proxy/cover/952 502 31.207742ms
2026/09/01 15:15:56.568035 GET /proxy/cover/955 502 30.56347ms
2026/09/01 15:15:56.568856 GET /proxy/cover/954 502 31.045998ms
2026/09/01 15:15:56.569913 GET /proxy/cover/956 502 31.120965ms
2026/09/01 15:15:56.592954 GET /proxy/cover/957 502 31.225802ms
2026/09/01 15:15:56.594193 GET /proxy/cover/959 502 32.249807ms
2026/09/01 15:15:56.603110 GET /proxy/cover/958 502 33.915108ms
2026/09/01 15:15:56.604473 GET /proxy/cover/961 502 34.942919ms
2026/09/01 15:15:56.607177 GET /proxy/cover/960 502 36.284631ms
2026/09/01 15:15:56.679166 GET /proxy/cover/962 502 84.820824ms
2026/09/01 15:15:56.679297 GET /proxy/cover/891 502 84.47553ms
2026/09/01 15:15:56.679329 GET /proxy/cover/894 502 71.533317ms
2026/09/01 15:15:56.679383 GET /proxy/cover/893 502 74.450058ms
2026/09/01 15:15:56.679430 GET /proxy/cover/892 502 75.568211ms
2026/09/01 15:15:56.717507 GET /proxy/cover/885 502 36.536758ms
2026/09/01 15:15:56.717698 GET /proxy/cover/895 502 36.238232ms
2026/09/01 15:15:56.718394 GET /proxy/cover/896 502 36.838298ms
2026/09/01 15:15:56.719100 GET /proxy/cover/897 502 37.410308ms
2026/09/01 15:15:56.720458 GET /proxy/cover/899 502 38.786709ms
2026/09/01 15:15:56.753703 GET /proxy/cover/898 502 34.977317ms
2026/09/01 15:15:56.753939 GET /proxy/cover/901 502 34.738592ms
2026/09/01 15:15:56.754029 GET /proxy/cover/902 502 34.957693ms
2026/09/01 15:15:56.754184 GET /proxy/cover/903 502 34.633465ms
2026/09/01 15:15:56.754490 GET /proxy/cover/900 502 33.554607ms
2026/09/01 15:15:56.786196 GET /proxy/cover/905 502 31.23014ms
2026/09/01 15:15:56.786918 GET /proxy/cover/904 502 31.582397ms
2026/09/01 15:15:56.787413 GET /proxy/cover/906 502 31.990648ms
2026/09/01 15:15:56.787552 GET /proxy/cover/939 502 31.96815ms
2026/09/01 15:15:56.789026 GET /proxy/cover/908 502 33.29652ms
2026/09/01 15:15:56.819408 GET /proxy/cover/940 502 32.256157ms
2026/09/01 15:15:56.820614 GET /proxy/cover/941 502 33.050262ms
2026/09/01 15:15:56.822129 GET /proxy/cover/945 502 33.997628ms
2026/09/01 15:15:56.823160 GET /proxy/cover/942 502 35.210532ms
2026/09/01 15:15:56.824717 GET /proxy/cover/944 502 34.87346ms
2026/09/01 15:15:56.853685 GET /proxy/cover/907 502 33.289227ms
2026/09/01 15:15:56.854645 GET /proxy/cover/886 502 33.508439ms
2026/09/01 15:15:56.855273 GET /proxy/cover/887 502 32.691114ms
2026/09/01 15:15:56.855830 GET /proxy/cover/888 502 32.29345ms
2026/09/01 15:16:05.903661 [sandbox] [grpc-default-executor-18] ERROR tsunagu.grpc.ExtensionServiceImpl - extension call failed: HttpException: HTTP error 522 <- OnNextValue: OnError while emitting onNext value: okhttp3.Response.class @ OkHttpExtensionsKt$asObservable$1$requestArbiter$1.request:41; OkHttpExtensionsKt.asObservable$lambda$0:59; RxCompatKt.awaitSingle:13; ExtensionServiceImpl$getPopularManga$page$2.invokeSuspend:196
2026/09/01 15:16:06.842666 [sandbox] [grpc-default-executor-17] ERROR tsunagu.grpc.ExtensionServiceImpl - extension call failed: HttpException: HTTP error 523 <- OnNextValue: OnError while emitting onNext value: okhttp3.Response.class @ OkHttpExtensionsKt$asObservable$1$requestArbiter$1.request:41; OkHttpExtensionsKt.asObservable$lambda$0:59; RxCompatKt.awaitSingle:13; ExtensionServiceImpl$getPopularManga$page$2.invokeSuspend:196
2026/09/01 15:16:06.843089 POST /api/graphql 200 11.700161047s
2026/09/01 15:16:49.124613 [sandbox] [grpc-default-executor-17] WARN tsunagu.grpc.ExtensionServiceImpl - extension call failed: SocketException: Network is unreachable
2026/09/01 15:16:49.450425 [sandbox] [grpc-default-executor-17] WARN tsunagu.grpc.ExtensionServiceImpl - extension call failed: SocketException: Network is unreachable
2026/09/01 15:16:49.451625 [sandbox] [grpc-default-executor-20] WARN tsunagu.grpc.ExtensionServiceImpl - extension call failed: SocketException: Network is unreachable
2026/09/01 15:16:49.564163 POST /api/graphql 200 559.054777ms
2026/09/01 15:16:49.663784 [sandbox] [grpc-default-executor-17] WARN tsunagu.grpc.ExtensionServiceImpl - extension call failed: SocketException: Network is unreachable
2026/09/01 15:16:49.664332 [sandbox] [grpc-default-executor-20] WARN tsunagu.grpc.ExtensionServiceImpl - extension call failed: SocketException: Network is unreachable
2026/09/01 15:16:49.688148 GET /proxy/cover/885 502 96.290838ms
2026/09/01 15:16:49.688589 GET /proxy/cover/886 502 95.459234ms
2026/09/01 15:16:49.692943 [sandbox] [grpc-default-executor-20] INFO tsunagu.grpc.ExtensionServiceImpl - extension eu.kanade.tachiyomi.extension.en.batcave has no popular listing, returning empty page
2026/09/01 15:16:49.695740 GET /proxy/cover/887 502 30.721814ms
2026/09/01 15:16:49.696679 GET /proxy/cover/888 502 31.338854ms
2026/09/01 15:16:49.724548 GET /proxy/cover/890 502 30.250986ms
2026/09/01 15:16:49.745910 GET /proxy/cover/889 502 48.505443ms
2026/09/01 15:16:49.756332 GET /proxy/cover/891 502 30.614448ms
2026/09/01 15:16:49.778212 GET /proxy/cover/892 502 31.143427ms
2026/09/01 15:16:49.885292 GET /proxy/cover/893 502 128.176716ms
2026/09/01 15:16:49.891509 [sandbox] [grpc-default-executor-20] WARN tsunagu.grpc.ExtensionServiceImpl - extension call failed: SocketException: Connection reset @ d.intercept:-1; CloudflareInterceptor.intercept:36; UserAgentInterceptor.intercept:21; UncaughtExceptionInterceptor.intercept:10
2026/09/01 15:16:49.914988 GET /proxy/cover/894 502 135.55898ms
2026/09/01 15:16:49.916975 GET /proxy/cover/895 502 30.495598ms
2026/09/01 15:16:49.918818 [sandbox] [grpc-default-executor-20] INFO tsunagu.grpc.ExtensionServiceImpl - extension eu.kanade.tachiyomi.extension.all.mangafire has no popular listing, returning empty page
2026/09/01 15:16:49.923144 GET /proxy/cover/897 502 30.102591ms
2026/09/01 15:16:49.949096 GET /proxy/cover/899 502 31.363191ms
2026/09/01 15:16:49.950659 GET /proxy/cover/898 502 30.6ms
2026/09/01 15:16:49.982806 GET /proxy/cover/902 502 32.400311ms
2026/09/01 15:16:49.983059 GET /proxy/cover/901 502 31.840441ms
2026/09/01 15:16:50.014655 GET /proxy/cover/903 502 30.842554ms
2026/09/01 15:16:50.015577 GET /proxy/cover/900 502 31.649211ms
2026/09/01 15:16:50.046241 GET /proxy/cover/905 502 30.48892ms
2026/09/01 15:16:50.048090 GET /proxy/cover/904 502 31.84873ms
2026/09/01 15:16:50.078954 GET /proxy/cover/906 502 31.747946ms
2026/09/01 15:16:50.079845 GET /proxy/cover/939 502 31.251643ms
2026/09/01 15:16:50.112343 GET /proxy/cover/908 502 32.574132ms
2026/09/01 15:16:50.199208 POST /api/graphql 200 632.242168ms
2026/09/01 15:16:50.491686 [sandbox] [grpc-default-executor-20] INFO tsunagu.grpc.ExtensionServiceImpl - extension eu.kanade.tachiyomi.extension.en.weebcentral has no popular listing, returning empty page
2026/09/01 15:17:00.537032 GET /proxy/cover/885 502 30.507674ms
2026/09/01 15:17:00.537753 GET /proxy/cover/886 502 31.15582ms
2026/09/01 15:17:00.538645 GET /proxy/cover/887 502 31.991332ms
2026/09/01 15:17:00.539392 GET /proxy/cover/890 502 30.506852ms
2026/09/01 15:17:00.539987 GET /proxy/cover/888 502 31.397897ms
2026/09/01 15:17:00.567986 GET /proxy/cover/889 502 30.160182ms
2026/09/01 15:17:00.569395 GET /proxy/cover/891 502 31.218215ms
2026/09/01 15:17:00.569576 GET /proxy/cover/893 502 29.889102ms
2026/09/01 15:17:00.570723 GET /proxy/cover/892 502 31.718278ms
2026/09/01 15:17:00.571403 GET /proxy/cover/894 502 30.531337ms
2026/09/01 15:17:00.600177 GET /proxy/cover/895 502 31.122168ms
2026/09/01 15:17:00.601340 GET /proxy/cover/897 502 30.804471ms
2026/09/01 15:17:00.601783 GET /proxy/cover/899 502 31.042401ms
2026/09/01 15:17:00.602633 GET /proxy/cover/898 502 31.460502ms
2026/09/01 15:17:00.603401 GET /proxy/cover/902 502 31.623763ms
2026/09/01 15:17:00.637788 GET /proxy/cover/900 502 35.142558ms
2026/09/01 15:17:00.637998 GET /proxy/cover/905 502 34.581874ms
2026/09/01 15:17:00.638942 GET /proxy/cover/903 502 36.714911ms
2026/09/01 15:17:00.638960 GET /proxy/cover/901 502 37.551205ms
2026/09/01 15:17:00.640898 GET /proxy/cover/904 502 36.967397ms
2026/09/01 15:17:00.671391 GET /proxy/cover/906 502 32.197723ms
2026/09/01 15:17:00.672996 GET /proxy/cover/939 502 33.369686ms
2026/09/01 15:17:00.673146 GET /proxy/cover/908 502 33.290831ms
2026/09/01 15:17:04.005831 POST /api/graphql 200 15.000774921s
2026/09/01 15:17:08.363384 [sandbox] [grpc-default-executor-19] ERROR tsunagu.grpc.ExtensionServiceImpl - extension call failed: HttpException: HTTP error 522 <- OnNextValue: OnError while emitting onNext value: okhttp3.Response.class @ OkHttpExtensionsKt$asObservable$1$requestArbiter$1.request:41; OkHttpExtensionsKt.asObservable$lambda$0:59; RxCompatKt.awaitSingle:13; ExtensionServiceImpl$getPopularManga$page$2.invokeSuspend:196
2026/09/01 15:20:24.355896 shutting down
2026/09/01 15:20:43.191092 === Tsunagu dev (unknown) starting, pid 271410 ===
2026/09/01 15:20:43.213442 sandbox: spawning /nix/store/1slz0vmmgsd7p6i4c0jaywkpw56wl2yg-openjdk-21.0.12+8/lib/openjdk/bin/java -cp /home/shozikan/Projects/Manga/Tsunagu/sandbox/build/libs/sandbox-0.1.0-all.jar tsunagu.MainKt (source: JAVA_HOME/PATH)
2026/09/01 15:20:43.502292 [sandbox] [main] INFO eu.kanade.tachiyomi.network.TlsSetup - TLS: Conscrypt provider installed (v2.5.2)
2026/09/01 15:20:44.062069 [sandbox] tsunagu sandbox listening on :50051
2026/09/01 15:20:45.051775 sandbox: ready at localhost:50051
2026/09/01 15:20:48.073764 tsunagu dev listening on [::]:6007
2026/09/01 15:20:48.073948 metadata backfill: 1 unmatched media, working through them (~1m)
2026/09/01 15:20:48.078138 content filter: recomputed 6 media
2026/09/01 15:20:48.535214 tracker poll: reconciled 2 media
2026/09/01 15:20:49.191251 metadata backfill: done -- matched 0/1
2026/09/01 15:20:54.811336 POST /api/graphql 200 1.903797997s
2026/09/01 15:20:56.622638 [sandbox] [grpc-default-executor-2] WARN tsunagu.grpc.ExtensionServiceImpl - extension call failed: SocketException: Connection reset @ CloudflareInterceptor.intercept:36; UserAgentInterceptor.intercept:21; UncaughtExceptionInterceptor.intercept:10; OkHttpExtensionsKt$asObservable$1$requestArbiter$1.request:39
2026/09/01 15:20:56.777400 [sandbox] [grpc-default-executor-3] WARN tsunagu.grpc.ExtensionServiceImpl - extension call failed: SocketException: Connection reset @ CloudflareInterceptor.intercept:36; UserAgentInterceptor.intercept:21; UncaughtExceptionInterceptor.intercept:10; OkHttpExtensionsKt$asObservable$1$requestArbiter$1.request:39
2026/09/01 15:20:56.778142 POST /api/graphql 200 569.931035ms
2026/09/01 15:20:56.895206 [sandbox] [grpc-default-executor-2] WARN tsunagu.grpc.ExtensionServiceImpl - extension call failed: SocketException: Connection reset @ CloudflareInterceptor.intercept:36; UserAgentInterceptor.intercept:21; UncaughtExceptionInterceptor.intercept:10; OkHttpExtensionsKt$asObservable$1$requestArbiter$1.request:39
2026/09/01 15:20:56.972370 POST /api/graphql 200 764.299231ms
2026/09/01 15:20:57.024845 [sandbox] [grpc-default-executor-3] WARN tsunagu.grpc.ExtensionServiceImpl - extension call failed: SocketException: Connection reset @ CloudflareInterceptor.intercept:36; UserAgentInterceptor.intercept:19; UncaughtExceptionInterceptor.intercept:10; OkHttpExtensionsKt$asObservable$1$requestArbiter$1.request:39
2026/09/01 15:20:57.139562 GET /proxy/cover/885 502 138.843598ms
2026/09/01 15:20:57.139620 GET /proxy/cover/886 502 138.563474ms
2026/09/01 15:20:57.139581 GET /proxy/cover/887 502 112.891435ms
2026/09/01 15:20:57.140106 [sandbox] [grpc-default-executor-2] WARN tsunagu.grpc.ExtensionServiceImpl - extension call failed: SocketException: Connection reset @ CloudflareInterceptor.intercept:36; UserAgentInterceptor.intercept:19; UncaughtExceptionInterceptor.intercept:10; OkHttpExtensionsKt$asObservable$1$requestArbiter$1.request:39
2026/09/01 15:20:57.148068 [sandbox] [grpc-default-executor-2] INFO tsunagu.grpc.ExtensionServiceImpl - extension eu.kanade.tachiyomi.extension.en.batcave has no popular listing, returning empty page
2026/09/01 15:20:57.171634 GET /proxy/cover/888 502 29.859582ms
2026/09/01 15:20:57.179670 GET /proxy/cover/890 502 37.855568ms
2026/09/01 15:20:57.179750 GET /proxy/cover/891 502 28.844903ms
2026/09/01 15:20:57.179731 GET /proxy/cover/889 502 37.378007ms
2026/09/01 15:20:57.208905 GET /proxy/cover/892 502 27.405645ms
2026/09/01 15:20:57.221587 GET /proxy/cover/893 502 40.035882ms
2026/09/01 15:20:57.252111 GET /proxy/cover/895 502 29.717672ms
2026/09/01 15:20:57.252113 GET /proxy/cover/894 502 42.209154ms
2026/09/01 15:20:57.288487 GET /proxy/cover/897 502 34.99791ms
2026/09/01 15:20:57.288511 GET /proxy/cover/899 502 34.693373ms
2026/09/01 15:20:57.324276 GET /proxy/cover/898 502 34.247938ms
2026/09/01 15:20:57.324330 GET /proxy/cover/902 502 34.058915ms
2026/09/01 15:20:57.370718 GET /proxy/cover/901 502 45.272384ms
2026/09/01 15:20:57.370722 GET /proxy/cover/903 502 45.120877ms
2026/09/01 15:20:57.392770 GET /proxy/cover/900 502 49.714946ms
2026/09/01 15:20:57.393549 [sandbox] [grpc-default-executor-3] WARN tsunagu.grpc.ExtensionServiceImpl - extension call failed: SocketException: Connection reset @ d.intercept:-1; CloudflareInterceptor.intercept:36; UserAgentInterceptor.intercept:21; UncaughtExceptionInterceptor.intercept:10
2026/09/01 15:20:57.407035 GET /proxy/cover/905 502 34.328971ms
2026/09/01 15:20:57.427908 GET /proxy/cover/904 502 34.086524ms
2026/09/01 15:20:57.427976 GET /proxy/cover/906 502 32.854411ms
2026/09/01 15:20:57.433039 GET /proxy/cover/939 502 24.875515ms
2026/09/01 15:20:57.436614 [sandbox] [grpc-default-executor-3] INFO tsunagu.grpc.ExtensionServiceImpl - extension eu.kanade.tachiyomi.extension.all.mangafire has no popular listing, returning empty page
2026/09/01 15:20:57.458806 GET /proxy/cover/908 502 28.525269ms
2026/09/01 15:20:57.462998 GET /proxy/cover/941 502 23.201553ms
2026/09/01 15:20:57.463094 GET /proxy/cover/940 502 29.315502ms
2026/09/01 15:20:57.485525 GET /proxy/cover/942 502 25.497252ms
2026/09/01 15:20:57.500577 GET /proxy/cover/945 502 36.776146ms
2026/09/01 15:20:57.500587 GET /proxy/cover/944 502 36.634426ms
2026/09/01 15:20:57.537131 POST /api/graphql 200 1.32893646s
2026/09/01 15:20:57.539967 GET /proxy/cover/946 502 38.152863ms
2026/09/01 15:20:57.539977 GET /proxy/cover/943 502 38.367151ms
2026/09/01 15:20:57.576788 GET /proxy/cover/949 502 38.798792ms
2026/09/01 15:20:57.576888 GET /proxy/cover/948 502 38.270911ms
2026/09/01 15:20:57.576938 GET /proxy/cover/947 502 38.103286ms
2026/09/01 15:20:57.576899 GET /proxy/cover/907 502 38.543381ms
2026/09/01 15:20:57.594365 GET /proxy/cover/950 502 53.461772ms
2026/09/01 15:20:57.594399 GET /proxy/cover/951 502 53.346328ms
2026/09/01 15:20:57.609538 GET /proxy/cover/953 502 31.10097ms
2026/09/01 15:20:57.609584 GET /proxy/cover/955 502 31.063955ms
2026/09/01 15:20:57.609549 GET /proxy/cover/952 502 31.407091ms
2026/09/01 15:20:57.609736 GET /proxy/cover/954 502 31.222876ms
2026/09/01 15:20:57.637609 GET /proxy/cover/956 502 42.094882ms
2026/09/01 15:20:57.637642 GET /proxy/cover/957 502 41.914915ms
2026/09/01 15:20:57.654104 GET /proxy/cover/958 502 43.413087ms
2026/09/01 15:20:57.654104 GET /proxy/cover/959 502 43.664991ms
2026/09/01 15:20:57.654306 GET /proxy/cover/961 502 43.513263ms
2026/09/01 15:20:57.654353 GET /proxy/cover/960 502 43.495071ms
2026/09/01 15:20:57.671328 GET /proxy/cover/962 502 32.385525ms
2026/09/01 15:20:59.287691 [sandbox] [grpc-default-executor-1] WARN tsunagu.grpc.ExtensionServiceImpl - extension call failed: SocketException: Connection reset @ CloudflareInterceptor.intercept:36; UserAgentInterceptor.intercept:21; UncaughtExceptionInterceptor.intercept:10; OkHttpExtensionsKt$asObservable$1$requestArbiter$1.request:39
2026/09/01 15:20:59.399163 [sandbox] [grpc-default-executor-4] WARN tsunagu.grpc.ExtensionServiceImpl - extension call failed: SocketException: Connection reset @ CloudflareInterceptor.intercept:36; UserAgentInterceptor.intercept:21; UncaughtExceptionInterceptor.intercept:10; OkHttpExtensionsKt$asObservable$1$requestArbiter$1.request:39
2026/09/01 15:20:59.457231 [sandbox] [grpc-default-executor-1] WARN tsunagu.grpc.ExtensionServiceImpl - extension call failed: SocketException: Connection reset @ CloudflareInterceptor.intercept:36; UserAgentInterceptor.intercept:21; UncaughtExceptionInterceptor.intercept:10; OkHttpExtensionsKt$asObservable$1$requestArbiter$1.request:39
2026/09/01 15:20:59.548269 GET /proxy/cover/886 502 37.580199ms
2026/09/01 15:20:59.548279 GET /proxy/cover/885 502 38.960109ms
2026/09/01 15:20:59.549293 [sandbox] [grpc-default-executor-4] WARN tsunagu.grpc.ExtensionServiceImpl - extension call failed: SocketException: Connection reset @ CloudflareInterceptor.intercept:36; UserAgentInterceptor.intercept:19; UncaughtExceptionInterceptor.intercept:10; OkHttpExtensionsKt$asObservable$1$requestArbiter$1.request:39
2026/09/01 15:20:59.573310 GET /proxy/cover/887 502 24.18691ms
2026/09/01 15:20:59.578114 [sandbox] [grpc-default-executor-4] INFO tsunagu.grpc.ExtensionServiceImpl - extension eu.kanade.tachiyomi.extension.en.batcave has no popular listing, returning empty page
2026/09/01 15:20:59.579962 GET /proxy/cover/888 502 30.652668ms
2026/09/01 15:20:59.580013 GET /proxy/cover/890 502 29.2628ms
2026/09/01 15:20:59.588997 [sandbox] [grpc-default-executor-3] WARN tsunagu.grpc.ExtensionServiceImpl - extension call failed: SocketException: Connection reset @ CloudflareInterceptor.intercept:36; UserAgentInterceptor.intercept:19; UncaughtExceptionInterceptor.intercept:10; OkHttpExtensionsKt$asObservable$1$requestArbiter$1.request:39
2026/09/01 15:20:59.599136 GET /proxy/cover/891 502 18.022963ms
2026/09/01 15:20:59.600406 GET /proxy/cover/889 502 19.399809ms
2026/09/01 15:20:59.604208 GET /proxy/cover/892 502 23.028399ms
2026/09/01 15:20:59.619347 GET /proxy/cover/893 502 18.518125ms
2026/09/01 15:20:59.622049 GET /proxy/cover/894 502 17.473796ms
2026/09/01 15:20:59.637966 GET /proxy/cover/895 502 17.696969ms
2026/09/01 15:20:59.640642 GET /proxy/cover/897 502 17.996026ms
2026/09/01 15:20:59.657178 GET /proxy/cover/899 502 18.737462ms
2026/09/01 15:20:59.659251 GET /proxy/cover/898 502 18.046424ms
2026/09/01 15:20:59.675370 GET /proxy/cover/902 502 17.692161ms
2026/09/01 15:20:59.675621 [sandbox] [grpc-default-executor-4] WARN tsunagu.grpc.ExtensionServiceImpl - extension call failed: SocketException: Connection reset @ d.intercept:-1; CloudflareInterceptor.intercept:36; UserAgentInterceptor.intercept:21; UncaughtExceptionInterceptor.intercept:10
2026/09/01 15:20:59.679447 GET /proxy/cover/901 502 19.876477ms
2026/09/01 15:20:59.683452 [sandbox] [grpc-default-executor-4] INFO tsunagu.grpc.ExtensionServiceImpl - extension eu.kanade.tachiyomi.extension.all.mangafire has no popular listing, returning empty page
2026/09/01 15:20:59.694334 GET /proxy/cover/900 502 17.072149ms
2026/09/01 15:20:59.695055 GET /proxy/cover/903 502 18.05503ms
2026/09/01 15:20:59.716872 GET /proxy/cover/905 502 20.924122ms
2026/09/01 15:20:59.720626 GET /proxy/cover/904 502 17.380892ms
2026/09/01 15:20:59.736802 GET /proxy/cover/906 502 19.327912ms
2026/09/01 15:20:59.739211 GET /proxy/cover/939 502 18.205725ms
2026/09/01 15:20:59.758270 GET /proxy/cover/908 502 21.040578ms
2026/09/01 15:20:59.872288 GET /proxy/cover/940 502 19.744004ms
2026/09/01 15:20:59.872319 GET /proxy/cover/941 502 19.271081ms
2026/09/01 15:20:59.893245 GET /proxy/cover/942 502 20.07067ms
2026/09/01 15:20:59.893302 GET /proxy/cover/945 502 19.969281ms
2026/09/01 15:20:59.914665 GET /proxy/cover/944 502 20.692755ms
2026/09/01 15:20:59.917562 GET /proxy/cover/943 502 23.500401ms
2026/09/01 15:20:59.937135 GET /proxy/cover/946 502 21.661461ms
2026/09/01 15:20:59.940318 GET /proxy/cover/949 502 22.036382ms
2026/09/01 15:20:59.956248 GET /proxy/cover/948 502 20.813978ms
2026/09/01 15:20:59.958096 GET /proxy/cover/947 502 20.004213ms
2026/09/01 15:20:59.961090 GET /proxy/cover/907 502 20.273086ms
2026/09/01 15:20:59.978199 GET /proxy/cover/950 502 19.570188ms
2026/09/01 15:20:59.980321 GET /proxy/cover/951 502 18.657361ms
2026/09/01 15:20:59.996782 GET /proxy/cover/952 502 17.404174ms
2026/09/01 15:21:00.000292 GET /proxy/cover/953 502 19.233175ms
2026/09/01 15:21:00.019907 GET /proxy/cover/955 502 22.210423ms
2026/09/01 15:21:00.022263 GET /proxy/cover/954 502 21.402679ms
2026/09/01 15:21:00.045772 GET /proxy/cover/957 502 23.133575ms
2026/09/01 15:21:00.046309 GET /proxy/cover/956 502 25.390638ms
2026/09/01 15:21:00.064122 GET /proxy/cover/959 502 17.40473ms
2026/09/01 15:21:00.066173 GET /proxy/cover/958 502 19.104533ms
2026/09/01 15:21:00.082719 GET /proxy/cover/961 502 17.954238ms
2026/09/01 15:21:00.086845 GET /proxy/cover/960 502 20.180646ms
2026/09/01 15:21:00.103931 GET /proxy/cover/962 502 20.194821ms
2026/09/01 15:21:00.193133 [sandbox] [grpc-default-executor-4] INFO tsunagu.grpc.ExtensionServiceImpl - extension eu.kanade.tachiyomi.extension.en.weebcentral has no popular listing, returning empty page
2026/09/01 15:21:00.600336 POST /api/graphql 200 1.009592263s
2026/09/01 15:21:02.190070 POST /api/graphql 200 1.219746663s
2026/09/01 15:21:02.226660 GET /proxy/cover/895 502 30.804159ms
2026/09/01 15:21:02.711116 sync: caching cover for entry 1370 failed: rpc error: code = Internal desc = java.lang.IllegalStateException: extension eu.kanade.tachiyomi.animeextension.en.aniwaves is not an HttpSource
2026/09/01 15:21:03.430360 POST /api/graphql 200 1.31068827s
2026/09/01 15:21:04.636790 POST /api/graphql 200 5.523895712s
2026/09/01 15:21:04.952889 GET /proxy/cover/1370 502 39.669327ms
2026/09/01 15:21:09.000640 GET /proxy/cover/1370 502 27.953927ms
2026/09/01 15:21:13.581578 [sandbox] [grpc-default-executor-3] WARN tsunagu.grpc.ExtensionServiceImpl - extension call failed: SocketException: Connection reset @ CloudflareInterceptor.intercept:36; UserAgentInterceptor.intercept:21; UncaughtExceptionInterceptor.intercept:10; OkHttpExtensionsKt$asObservable$1$requestArbiter$1.request:39
2026/09/01 15:21:13.673379 [sandbox] [grpc-default-executor-3] WARN tsunagu.grpc.ExtensionServiceImpl - extension call failed: SocketException: Connection reset @ CloudflareInterceptor.intercept:36; UserAgentInterceptor.intercept:21; UncaughtExceptionInterceptor.intercept:10; OkHttpExtensionsKt$asObservable$1$requestArbiter$1.request:39
2026/09/01 15:21:13.693556 [sandbox] [grpc-default-executor-1] WARN tsunagu.grpc.ExtensionServiceImpl - extension call failed: SocketException: Connection reset @ CloudflareInterceptor.intercept:36; UserAgentInterceptor.intercept:21; UncaughtExceptionInterceptor.intercept:10; OkHttpExtensionsKt$asObservable$1$requestArbiter$1.request:39
2026/09/01 15:21:13.729749 [sandbox] [grpc-default-executor-3] WARN tsunagu.grpc.ExtensionServiceImpl - extension call failed: SocketException: Connection reset @ CloudflareInterceptor.intercept:36; UserAgentInterceptor.intercept:19; UncaughtExceptionInterceptor.intercept:10; OkHttpExtensionsKt$asObservable$1$requestArbiter$1.request:39
2026/09/01 15:21:13.734403 [sandbox] [grpc-default-executor-3] INFO tsunagu.grpc.ExtensionServiceImpl - extension eu.kanade.tachiyomi.extension.en.batcave has no popular listing, returning empty page
2026/09/01 15:21:13.787465 [sandbox] [grpc-default-executor-1] WARN tsunagu.grpc.ExtensionServiceImpl - extension call failed: SocketException: Connection reset @ CloudflareInterceptor.intercept:36; UserAgentInterceptor.intercept:19; UncaughtExceptionInterceptor.intercept:10; OkHttpExtensionsKt$asObservable$1$requestArbiter$1.request:39
2026/09/01 15:21:13.848287 GET /proxy/cover/885 502 17.060859ms
2026/09/01 15:21:13.849284 GET /proxy/cover/886 502 16.667149ms
2026/09/01 15:21:13.864884 [sandbox] [grpc-default-executor-4] WARN tsunagu.grpc.ExtensionServiceImpl - extension call failed: SocketException: Connection reset @ d.intercept:-1; CloudflareInterceptor.intercept:36; UserAgentInterceptor.intercept:21; UncaughtExceptionInterceptor.intercept:10
2026/09/01 15:21:13.865850 GET /proxy/cover/887 502 16.934166ms
2026/09/01 15:21:13.878805 GET /proxy/cover/888 502 29.105375ms
2026/09/01 15:21:13.881850 [sandbox] [grpc-default-executor-4] INFO tsunagu.grpc.ExtensionServiceImpl - extension eu.kanade.tachiyomi.extension.all.mangafire has no popular listing, returning empty page
2026/09/01 15:21:13.883278 GET /proxy/cover/890 502 17.07893ms
2026/09/01 15:21:13.891771 GET /proxy/cover/889 502 25.332139ms
2026/09/01 15:21:13.900948 GET /proxy/cover/891 502 17.925673ms
2026/09/01 15:21:13.914157 GET /proxy/cover/892 502 21.795016ms
2026/09/01 15:21:13.918418 GET /proxy/cover/893 502 16.82763ms
2026/09/01 15:21:13.933531 GET /proxy/cover/894 502 18.876166ms
2026/09/01 15:21:13.946602 GET /proxy/cover/895 502 27.68024ms
2026/09/01 15:21:13.951973 GET /proxy/cover/897 502 17.837748ms
2026/09/01 15:21:13.964923 GET /proxy/cover/899 502 17.787901ms
2026/09/01 15:21:13.978002 GET /proxy/cover/898 502 25.18975ms
2026/09/01 15:21:13.983449 GET /proxy/cover/902 502 17.682287ms
2026/09/01 15:21:13.996735 GET /proxy/cover/901 502 18.103985ms
2026/09/01 15:21:14.004148 GET /proxy/cover/903 502 20.151227ms
2026/09/01 15:21:14.014834 GET /proxy/cover/900 502 17.170372ms
2026/09/01 15:21:14.022870 GET /proxy/cover/905 502 18.156785ms
2026/09/01 15:21:14.033403 GET /proxy/cover/904 502 17.824213ms
2026/09/01 15:21:14.046598 GET /proxy/cover/906 502 22.992327ms
2026/09/01 15:21:14.051783 GET /proxy/cover/939 502 17.420065ms
2026/09/01 15:21:14.065366 GET /proxy/cover/908 502 18.138974ms
2026/09/01 15:21:14.195049 GET /proxy/cover/940 502 17.9022ms
2026/09/01 15:21:14.196487 GET /proxy/cover/941 502 17.058633ms
2026/09/01 15:21:14.212871 GET /proxy/cover/942 502 16.968616ms
2026/09/01 15:21:14.214882 GET /proxy/cover/945 502 17.978894ms
2026/09/01 15:21:14.230254 GET /proxy/cover/944 502 16.723607ms
2026/09/01 15:21:14.232973 GET /proxy/cover/943 502 17.529958ms
2026/09/01 15:21:14.250217 GET /proxy/cover/907 502 16.312327ms
2026/09/01 15:21:14.829451 POST /api/graphql 200 650.847881ms
2026/09/01 15:21:14.883394 [sandbox] [grpc-default-executor-3] INFO tsunagu.grpc.ExtensionServiceImpl - extension eu.kanade.tachiyomi.extension.en.weebcentral has no popular listing, returning empty page
2026/09/01 15:21:14.936401 GET /proxy/cover/946 502 17.966953ms
2026/09/01 15:21:14.936724 GET /proxy/cover/949 502 16.683166ms
2026/09/01 15:21:14.937551 GET /proxy/cover/948 502 17.190754ms
2026/09/01 15:21:14.938247 GET /proxy/cover/947 502 17.659996ms
2026/09/01 15:21:14.955306 GET /proxy/cover/950 502 17.726151ms
2026/09/01 15:21:14.956572 GET /proxy/cover/952 502 18.550434ms
2026/09/01 15:21:14.956881 GET /proxy/cover/953 502 17.917065ms
2026/09/01 15:21:14.958199 GET /proxy/cover/951 502 20.538563ms
2026/09/01 15:21:14.975540 GET /proxy/cover/955 502 19.335688ms
2026/09/01 15:21:14.976314 GET /proxy/cover/954 502 19.347539ms
2026/09/01 15:21:14.976479 GET /proxy/cover/956 502 19.168866ms
2026/09/01 15:21:14.978368 GET /proxy/cover/957 502 19.669692ms
2026/09/01 15:21:15.002199 GET /proxy/cover/958 502 24.136269ms
2026/09/01 15:21:15.002428 GET /proxy/cover/959 502 24.837505ms
2026/09/01 15:21:15.003480 GET /proxy/cover/961 502 24.772091ms
2026/09/01 15:21:15.020376 GET /proxy/cover/960 502 17.339313ms
2026/09/01 15:21:15.021166 GET /proxy/cover/962 502 17.884277ms
2026/09/01 15:21:15.497197 POST /api/graphql 200 520.585291ms
2026/09/01 15:21:15.905875 [sandbox] [grpc-default-executor-0] ERROR tsunagu.grpc.ExtensionServiceImpl - extension call failed: HttpException: HTTP error 522 <- OnNextValue: OnError while emitting onNext value: okhttp3.Response.class @ OkHttpExtensionsKt$asObservable$1$requestArbiter$1.request:41; OkHttpExtensionsKt.asObservable$lambda$0:59; RxCompatKt.awaitSingle:13; ExtensionServiceImpl$getPopularManga$page$2.invokeSuspend:196
2026/09/01 15:21:17.524897 GET /proxy/cover/966 502 35.235415ms
2026/09/01 15:21:17.527282 GET /proxy/cover/963 502 36.024283ms
2026/09/01 15:21:18.283789 GET /proxy/cover/965 502 33.783876ms
2026/09/01 15:21:18.284679 GET /proxy/cover/968 502 33.358302ms
2026/09/01 15:21:18.285151 GET /proxy/cover/964 502 34.994181ms
2026/09/01 15:21:18.285258 GET /proxy/cover/967 502 34.628832ms
2026/09/01 15:21:18.285880 GET /proxy/cover/969 502 34.232801ms
2026/09/01 15:21:18.302836 GET /proxy/cover/970 502 17.684433ms
2026/09/01 15:21:18.303095 GET /proxy/cover/974 502 16.95053ms
2026/09/01 15:21:18.304025 GET /proxy/cover/972 502 17.617675ms
2026/09/01 15:21:18.304255 GET /proxy/cover/976 502 17.597981ms
2026/09/01 15:21:18.305101 GET /proxy/cover/971 502 20.341345ms
2026/09/01 15:21:18.320605 GET /proxy/cover/973 502 16.771157ms
2026/09/01 15:21:18.321743 GET /proxy/cover/977 502 17.420883ms
2026/09/01 15:21:18.321961 GET /proxy/cover/975 502 18.314253ms
2026/09/01 15:21:18.322734 GET /proxy/cover/979 502 18.197039ms
2026/09/01 15:21:18.322844 GET /proxy/cover/983 502 17.467695ms
2026/09/01 15:21:18.339136 GET /proxy/cover/981 502 16.803133ms
2026/09/01 15:21:18.339357 GET /proxy/cover/978 502 18.018486ms
2026/09/01 15:21:18.340508 GET /proxy/cover/980 502 18.333216ms
2026/09/01 15:21:18.429836 GET /proxy/cover/1350 502 64.9745ms
2026/09/01 15:21:18.429925 GET /proxy/cover/984 502 65.085013ms
2026/09/01 15:21:18.430006 GET /proxy/cover/982 502 65.536322ms
2026/09/01 15:21:18.466743 [sandbox] [grpc-default-executor-2] ERROR tsunagu.grpc.ExtensionServiceImpl - extension call failed: HttpException: HTTP error 522 <- OnNextValue: OnError while emitting onNext value: okhttp3.Response.class @ OkHttpExtensionsKt$asObservable$1$requestArbiter$1.request:41; OkHttpExtensionsKt.asObservable$lambda$0:59; RxCompatKt.awaitSingle:13; ExtensionServiceImpl$getPopularManga$page$2.invokeSuspend:196
2026/09/01 15:21:18.947151 GET /proxy/cover/985 502 582.227103ms
2026/09/01 15:21:26.071914 POST /api/graphql 200 12.601375479s
2026/09/01 15:21:32.922533 [sandbox] [grpc-default-executor-5] ERROR tsunagu.grpc.ExtensionServiceImpl - extension call failed: HttpException: HTTP error 522 <- OnNextValue: OnError while emitting onNext value: okhttp3.Response.class @ OkHttpExtensionsKt$asObservable$1$requestArbiter$1.request:41; OkHttpExtensionsKt.asObservable$lambda$0:59; RxCompatKt.awaitSingle:13; ExtensionServiceImpl$getPopularManga$page$2.invokeSuspend:196
2026/09/01 15:22:37.624077 [sandbox] [grpc-default-executor-6] WARN tsunagu.grpc.ExtensionServiceImpl - extension call failed: SocketException: Connection reset @ CloudflareInterceptor.intercept:36; UserAgentInterceptor.intercept:21; UncaughtExceptionInterceptor.intercept:10; OkHttpExtensionsKt$asObservable$1$requestArbiter$1.request:39
2026/09/01 15:22:45.386617 [sandbox] [grpc-default-executor-6] WARN tsunagu.grpc.ExtensionServiceImpl - extension call failed: SocketException: Connection reset @ CloudflareInterceptor.intercept:36; UserAgentInterceptor.intercept:21; UncaughtExceptionInterceptor.intercept:10; OkHttpExtensionsKt$asObservable$1$requestArbiter$1.request:39
2026/09/01 15:22:45.617449 [sandbox] [grpc-default-executor-6] WARN tsunagu.grpc.ExtensionServiceImpl - extension call failed: SocketException: Connection reset @ CloudflareInterceptor.intercept:36; UserAgentInterceptor.intercept:19; UncaughtExceptionInterceptor.intercept:10; OkHttpExtensionsKt$asObservable$1$requestArbiter$1.request:39
2026/09/01 15:22:45.864819 [sandbox] [grpc-default-executor-6] WARN tsunagu.grpc.ExtensionServiceImpl - extension call failed: SocketException: Connection reset @ CloudflareInterceptor.intercept:36; UserAgentInterceptor.intercept:21; UncaughtExceptionInterceptor.intercept:10; OkHttpExtensionsKt$asObservable$1$requestArbiter$1.request:39
2026/09/01 15:22:46.132861 [sandbox] [grpc-default-executor-6] WARN tsunagu.grpc.ExtensionServiceImpl - extension call failed: SocketException: Connection reset @ CloudflareInterceptor.intercept:36; UserAgentInterceptor.intercept:19; UncaughtExceptionInterceptor.intercept:10; OkHttpExtensionsKt$asObservable$1$requestArbiter$1.request:39
2026/09/01 15:39:28.213227 sandbox: idle for 15m0s, reaping process
2026/09/01 15:41:57.551113 sandbox: spawning /nix/store/1slz0vmmgsd7p6i4c0jaywkpw56wl2yg-openjdk-21.0.12+8/lib/openjdk/bin/java -cp /home/shozikan/Projects/Manga/Tsunagu/sandbox/build/libs/sandbox-0.1.0-all.jar tsunagu.MainKt (source: JAVA_HOME/PATH)
2026/09/01 15:41:57.823280 [sandbox] [main] INFO eu.kanade.tachiyomi.network.TlsSetup - TLS: Conscrypt provider installed (v2.5.2)
2026/09/01 15:41:57.910336 POST /api/graphql 200 1.863079287s
2026/09/01 15:41:58.266311 [sandbox] tsunagu sandbox listening on :50051
2026/09/01 15:41:58.429812 sandbox: ready at localhost:50051
2026/09/01 15:41:58.645487 POST /api/graphql 200 1.095183292s
2026/09/01 15:41:58.645594 POST /api/graphql 200 1.094614034s
2026/09/01 15:41:58.645594 POST /api/graphql 200 1.095375906s
2026/09/01 15:41:58.645754 POST /api/graphql 200 1.09452471s
2026/09/01 15:41:59.079968 [sandbox] [grpc-default-executor-2] WARN tsunagu.grpc.ExtensionServiceImpl - extension call failed: SocketException: Connection reset @ CloudflareInterceptor.intercept:36; UserAgentInterceptor.intercept:21; UncaughtExceptionInterceptor.intercept:10; OkHttpExtensionsKt$asObservable$1$requestArbiter$1.request:39
2026/09/01 15:41:59.080035 [sandbox] [grpc-default-executor-5] WARN tsunagu.grpc.ExtensionServiceImpl - extension call failed: SocketException: Connection reset @ CloudflareInterceptor.intercept:36; UserAgentInterceptor.intercept:21; UncaughtExceptionInterceptor.intercept:10; OkHttpExtensionsKt$asObservable$1$requestArbiter$1.request:39
2026/09/01 15:41:59.177132 [sandbox] [grpc-default-executor-3] WARN tsunagu.grpc.ExtensionServiceImpl - extension call failed: SocketException: Connection reset @ CloudflareInterceptor.intercept:36; UserAgentInterceptor.intercept:21; UncaughtExceptionInterceptor.intercept:10; OkHttpExtensionsKt$asObservable$1$requestArbiter$1.request:39
2026/09/01 15:41:59.201633 [sandbox] [grpc-default-executor-6] WARN tsunagu.grpc.ExtensionServiceImpl - extension call failed: SocketException: Connection reset @ CloudflareInterceptor.intercept:36; UserAgentInterceptor.intercept:21; UncaughtExceptionInterceptor.intercept:10; OkHttpExtensionsKt$asObservable$1$requestArbiter$1.request:39
2026/09/01 15:41:59.202733 POST /api/graphql 200 555.806621ms
2026/09/01 15:41:59.321504 [sandbox] [grpc-default-executor-5] WARN tsunagu.grpc.ExtensionServiceImpl - extension call failed: SocketException: Connection reset @ CloudflareInterceptor.intercept:36; UserAgentInterceptor.intercept:21; UncaughtExceptionInterceptor.intercept:10; OkHttpExtensionsKt$asObservable$1$requestArbiter$1.request:39
2026/09/01 15:41:59.545203 [sandbox] [grpc-default-executor-6] WARN tsunagu.grpc.ExtensionServiceImpl - extension call failed: SocketException: Connection reset @ CloudflareInterceptor.intercept:36; UserAgentInterceptor.intercept:19; UncaughtExceptionInterceptor.intercept:10; OkHttpExtensionsKt$asObservable$1$requestArbiter$1.request:39
2026/09/01 15:41:59.679745 [sandbox] [grpc-default-executor-5] WARN tsunagu.grpc.ExtensionServiceImpl - extension call failed: SocketException: Connection reset @ CloudflareInterceptor.intercept:36; UserAgentInterceptor.intercept:19; UncaughtExceptionInterceptor.intercept:10; OkHttpExtensionsKt$asObservable$1$requestArbiter$1.request:39
2026/09/01 15:41:59.988637 POST /api/graphql 200 1.341767485s
2026/09/01 15:42:00.114614 GET /proxy/cover/888 502 89.117557ms
2026/09/01 15:42:00.115237 GET /proxy/cover/887 502 89.709135ms
2026/09/01 15:42:00.115334 GET /proxy/cover/885 502 90.008336ms
2026/09/01 15:42:00.115830 GET /proxy/cover/886 502 90.437305ms
2026/09/01 15:42:00.134410 GET /proxy/cover/890 502 18.788577ms
2026/09/01 15:42:00.135695 GET /proxy/cover/891 502 19.325696ms
2026/09/01 15:42:00.135860 GET /proxy/cover/892 502 19.340814ms
2026/09/01 15:42:00.136594 GET /proxy/cover/889 502 20.256249ms
2026/09/01 15:42:00.152718 GET /proxy/cover/893 502 17.303734ms
2026/09/01 15:42:00.153600 GET /proxy/cover/894 502 17.48645ms
2026/09/01 15:42:00.153673 GET /proxy/cover/895 502 17.292354ms
2026/09/01 15:42:00.154485 GET /proxy/cover/897 502 17.492933ms
2026/09/01 15:42:00.170948 GET /proxy/cover/899 502 17.608025ms
2026/09/01 15:42:00.171493 GET /proxy/cover/898 502 17.381658ms
2026/09/01 15:42:00.171507 GET /proxy/cover/902 502 17.250677ms
2026/09/01 15:42:00.172870 GET /proxy/cover/901 502 18.075114ms
2026/09/01 15:42:00.189369 GET /proxy/cover/903 502 17.825154ms
2026/09/01 15:42:00.190243 GET /proxy/cover/900 502 18.264343ms
2026/09/01 15:42:00.191104 GET /proxy/cover/905 502 18.981523ms
2026/09/01 15:42:00.191632 GET /proxy/cover/904 502 18.457128ms
2026/09/01 15:42:00.209300 GET /proxy/cover/906 502 19.243384ms
2026/09/01 15:42:00.211646 GET /proxy/cover/939 502 20.990229ms
2026/09/01 15:42:00.211982 GET /proxy/cover/908 502 20.370007ms
2026/09/01 15:42:00.594648 POST /api/graphql 200 601.749761ms
2026/09/01 15:42:00.652558 GET /proxy/cover/941 502 18.566449ms
2026/09/01 15:42:00.652775 GET /proxy/cover/940 502 19.994357ms
2026/09/01 15:42:00.655210 GET /proxy/cover/942 502 20.893061ms
2026/09/01 15:42:00.655468 GET /proxy/cover/945 502 20.814365ms
2026/09/01 15:42:00.671436 GET /proxy/cover/944 502 17.701897ms
2026/09/01 15:42:00.672604 GET /proxy/cover/943 502 18.731392ms
2026/09/01 15:42:00.672936 GET /proxy/cover/946 502 17.217857ms
2026/09/01 15:42:00.673991 GET /proxy/cover/907 502 17.982023ms
2026/09/01 15:42:00.691394 GET /proxy/cover/949 502 19.236292ms
2026/09/01 15:42:00.691756 GET /proxy/cover/948 502 18.315517ms
2026/09/01 15:42:00.692782 GET /proxy/cover/947 502 19.004484ms
2026/09/01 15:42:00.693647 GET /proxy/cover/950 502 18.670931ms
2026/09/01 15:42:00.709701 GET /proxy/cover/951 502 17.376068ms
2026/09/01 15:42:00.709775 GET /proxy/cover/953 502 16.504353ms
2026/09/01 15:42:00.710680 GET /proxy/cover/952 502 18.151355ms
2026/09/01 15:42:00.711415 GET /proxy/cover/955 502 16.956666ms
2026/09/01 15:42:00.735000 GET /proxy/cover/956 502 24.301533ms
2026/09/01 15:42:00.735595 GET /proxy/cover/957 502 24.483087ms
2026/09/01 15:42:00.735918 GET /proxy/cover/954 502 25.38666ms
2026/09/01 15:42:00.739988 GET /proxy/cover/959 502 28.17409ms
2026/09/01 15:42:00.757295 GET /proxy/cover/958 502 20.919369ms
2026/09/01 15:42:00.760557 GET /proxy/cover/961 502 23.902538ms
2026/09/01 15:42:00.760699 GET /proxy/cover/960 502 23.860021ms
2026/09/01 15:42:00.764064 GET /proxy/cover/962 502 23.637441ms
2026/09/01 15:42:01.200237 POST /api/graphql 200 602.732648ms
2026/09/01 15:42:01.273529 GET /proxy/cover/966 502 25.070757ms
2026/09/01 15:42:01.273611 GET /proxy/cover/965 502 24.103056ms
2026/09/01 15:42:01.274401 GET /proxy/cover/964 502 24.781836ms
2026/09/01 15:42:01.275585 GET /proxy/cover/963 502 26.056802ms
2026/09/01 15:42:01.276635 GET /proxy/cover/967 502 26.475903ms
2026/09/01 15:42:01.292816 GET /proxy/cover/968 502 18.182892ms
2026/09/01 15:42:01.292902 GET /proxy/cover/969 502 18.026263ms
2026/09/01 15:42:01.294211 GET /proxy/cover/971 502 19.147577ms
2026/09/01 15:42:01.294794 GET /proxy/cover/970 502 18.733384ms
2026/09/01 15:42:01.295378 GET /proxy/cover/974 502 18.301199ms
2026/09/01 15:42:01.312204 GET /proxy/cover/975 502 17.316737ms
2026/09/01 15:42:01.312526 GET /proxy/cover/972 502 18.998643ms
2026/09/01 15:42:01.313693 GET /proxy/cover/976 502 19.959811ms
2026/09/01 15:42:01.314403 GET /proxy/cover/973 502 19.22558ms
2026/09/01 15:42:01.314446 GET /proxy/cover/977 502 18.682631ms
2026/09/01 15:42:01.330743 GET /proxy/cover/979 502 17.704141ms
2026/09/01 15:42:01.331460 GET /proxy/cover/983 502 18.24201ms
2026/09/01 15:42:01.332343 GET /proxy/cover/978 502 18.179836ms
2026/09/01 15:42:01.332677 GET /proxy/cover/981 502 17.637879ms
2026/09/01 15:42:01.333573 GET /proxy/cover/980 502 18.601532ms
2026/09/01 15:42:01.349252 GET /proxy/cover/982 502 17.861ms
2026/09/01 15:42:01.349968 GET /proxy/cover/1350 502 17.161973ms
2026/09/01 15:42:01.349989 GET /proxy/cover/984 502 18.112492ms
2026/09/01 15:42:01.350675 GET /proxy/cover/985 502 17.614716ms
2026/09/01 15:42:13.648440 POST /api/graphql 200 15.001641173s
2026/09/01 15:42:18.693271 [sandbox] [grpc-default-executor-4] ERROR tsunagu.grpc.ExtensionServiceImpl - extension call failed: HttpException: HTTP error 522 <- OnNextValue: OnError while emitting onNext value: okhttp3.Response.class @ OkHttpExtensionsKt$asObservable$1$requestArbiter$1.request:41; OkHttpExtensionsKt.asObservable$lambda$0:59; RxCompatKt.awaitSingle:13; ExtensionServiceImpl$getPopularManga$page$2.invokeSuspend:196
2026/09/01 15:42:18.693336 [sandbox] [grpc-default-executor-0] ERROR tsunagu.grpc.ExtensionServiceImpl - extension call failed: HttpException: HTTP error 522 <- OnNextValue: OnError while emitting onNext value: okhttp3.Response.class @ OkHttpExtensionsKt$asObservable$1$requestArbiter$1.request:41; OkHttpExtensionsKt.asObservable$lambda$0:59; RxCompatKt.awaitSingle:13; ExtensionServiceImpl$getPopularManga$page$2.invokeSuspend:196
2026/09/01 15:42:24.900330 POST /api/graphql 200 11.020720031s
2026/09/01 15:42:24.975791 [sandbox] [grpc-default-executor-0] WARN tsunagu.grpc.ExtensionServiceImpl - extension call failed: SocketException: Connection reset @ CloudflareInterceptor.intercept:36; UserAgentInterceptor.intercept:21; UncaughtExceptionInterceptor.intercept:10; OkHttpExtensionsKt$asObservable$1$requestArbiter$1.request:39
2026/09/01 15:42:26.635500 GET /proxy/cover/886 502 21.164833ms
2026/09/01 15:42:26.636690 GET /proxy/cover/888 502 21.013614ms
2026/09/01 15:42:26.636695 GET /proxy/cover/890 502 20.740022ms
2026/09/01 15:42:26.637243 GET /proxy/cover/885 502 22.940378ms
2026/09/01 15:42:26.638458 GET /proxy/cover/887 502 24.123704ms
2026/09/01 15:42:26.640890 GET /proxy/cover/889 502 24.704082ms
2026/09/01 15:42:26.658168 GET /proxy/cover/892 502 20.823385ms
2026/09/01 15:42:26.660412 GET /proxy/cover/891 502 24.156484ms
2026/09/01 15:42:26.672494 GET /proxy/cover/894 502 34.750567ms
2026/09/01 15:42:26.673042 GET /proxy/cover/893 502 35.448711ms
2026/09/01 15:42:26.675966 GET /proxy/cover/895 502 37.165989ms
2026/09/01 15:42:26.677242 GET /proxy/cover/897 502 35.869826ms
2026/09/01 15:42:26.679950 GET /proxy/cover/899 502 21.149154ms
2026/09/01 15:42:26.690853 GET /proxy/cover/898 502 29.840547ms
2026/09/01 15:42:26.695768 GET /proxy/cover/901 502 22.044019ms
2026/09/01 15:42:26.698369 GET /proxy/cover/902 502 25.000005ms
2026/09/01 15:42:26.710932 GET /proxy/cover/900 502 33.076598ms
2026/09/01 15:42:26.711622 GET /proxy/cover/905 502 31.295803ms
2026/09/01 15:42:26.715002 GET /proxy/cover/903 502 38.638918ms
2026/09/01 15:42:26.715546 GET /proxy/cover/904 502 24.006078ms
2026/09/01 15:42:26.724050 GET /proxy/cover/906 502 27.741277ms
2026/09/01 15:42:26.729061 GET /proxy/cover/939 502 30.3202ms
2026/09/01 15:42:26.739885 GET /proxy/cover/908 502 27.8845ms
2026/09/01 15:42:28.889755 [sandbox] [grpc-default-executor-0] WARN tsunagu.grpc.ExtensionServiceImpl - extension call failed: SocketException: Connection reset @ CloudflareInterceptor.intercept:36; UserAgentInterceptor.intercept:21; UncaughtExceptionInterceptor.intercept:10; OkHttpExtensionsKt$asObservable$1$requestArbiter$1.request:39
2026/09/01 15:42:29.834335 [sandbox] [grpc-default-executor-0] WARN tsunagu.grpc.ExtensionServiceImpl - extension call failed: SocketException: Connection reset @ CloudflareInterceptor.intercept:36; UserAgentInterceptor.intercept:19; UncaughtExceptionInterceptor.intercept:10; OkHttpExtensionsKt$asObservable$1$requestArbiter$1.request:39
2026/09/01 15:42:30.545939 [sandbox] [grpc-default-executor-0] WARN tsunagu.grpc.ExtensionServiceImpl - extension call failed: SocketException: Connection reset @ CloudflareInterceptor.intercept:36; UserAgentInterceptor.intercept:19; UncaughtExceptionInterceptor.intercept:10; OkHttpExtensionsKt$asObservable$1$requestArbiter$1.request:39
2026/09/01 15:42:33.539086 [sandbox] [grpc-default-executor-7] ERROR tsunagu.grpc.ExtensionServiceImpl - extension call failed: HttpException: HTTP error 522 <- OnNextValue: OnError while emitting onNext value: okhttp3.Response.class @ OkHttpExtensionsKt$asObservable$1$requestArbiter$1.request:41; OkHttpExtensionsKt.asObservable$lambda$0:59; RxCompatKt.awaitSingle:13; ExtensionServiceImpl$getPopularManga$page$2.invokeSuspend:196
2026/09/01 15:42:33.828790 [sandbox] [grpc-default-executor-7] WARN tsunagu.grpc.ExtensionServiceImpl - extension call failed: SocketException: Connection reset @ CloudflareInterceptor.intercept:36; UserAgentInterceptor.intercept:19; UncaughtExceptionInterceptor.intercept:10; OkHttpExtensionsKt$asObservable$1$requestArbiter$1.request:39
2026/09/01 15:42:34.532633 [sandbox] [grpc-default-executor-7] WARN tsunagu.grpc.ExtensionServiceImpl - extension call failed: SocketException: Connection reset @ CloudflareInterceptor.intercept:36; UserAgentInterceptor.intercept:21; UncaughtExceptionInterceptor.intercept:10; OkHttpExtensionsKt$asObservable$1$requestArbiter$1.request:39
2026/09/01 15:42:35.107779 [sandbox] [grpc-default-executor-7] WARN tsunagu.grpc.ExtensionServiceImpl - extension call failed: SocketException: Connection reset @ CloudflareInterceptor.intercept:36; UserAgentInterceptor.intercept:21; UncaughtExceptionInterceptor.intercept:10; OkHttpExtensionsKt$asObservable$1$requestArbiter$1.request:39
2026/09/01 15:42:35.506132 [sandbox] [grpc-default-executor-7] WARN tsunagu.grpc.ExtensionServiceImpl - extension call failed: SocketException: Connection reset @ CloudflareInterceptor.intercept:36; UserAgentInterceptor.intercept:21; UncaughtExceptionInterceptor.intercept:10; OkHttpExtensionsKt$asObservable$1$requestArbiter$1.request:39
2026/09/01 15:42:36.198800 [sandbox] [grpc-default-executor-7] WARN tsunagu.grpc.ExtensionServiceImpl - extension call failed: SocketException: Connection reset @ CloudflareInterceptor.intercept:36; UserAgentInterceptor.intercept:21; UncaughtExceptionInterceptor.intercept:10; OkHttpExtensionsKt$asObservable$1$requestArbiter$1.request:39
2026/09/01 15:42:38.987817 [sandbox] [grpc-default-executor-7] WARN tsunagu.grpc.ExtensionServiceImpl - extension call failed: SocketException: Connection reset @ CloudflareInterceptor.intercept:36; UserAgentInterceptor.intercept:21; UncaughtExceptionInterceptor.intercept:10; OkHttpExtensionsKt$asObservable$1$requestArbiter$1.request:39
2026/09/01 15:42:40.991851 [sandbox] [grpc-default-executor-7] WARN tsunagu.grpc.ExtensionServiceImpl - extension call failed: SocketException: Connection reset @ CloudflareInterceptor.intercept:36; UserAgentInterceptor.intercept:21; UncaughtExceptionInterceptor.intercept:10; OkHttpExtensionsKt$asObservable$1$requestArbiter$1.request:39
2026/09/01 15:42:46.539341 POST /api/graphql 200 3.459028563s
2026/09/01 15:42:47.683370 POST /api/graphql 200 1.141918635s
2026/09/01 15:42:49.819268 [sandbox] [grpc-default-executor-7] ERROR tsunagu.grpc.ExtensionServiceImpl - extension call failed: HttpException: HTTP error 523 <- OnNextValue: OnError while emitting onNext value: okhttp3.Response.class @ OkHttpExtensionsKt$asObservable$1$requestArbiter$1.request:41; OkHttpExtensionsKt.asObservable$lambda$0:59; RxCompatKt.awaitSingle:13; ExtensionServiceImpl$getPopularManga$page$2.invokeSuspend:196
2026/09/01 15:42:51.982610 POST /api/graphql 200 4.298104111s
2026/09/01 15:42:52.377744 GET /proxy/cover/885 502 17.93279ms
2026/09/01 15:42:52.378814 GET /proxy/cover/886 502 18.207986ms
2026/09/01 15:42:52.379110 GET /proxy/cover/887 502 17.2858ms
2026/09/01 15:42:52.380316 GET /proxy/cover/888 502 18.273265ms
2026/09/01 15:42:52.381000 GET /proxy/cover/889 502 18.645179ms
2026/09/01 15:42:52.381134 GET /proxy/cover/890 502 18.915526ms
2026/09/01 15:42:52.397275 GET /proxy/cover/891 502 18.423672ms
2026/09/01 15:42:52.411022 GET /proxy/cover/893 502 31.199222ms
2026/09/01 15:42:52.411174 GET /proxy/cover/894 502 30.362696ms
2026/09/01 15:42:52.411304 GET /proxy/cover/892 502 31.661041ms
2026/09/01 15:42:52.424281 GET /proxy/cover/897 502 42.369673ms
2026/09/01 15:42:52.424363 GET /proxy/cover/895 502 42.62361ms
2026/09/01 15:42:52.437446 GET /proxy/cover/899 502 39.454526ms
2026/09/01 15:42:52.438201 GET /proxy/cover/901 502 26.008062ms
2026/09/01 15:42:52.438267 GET /proxy/cover/902 502 26.143771ms
2026/09/01 15:42:52.450556 GET /proxy/cover/898 502 38.610454ms
2026/09/01 15:42:52.451310 GET /proxy/cover/903 502 26.596543ms
2026/09/01 15:42:52.464094 GET /proxy/cover/900 502 39.251693ms
2026/09/01 15:42:52.465295 GET /proxy/cover/905 502 26.943842ms
2026/09/01 15:42:52.477912 GET /proxy/cover/904 502 39.096858ms
2026/09/01 15:42:52.478649 GET /proxy/cover/906 502 39.787297ms
2026/09/01 15:42:52.478661 GET /proxy/cover/939 502 27.587314ms
2026/09/01 15:42:52.491231 GET /proxy/cover/908 502 39.428027ms
2026/09/01 15:42:55.498420 [sandbox] [grpc-default-executor-7] WARN tsunagu.grpc.ExtensionServiceImpl - extension call failed: SocketException: Connection reset @ CloudflareInterceptor.intercept:36; UserAgentInterceptor.intercept:21; UncaughtExceptionInterceptor.intercept:10; OkHttpExtensionsKt$asObservable$1$requestArbiter$1.request:39
2026/09/01 15:42:56.365342 [sandbox] [grpc-default-executor-7] WARN tsunagu.grpc.ExtensionServiceImpl - extension call failed: SocketException: Connection reset @ CloudflareInterceptor.intercept:36; UserAgentInterceptor.intercept:21; UncaughtExceptionInterceptor.intercept:10; OkHttpExtensionsKt$asObservable$1$requestArbiter$1.request:39
2026/09/01 15:42:57.771514 GET /proxy/cover/885 502 17.903212ms
2026/09/01 15:42:57.772107 GET /proxy/cover/886 502 18.340806ms
2026/09/01 15:42:57.772585 GET /proxy/cover/887 502 18.801734ms
2026/09/01 15:42:57.773349 GET /proxy/cover/888 502 17.601738ms
2026/09/01 15:42:57.774006 GET /proxy/cover/890 502 17.843102ms
2026/09/01 15:42:57.774930 GET /proxy/cover/889 502 18.570068ms
2026/09/01 15:42:57.790749 GET /proxy/cover/893 502 17.652832ms
2026/09/01 15:42:57.791038 GET /proxy/cover/891 502 18.62053ms
2026/09/01 15:42:57.792166 GET /proxy/cover/894 502 18.308207ms
2026/09/01 15:42:57.792892 GET /proxy/cover/895 502 18.390948ms
2026/09/01 15:42:57.793485 GET /proxy/cover/897 502 18.124438ms
2026/09/01 15:42:57.793513 GET /proxy/cover/892 502 20.658786ms
2026/09/01 15:42:57.808821 GET /proxy/cover/899 502 17.272583ms
2026/09/01 15:42:57.810170 GET /proxy/cover/898 502 18.442162ms
2026/09/01 15:42:57.810493 GET /proxy/cover/902 502 17.769126ms
2026/09/01 15:42:57.811309 GET /proxy/cover/901 502 17.992236ms
2026/09/01 15:42:57.812020 GET /proxy/cover/900 502 17.796867ms
2026/09/01 15:42:57.812890 GET /proxy/cover/903 502 18.82189ms
2026/09/01 15:42:57.827698 GET /proxy/cover/906 502 16.766653ms
2026/09/01 15:42:57.828436 GET /proxy/cover/905 502 18.823463ms
2026/09/01 15:42:57.829396 GET /proxy/cover/904 502 18.719692ms
2026/09/01 15:42:57.830532 GET /proxy/cover/908 502 17.865462ms
2026/09/01 15:42:57.830619 GET /proxy/cover/939 502 18.97946ms
2026/09/01 15:42:59.326797 GET /proxy/cover/897 502 18.970032ms
2026/09/01 15:42:59.387441 [sandbox] [grpc-default-executor-4] ERROR tsunagu.grpc.ExtensionServiceImpl - extension call failed: HttpException: HTTP error 523 <- OnNextValue: OnError while emitting onNext value: okhttp3.Response.class @ OkHttpExtensionsKt$asObservable$1$requestArbiter$1.request:41; OkHttpExtensionsKt.asObservable$lambda$0:59; RxCompatKt.awaitSingle:13; AnimeCatalogueSource.getSearchAnime$suspendImpl:26
2026/09/01 15:42:59.878579 sync: caching cover for entry 1371 failed: rpc error: code = Internal desc = java.lang.IllegalStateException: extension eu.kanade.tachiyomi.animeextension.en.aniwaves is not an HttpSource
2026/09/01 15:43:00.621399 POST /api/graphql 200 1.350433629s
2026/09/01 15:43:04.931802 [sandbox] E/AniWaves: Byse extraction failed for BYFMS: Connection reset
2026/09/01 15:43:06.256885 [sandbox] [grpc-default-executor-0] ERROR tsunagu.grpc.ExtensionServiceImpl - extension call failed: HttpException: HTTP error 522 <- OnNextValue: OnError while emitting onNext value: okhttp3.Response.class @ OkHttpExtensionsKt$asObservable$1$requestArbiter$1.request:41; OkHttpExtensionsKt.asObservable$lambda$0:59; RxCompatKt.awaitSingle:13; AnimeCatalogueSource.getSearchAnime$suspendImpl:26
2026/09/01 15:43:06.583485 [sandbox] [grpc-default-executor-7] INFO tsunagu.grpc.ExtensionServiceImpl - getVideoStream 82683&eps=1&epurl=/watch/koko-wa-ore-ni-makasete-saki-ni-ike-to-itte-kara-10-nen-ga-tattara-densetsu-ni-natteita-82683/episode/1: 5 source(s), subs=39 audio=0 timestamps=0
2026/09/01 15:43:11.413296 POST /api/graphql 200 2.510278805s
2026/09/01 15:43:11.413326 POST /api/graphql 200 2.510078367s
2026/09/01 15:49:22.184973 shutting down
2026/09/01 15:49:24.475176 === Tsunagu dev (unknown) starting, pid 366518 ===
2026/09/01 15:49:24.489702 sandbox: spawning /nix/store/1slz0vmmgsd7p6i4c0jaywkpw56wl2yg-openjdk-21.0.12+8/lib/openjdk/bin/java -cp /home/shozikan/Projects/Manga/Tsunagu/sandbox/build/libs/sandbox-0.1.0-all.jar tsunagu.MainKt (source: JAVA_HOME/PATH)
2026/09/01 15:49:24.775261 [sandbox] [main] INFO eu.kanade.tachiyomi.network.TlsSetup - TLS: Conscrypt provider installed (v2.5.2)
2026/09/01 15:49:25.247400 [sandbox] tsunagu sandbox listening on :50051
2026/09/01 15:49:25.377489 sandbox: ready at localhost:50051
2026/09/01 15:49:28.245207 tsunagu dev listening on [::]:6007
2026/09/01 15:49:28.246995 metadata backfill: 1 unmatched media, working through them (~1m)
2026/09/01 15:49:28.250042 content filter: recomputed 6 media
2026/09/01 15:49:28.655705 tracker poll: reconciled 2 media
2026/09/01 15:49:29.298575 metadata backfill: done -- matched 0/1
2026/09/01 15:49:37.953173 POST /api/graphql 200 1.870630149s
2026/09/01 15:49:38.436027 [sandbox] E/AniWaves: Byse extraction failed for BYFMS: Connection reset
2026/09/01 15:49:39.539773 [sandbox] [grpc-default-executor-0] INFO tsunagu.grpc.ExtensionServiceImpl - getVideoStream 82683&eps=1&epurl=/watch/koko-wa-ore-ni-makasete-saki-ni-ike-to-itte-kara-10-nen-ga-tattara-densetsu-ni-natteita-82683/episode/1: 5 source(s), subs=39 audio=0 timestamps=0
2026/09/01 15:49:41.873186 [sandbox] [grpc-default-executor-2] WARN tsunagu.grpc.ExtensionServiceImpl - extension call failed: SocketException: Connection reset @ CloudflareInterceptor.intercept:36; UserAgentInterceptor.intercept:21; UncaughtExceptionInterceptor.intercept:10; OkHttpExtensionsKt$asObservable$1$requestArbiter$1.request:39
2026/09/01 15:49:42.010298 [sandbox] [grpc-default-executor-2] WARN tsunagu.grpc.ExtensionServiceImpl - extension call failed: SocketException: Connection reset @ CloudflareInterceptor.intercept:36; UserAgentInterceptor.intercept:21; UncaughtExceptionInterceptor.intercept:10; OkHttpExtensionsKt$asObservable$1$requestArbiter$1.request:39
2026/09/01 15:49:42.057479 [sandbox] [grpc-default-executor-3] WARN tsunagu.grpc.ExtensionServiceImpl - extension call failed: SocketException: Connection reset @ CloudflareInterceptor.intercept:36; UserAgentInterceptor.intercept:21; UncaughtExceptionInterceptor.intercept:10; OkHttpExtensionsKt$asObservable$1$requestArbiter$1.request:39
2026/09/01 15:49:42.110343 [sandbox] [grpc-default-executor-2] WARN tsunagu.grpc.ExtensionServiceImpl - extension call failed: SocketException: Connection reset @ CloudflareInterceptor.intercept:36; UserAgentInterceptor.intercept:19; UncaughtExceptionInterceptor.intercept:10; OkHttpExtensionsKt$asObservable$1$requestArbiter$1.request:39
2026/09/01 15:49:42.174780 [sandbox] [grpc-default-executor-3] WARN tsunagu.grpc.ExtensionServiceImpl - extension call failed: SocketException: Connection reset @ CloudflareInterceptor.intercept:36; UserAgentInterceptor.intercept:19; UncaughtExceptionInterceptor.intercept:10; OkHttpExtensionsKt$asObservable$1$requestArbiter$1.request:39
2026/09/01 15:49:42.416255 POST /api/graphql 200 661.710979ms
2026/09/01 15:49:42.956451 POST /api/graphql 200 536.278127ms
2026/09/01 15:49:43.499093 POST /api/graphql 200 539.307025ms
2026/09/01 15:49:51.346807 sync: caching cover for entry 1372 failed: rpc error: code = Internal desc = java.lang.IllegalStateException: extension eu.kanade.tachiyomi.animeextension.en.aniwaves is not an HttpSource
2026/09/01 15:49:51.874583 POST /api/graphql 200 1.043205261s
2026/09/01 15:49:54.389366 POST /api/graphql 200 12.634880245s
2026/09/01 15:50:01.647431 [sandbox] [grpc-default-executor-0] ERROR tsunagu.grpc.ExtensionServiceImpl - extension call failed: HttpException: HTTP error 522 <- OnNextValue: OnError while emitting onNext value: okhttp3.Response.class @ OkHttpExtensionsKt$asObservable$1$requestArbiter$1.request:41; OkHttpExtensionsKt.asObservable$lambda$0:59; RxCompatKt.awaitSingle:13; ExtensionServiceImpl$getPopularManga$page$2.invokeSuspend:196
2026/09/01 16:03:14.340168 shutting down
2026/09/01 23:00:10.431112 === Tsunagu dev (unknown) starting, pid 559189 ===
2026/09/01 23:00:10.470683 sandbox: spawning /nix/store/1slz0vmmgsd7p6i4c0jaywkpw56wl2yg-openjdk-21.0.12+8/lib/openjdk/bin/java -cp /home/shozikan/Projects/Manga/Tsunagu/sandbox/build/libs/sandbox-0.1.0-all.jar tsunagu.MainKt (source: JAVA_HOME/PATH)
2026/09/01 23:00:10.844081 [sandbox] [main] INFO eu.kanade.tachiyomi.network.TlsSetup - TLS: Conscrypt provider installed (v2.5.2)
2026/09/01 23:00:11.457889 [sandbox] tsunagu sandbox listening on :50051
2026/09/01 23:00:12.399996 sandbox: ready at localhost:50051
2026/09/01 23:00:15.556008 tsunagu dev listening on [::]:6007
2026/09/01 23:00:15.558700 metadata backfill: 1 unmatched media, working through them (~1m)
2026/09/01 23:00:15.561737 content filter: recomputed 6 media
2026/09/01 23:00:15.927104 tracker poll: reconciled 2 media
2026/09/01 23:00:16.605979 metadata backfill: done -- matched 0/1
2026/09/01 23:00:24.127760 POST /api/graphql 200 942.945931ms
2026/09/01 23:01:44.006804 POST /api/graphql 200 1.233371262s
2026/09/01 23:01:45.086706 POST /api/graphql 200 823.477096ms
2026/09/01 23:01:45.451380 GET /proxy/cover/781 502 249.949407ms
2026/09/01 23:01:45.462866 GET /proxy/cover/757 502 294.479738ms
2026/09/01 23:01:45.746524 POST /api/graphql 200 1.483288639s
2026/09/01 23:01:45.938300 [sandbox] [grpc-default-executor-4] ERROR tsunagu.grpc.ExtensionServiceImpl - extension call failed: HttpException: HTTP error 404 <- OnNextValue: OnError while emitting onNext value: okhttp3.Response.class @ OkHttpExtensionsKt$asObservable$1$requestArbiter$1.request:41; OkHttpExtensionsKt.asObservable$lambda$0:59; RxCompatKt.awaitSingle:13; ExtensionServiceImpl$getPopularManga$page$2.invokeSuspend:196
2026/09/01 23:01:45.939164 POST /api/graphql 200 832.889331ms
2026/09/01 23:01:46.091143 POST /api/graphql 200 1.827883609s
2026/09/01 23:01:46.318028 POST /api/graphql 200 568.34374ms
2026/09/01 23:01:46.487397 POST /api/graphql 200 544.942775ms
2026/09/01 23:01:46.881354 POST /api/graphql 200 559.757939ms
2026/09/01 23:01:47.318160 POST /api/graphql 200 824.621747ms
2026/09/01 23:01:49.336155 GET /proxy/cover/757 502 162.944075ms
2026/09/01 23:01:50.083830 sync: caching cover for entry 757 failed: rpc error: code = Internal desc = java.lang.IllegalStateException: extension eu.kanade.tachiyomi.animeextension.en.animegg is not an HttpSource
2026/09/01 23:01:50.463403 POST /api/graphql 200 1.387014171s
2026/09/01 23:01:51.901375 POST /api/graphql 200 7.63819638s
2026/09/01 23:01:52.564376 POST /api/graphql 200 651.919301ms
2026/09/01 23:01:52.613971 POST /api/graphql 200 701.522455ms
2026/09/01 23:01:53.351950 [sandbox] [grpc-default-executor-5] ERROR tsunagu.grpc.ExtensionServiceImpl - extension call failed: HttpException: HTTP error 404 <- OnNextValue: OnError while emitting onNext value: okhttp3.Response.class @ OkHttpExtensionsKt$asObservable$1$requestArbiter$1.request:41; OkHttpExtensionsKt.asObservable$lambda$0:59; RxCompatKt.awaitSingle:13; ExtensionServiceImpl$getPopularManga$page$2.invokeSuspend:196
2026/09/01 23:01:53.352835 POST /api/graphql 200 761.420504ms
2026/09/01 23:01:53.513699 POST /api/graphql 200 540.568389ms
2026/09/01 23:01:53.539581 [sandbox] [grpc-default-executor-2] INFO tsunagu.grpc.ExtensionServiceImpl - extension eu.kanade.tachiyomi.extension.en.batcave has no popular listing, returning empty page
2026/09/01 23:01:54.070112 POST /api/graphql 200 527.069836ms
2026/09/01 23:01:54.119187 [sandbox] [grpc-default-executor-5] INFO tsunagu.grpc.ExtensionServiceImpl - extension eu.kanade.tachiyomi.extension.all.mangafire has no popular listing, returning empty page
2026/09/01 23:01:54.297387 [sandbox] [grpc-default-executor-2] INFO tsunagu.grpc.ExtensionServiceImpl - extension eu.kanade.tachiyomi.extension.en.weebcentral has no popular listing, returning empty page
2026/09/01 23:01:54.305938 POST /api/graphql 200 762.986682ms
2026/09/01 23:01:54.695772 POST /api/graphql 200 571.800733ms
2026/09/01 23:01:55.119803 GET /proxy/cover/781 502 170.692811ms
2026/09/01 23:01:56.981407 POST /api/graphql 200 537.50314ms
2026/09/01 23:01:58.596412 POST /api/graphql 200 790.837074ms
2026/09/01 23:02:00.172777 [sandbox] [grpc-default-executor-1] ERROR tsunagu.grpc.ExtensionServiceImpl - extension call failed: HttpException: HTTP error 404 <- OnNextValue: OnError while emitting onNext value: okhttp3.Response.class @ OkHttpExtensionsKt$asObservable$1$requestArbiter$1.request:41; OkHttpExtensionsKt.asObservable$lambda$0:59; RxCompatKt.awaitSingle:13; ExtensionServiceImpl$getPopularManga$page$2.invokeSuspend:196
2026/09/01 23:02:00.173660 POST /api/graphql 200 798.075215ms
2026/09/01 23:02:00.382474 [sandbox] [grpc-default-executor-1] ERROR tsunagu.grpc.ExtensionServiceImpl - extension call failed: HttpException: HTTP error 404 <- OnNextValue: OnError while emitting onNext value: okhttp3.Response.class @ OkHttpExtensionsKt$asObservable$1$requestArbiter$1.request:41; OkHttpExtensionsKt.asObservable$lambda$0:59; RxCompatKt.awaitSingle:13; ExtensionServiceImpl$getPopularManga$page$2.invokeSuspend:196
2026/09/01 23:02:00.570772 [sandbox] [grpc-default-executor-1] ERROR tsunagu.grpc.ExtensionServiceImpl - extension call failed: HttpException: HTTP error 404 <- OnNextValue: OnError while emitting onNext value: okhttp3.Response.class @ OkHttpExtensionsKt$asObservable$1$requestArbiter$1.request:41; OkHttpExtensionsKt.asObservable$lambda$0:59; RxCompatKt.awaitSingle:13; ExtensionServiceImpl$getPopularManga$page$2.invokeSuspend:196
2026/09/01 23:02:00.715682 [sandbox] [grpc-default-executor-5] ERROR tsunagu.grpc.ExtensionServiceImpl - extension call failed: HttpException: HTTP error 523 <- OnNextValue: OnError while emitting onNext value: okhttp3.Response.class @ OkHttpExtensionsKt$asObservable$1$requestArbiter$1.request:41; OkHttpExtensionsKt.asObservable$lambda$0:59; RxCompatKt.awaitSingle:13; ExtensionServiceImpl$getPopularManga$page$2.invokeSuspend:196
2026/09/01 23:02:00.716457 POST /api/graphql 200 4.606229927s
2026/09/01 23:02:01.187568 POST /api/graphql 200 613.169026ms
2026/09/01 23:02:01.260876 POST /api/graphql 200 541.706299ms
2026/09/01 23:02:02.038955 POST /api/graphql 200 775.225251ms
2026/09/01 23:02:02.143101 POST /api/graphql 200 721.532532ms
2026/09/01 23:02:02.148063 [sandbox] [grpc-default-executor-1] INFO tsunagu.grpc.ExtensionServiceImpl - extension eu.kanade.tachiyomi.extension.en.batcave has no popular listing, returning empty page
2026/09/01 23:02:02.153094 [sandbox] [grpc-default-executor-1] INFO tsunagu.grpc.ExtensionServiceImpl - extension eu.kanade.tachiyomi.extension.en.batcave has no popular listing, returning empty page
2026/09/01 23:02:02.159136 [sandbox] [grpc-default-executor-1] INFO tsunagu.grpc.ExtensionServiceImpl - extension eu.kanade.tachiyomi.extension.en.batcave has no popular listing, returning empty page
2026/09/01 23:02:02.972658 POST /api/graphql 200 704.00107ms
2026/09/01 23:02:03.549537 POST /api/graphql 200 939.213079ms
2026/09/01 23:02:03.712941 [sandbox] [grpc-default-executor-5] INFO tsunagu.grpc.ExtensionServiceImpl - extension eu.kanade.tachiyomi.extension.all.mangafire has no popular listing, returning empty page
2026/09/01 23:02:03.718108 [sandbox] [grpc-default-executor-5] INFO tsunagu.grpc.ExtensionServiceImpl - extension eu.kanade.tachiyomi.extension.all.mangafire has no popular listing, returning empty page
2026/09/01 23:02:03.722777 [sandbox] [grpc-default-executor-5] INFO tsunagu.grpc.ExtensionServiceImpl - extension eu.kanade.tachiyomi.extension.all.mangafire has no popular listing, returning empty page
2026/09/01 23:02:03.851205 [sandbox] [grpc-default-executor-3] ERROR tsunagu.grpc.ExtensionServiceImpl - extension call failed: HttpException: HTTP error 522 <- OnNextValue: OnError while emitting onNext value: okhttp3.Response.class @ OkHttpExtensionsKt$asObservable$1$requestArbiter$1.request:41; OkHttpExtensionsKt.asObservable$lambda$0:59; RxCompatKt.awaitSingle:13; ExtensionServiceImpl$getPopularManga$page$2.invokeSuspend:196
2026/09/01 23:02:04.193652 [sandbox] [grpc-default-executor-1] INFO tsunagu.grpc.ExtensionServiceImpl - extension eu.kanade.tachiyomi.extension.en.weebcentral has no popular listing, returning empty page
2026/09/01 23:02:04.198132 [sandbox] [grpc-default-executor-1] INFO tsunagu.grpc.ExtensionServiceImpl - extension eu.kanade.tachiyomi.extension.en.weebcentral has no popular listing, returning empty page
2026/09/01 23:02:04.202292 [sandbox] [grpc-default-executor-1] INFO tsunagu.grpc.ExtensionServiceImpl - extension eu.kanade.tachiyomi.extension.en.weebcentral has no popular listing, returning empty page
2026/09/01 23:02:06.913990 POST /api/graphql 200 15.001669475s
2026/09/01 23:02:11.111561 POST /api/graphql 200 15.001465969s
2026/09/01 23:02:11.114733 POST /api/graphql 200 15.004543593s
2026/09/01 23:02:11.357054 [sandbox] [grpc-default-executor-4] ERROR tsunagu.grpc.ExtensionServiceImpl - extension call failed: HttpException: HTTP error 522 <- OnNextValue: OnError while emitting onNext value: okhttp3.Response.class @ OkHttpExtensionsKt$asObservable$1$requestArbiter$1.request:41; OkHttpExtensionsKt.asObservable$lambda$0:59; RxCompatKt.awaitSingle:13; ExtensionServiceImpl$getPopularManga$page$2.invokeSuspend:196
2026/09/01 23:02:15.455372 [sandbox] [grpc-default-executor-6] ERROR tsunagu.grpc.ExtensionServiceImpl - extension call failed: HttpException: HTTP error 522 <- OnNextValue: OnError while emitting onNext value: okhttp3.Response.class @ OkHttpExtensionsKt$asObservable$1$requestArbiter$1.request:41; OkHttpExtensionsKt.asObservable$lambda$0:59; RxCompatKt.awaitSingle:13; ExtensionServiceImpl$getPopularManga$page$2.invokeSuspend:196
2026/09/01 23:02:15.455457 [sandbox] [grpc-default-executor-2] ERROR tsunagu.grpc.ExtensionServiceImpl - extension call failed: HttpException: HTTP error 522 <- OnNextValue: OnError while emitting onNext value: okhttp3.Response.class @ OkHttpExtensionsKt$asObservable$1$requestArbiter$1.request:41; OkHttpExtensionsKt.asObservable$lambda$0:59; RxCompatKt.awaitSingle:13; ExtensionServiceImpl$getPopularManga$page$2.invokeSuspend:196
2026/09/01 23:02:33.044305 GET /proxy/cover/781 502 167.020657ms
2026/09/01 23:02:35.853351 POST /api/graphql 200 2.185517037s
2026/09/01 23:02:49.419323 [sandbox] [grpc-default-executor-6] ERROR tsunagu.grpc.ExtensionServiceImpl - extension call failed: HttpException: HTTP error 522 <- OnNextValue: OnError while emitting onNext value: okhttp3.Response.class @ OkHttpExtensionsKt$asObservable$1$requestArbiter$1.request:41; OkHttpExtensionsKt.asObservable$lambda$0:59; RxCompatKt.awaitSingle:13; AnimeCatalogueSource.getSearchAnime$suspendImpl:26
2026/09/01 23:05:22.988856 shutting down
2026/09/01 23:09:09.509332 === Tsunagu dev (unknown) starting, pid 593660 ===
2026/09/01 23:09:09.526081 sandbox: spawning /nix/store/1slz0vmmgsd7p6i4c0jaywkpw56wl2yg-openjdk-21.0.12+8/lib/openjdk/bin/java -cp /home/shozikan/Projects/Manga/Tsunagu/sandbox/build/libs/sandbox-0.1.0-all.jar tsunagu.MainKt (source: JAVA_HOME/PATH)
2026/09/01 23:09:09.785322 [sandbox] [main] INFO eu.kanade.tachiyomi.network.TlsSetup - TLS: Conscrypt provider installed (v2.5.2)
2026/09/01 23:09:10.331258 [sandbox] tsunagu sandbox listening on :50051
2026/09/01 23:09:10.492788 sandbox: ready at localhost:50051
2026/09/01 23:09:12.823091 tsunagu dev listening on [::]:6007
2026/09/01 23:09:12.825550 metadata backfill: 1 unmatched media, working through them (~1m)
2026/09/01 23:09:12.827276 content filter: recomputed 6 media
2026/09/01 23:09:13.188460 tracker poll: reconciled 2 media
2026/09/01 23:09:13.860327 metadata backfill: done -- matched 0/1
2026/09/01 23:09:21.411034 POST /api/graphql 200 963.769987ms
2026/09/01 23:09:29.267125 POST /api/graphql 200 992.652708ms
2026/09/01 23:09:29.333500 POST /api/graphql 200 1.058980544s
2026/09/01 23:09:29.999980 POST /api/graphql 200 1.725443782s
2026/09/01 23:09:30.209368 POST /api/graphql 200 567.600296ms
2026/09/01 23:09:30.860237 [sandbox] [grpc-default-executor-3] ERROR tsunagu.grpc.ExtensionServiceImpl - extension call failed: HttpException: HTTP error 404 <- OnNextValue: OnError while emitting onNext value: okhttp3.Response.class @ OkHttpExtensionsKt$asObservable$1$requestArbiter$1.request:41; OkHttpExtensionsKt.asObservable$lambda$0:59; RxCompatKt.awaitSingle:13; ExtensionServiceImpl$getPopularManga$page$2.invokeSuspend:196
2026/09/01 23:09:30.861916 POST /api/graphql 200 860.331499ms
2026/09/01 23:09:31.433743 POST /api/graphql 200 568.348886ms
2026/09/01 23:09:31.872929 POST /api/graphql 200 883.351868ms
2026/09/01 23:09:32.107208 POST /api/graphql 200 671.742249ms
2026/09/01 23:09:32.824084 POST /api/graphql 200 563.877712ms
2026/09/01 23:09:32.831518 [sandbox] [grpc-default-executor-1] INFO tsunagu.grpc.ExtensionServiceImpl - extension eu.kanade.tachiyomi.extension.en.batcave has no popular listing, returning empty page
2026/09/01 23:09:32.962469 POST /api/graphql 200 833.502319ms
2026/09/01 23:09:33.645376 POST /api/graphql 200 515.832489ms
2026/09/01 23:09:33.710112 POST /api/graphql 200 876.336989ms
2026/09/01 23:09:33.885729 [sandbox] [grpc-default-executor-1] INFO tsunagu.grpc.ExtensionServiceImpl - extension eu.kanade.tachiyomi.extension.all.mangafire has no popular listing, returning empty page
2026/09/01 23:09:34.855269 POST /api/graphql 200 626.27753ms
2026/09/01 23:09:35.114723 [sandbox] [grpc-default-executor-3] INFO tsunagu.grpc.ExtensionServiceImpl - extension eu.kanade.tachiyomi.extension.en.weebcentral has no popular listing, returning empty page
2026/09/01 23:09:35.899770 [sandbox] [grpc-default-executor-1] ERROR tsunagu.grpc.ExtensionServiceImpl - extension call failed: HttpException: HTTP error 404 <- OnNextValue: OnError while emitting onNext value: okhttp3.Response.class @ OkHttpExtensionsKt$asObservable$1$requestArbiter$1.request:41; OkHttpExtensionsKt.asObservable$lambda$0:59; RxCompatKt.awaitSingle:13; ExtensionServiceImpl$getPopularManga$page$2.invokeSuspend:196
2026/09/01 23:09:36.090236 [sandbox] [grpc-default-executor-1] ERROR tsunagu.grpc.ExtensionServiceImpl - extension call failed: HttpException: HTTP error 404 <- OnNextValue: OnError while emitting onNext value: okhttp3.Response.class @ OkHttpExtensionsKt$asObservable$1$requestArbiter$1.request:41; OkHttpExtensionsKt.asObservable$lambda$0:59; RxCompatKt.awaitSingle:13; ExtensionServiceImpl$getPopularManga$page$2.invokeSuspend:196
2026/09/01 23:09:36.992754 POST /api/graphql 200 900.606628ms
2026/09/01 23:09:38.297957 POST /api/graphql 200 1.303904701s
2026/09/01 23:09:39.841165 POST /api/graphql 200 1.541542615s
2026/09/01 23:09:40.034913 [sandbox] [grpc-default-executor-1] ERROR tsunagu.grpc.ExtensionServiceImpl - extension call failed: HttpException: HTTP error 404 <- OnNextValue: OnError while emitting onNext value: okhttp3.Response.class @ OkHttpExtensionsKt$asObservable$1$requestArbiter$1.request:41; OkHttpExtensionsKt.asObservable$lambda$0:59; RxCompatKt.awaitSingle:13; ExtensionServiceImpl$getPopularManga$page$2.invokeSuspend:196
2026/09/01 23:09:40.757253 POST /api/graphql 200 720.006979ms
2026/09/01 23:09:40.943601 [sandbox] [grpc-default-executor-1] ERROR tsunagu.grpc.ExtensionServiceImpl - extension call failed: HttpException: HTTP error 404 <- OnNextValue: OnError while emitting onNext value: okhttp3.Response.class @ OkHttpExtensionsKt$asObservable$1$requestArbiter$1.request:41; OkHttpExtensionsKt.asObservable$lambda$0:59; RxCompatKt.awaitSingle:13; AnimeCatalogueSource.getSearchAnime$suspendImpl:26
2026/09/01 23:09:42.607099 POST /api/graphql 200 940.784698ms
2026/09/01 23:09:43.178189 [sandbox] [grpc-default-executor-1] WARN tsunagu.grpc.ExtensionServiceImpl - extension call failed: IOException: Open in WebView to bypass site protection <- IOException: Open in WebView to bypass site protection @ x.a:-1; UserAgentInterceptor.intercept:21; UncaughtExceptionInterceptor.intercept:10
2026/09/01 23:09:43.179090 POST /api/graphql 200 549.472842ms
2026/09/01 23:09:43.183814 [sandbox] E/BatCave: Failed to fetch filter data
java.io.IOException: Open in WebView to bypass site protection
	at keiyoushi.a.b.a(Unknown Source)
	at keiyoushi.a.b.a(Unknown Source)
	at eu.kanade.tachiyomi.a.a.a.a.a(Unknown Source)
	at eu.kanade.tachiyomi.a.a.a.a.a(Unknown Source)
	at keiyoushi.source.f.invokeSuspend(Unknown Source)
	at kotlin.coroutines.jvm.internal.BaseContinuationImpl.resumeWith(ContinuationImpl.kt:34)
	at kotlinx.coroutines.DispatchedTask.run(DispatchedTask.kt:100)
	at kotlinx.coroutines.internal.LimitedDispatcher$Worker.run(LimitedDispatcher.kt:124)
	at kotlinx.coroutines.scheduling.TaskImpl.run(Tasks.kt:89)
	at kotlinx.coroutines.scheduling.CoroutineScheduler.runSafely(CoroutineScheduler.kt:586)
	at kotlinx.coroutines.scheduling.CoroutineScheduler$Worker.executeTask(CoroutineScheduler.kt:798)
	at kotlinx.coroutines.scheduling.CoroutineScheduler$Worker.runWorker(CoroutineScheduler.kt:717)
	at kotlinx.coroutines.scheduling.CoroutineScheduler$Worker.run(CoroutineScheduler.kt:704)
Caused by: java.io.IOException: Open in WebView to bypass site protection
	at eu.kanade.tachiyomi.a.a.a.x.a(Unknown Source)
	at okhttp3.internal.http.RealInterceptorChain.proceed(RealInterceptorChain.kt:332)
	at eu.kanade.tachiyomi.network.interceptor.UserAgentInterceptor.intercept(UserAgentInterceptor.kt:21)
	at okhttp3.internal.http.RealInterceptorChain.proceed(RealInterceptorChain.kt:332)
	at eu.kanade.tachiyomi.network.interceptor.UncaughtExceptionInterceptor.intercept(UncaughtExceptionInterceptor.kt:10)
	at okhttp3.internal.http.RealInterceptorChain.proceed(RealInterceptorChain.kt:332)
	at okhttp3.internal.connection.RealCall.getResponseWithInterceptorChain$okhttp(RealCall.kt:234)
	at okhttp3.internal.connection.RealCall$AsyncCall.run(RealCall.kt:582)
	at java.base/java.util.concurrent.ThreadPoolExecutor.runWorker(ThreadPoolExecutor.java:1144)
	at java.base/java.util.concurrent.ThreadPoolExecutor$Worker.run(ThreadPoolExecutor.java:642)
	at java.base/java.lang.Thread.run(Thread.java:1583)

2026/09/01 23:09:43.276319 POST /api/graphql 200 15.001883406s
2026/09/01 23:09:43.800200 POST /api/graphql 200 521.966762ms
2026/09/01 23:09:44.030881 POST /api/graphql 200 15.000978973s
2026/09/01 23:09:44.030882 POST /api/graphql 200 15.001199675s
2026/09/01 23:09:44.270143 POST /api/graphql 200 15.001500592s
2026/09/01 23:09:44.444654 POST /api/graphql 200 690.049942ms
2026/09/01 23:09:44.625591 [sandbox] [grpc-default-executor-9] INFO tsunagu.grpc.ExtensionServiceImpl - extension eu.kanade.tachiyomi.extension.en.batcave has no popular listing, returning empty page
2026/09/01 23:09:44.749766 [sandbox] [grpc-default-executor-7] INFO tsunagu.grpc.ExtensionServiceImpl - extension eu.kanade.tachiyomi.extension.en.batcave has no popular listing, returning empty page
2026/09/01 23:09:44.754041 [sandbox] [grpc-default-executor-7] INFO tsunagu.grpc.ExtensionServiceImpl - extension eu.kanade.tachiyomi.extension.en.batcave has no popular listing, returning empty page
2026/09/01 23:09:45.319859 POST /api/graphql 200 691.719382ms
2026/09/01 23:09:45.350340 POST /api/graphql 200 622.174316ms
2026/09/01 23:09:45.747581 [sandbox] [grpc-default-executor-9] INFO tsunagu.grpc.ExtensionServiceImpl - extension eu.kanade.tachiyomi.extension.all.mangafire has no popular listing, returning empty page
2026/09/01 23:09:45.853198 [sandbox] [grpc-default-executor-9] INFO tsunagu.grpc.ExtensionServiceImpl - extension eu.kanade.tachiyomi.extension.all.mangafire has no popular listing, returning empty page
2026/09/01 23:09:45.923255 [sandbox] [grpc-default-executor-9] INFO tsunagu.grpc.ExtensionServiceImpl - extension eu.kanade.tachiyomi.extension.all.mangafire has no popular listing, returning empty page
2026/09/01 23:09:46.868761 [sandbox] [grpc-default-executor-9] INFO tsunagu.grpc.ExtensionServiceImpl - extension eu.kanade.tachiyomi.extension.en.weebcentral has no popular listing, returning empty page
2026/09/01 23:09:46.976967 [sandbox] [grpc-default-executor-9] INFO tsunagu.grpc.ExtensionServiceImpl - extension eu.kanade.tachiyomi.extension.en.weebcentral has no popular listing, returning empty page
2026/09/01 23:09:47.085242 [sandbox] [grpc-default-executor-9] INFO tsunagu.grpc.ExtensionServiceImpl - extension eu.kanade.tachiyomi.extension.en.weebcentral has no popular listing, returning empty page
2026/09/01 23:09:47.289602 POST /api/graphql 200 1.896219207s
2026/09/01 23:09:48.233754 [sandbox] [grpc-default-executor-0] ERROR tsunagu.grpc.ExtensionServiceImpl - extension call failed: HttpException: HTTP error 522 <- OnNextValue: OnError while emitting onNext value: okhttp3.Response.class @ OkHttpExtensionsKt$asObservable$1$requestArbiter$1.request:41; OkHttpExtensionsKt.asObservable$lambda$0:59; RxCompatKt.awaitSingle:13; ExtensionServiceImpl$getPopularManga$page$2.invokeSuspend:196
2026/09/01 23:09:48.746951 [sandbox] [grpc-default-executor-5] ERROR tsunagu.grpc.ExtensionServiceImpl - extension call failed: HttpException: HTTP error 522 <- OnNextValue: OnError while emitting onNext value: okhttp3.Response.class @ OkHttpExtensionsKt$asObservable$1$requestArbiter$1.request:41; OkHttpExtensionsKt.asObservable$lambda$0:59; RxCompatKt.awaitSingle:13; ExtensionServiceImpl$getPopularManga$page$2.invokeSuspend:196
2026/09/01 23:09:48.747178 [sandbox] [grpc-default-executor-4] ERROR tsunagu.grpc.ExtensionServiceImpl - extension call failed: HttpException: HTTP error 522 <- OnNextValue: OnError while emitting onNext value: okhttp3.Response.class @ OkHttpExtensionsKt$asObservable$1$requestArbiter$1.request:41; OkHttpExtensionsKt.asObservable$lambda$0:59; RxCompatKt.awaitSingle:13; ExtensionServiceImpl$getPopularManga$page$2.invokeSuspend:196
2026/09/01 23:09:48.747556 [sandbox] [grpc-default-executor-2] ERROR tsunagu.grpc.ExtensionServiceImpl - extension call failed: HttpException: HTTP error 522 <- OnNextValue: OnError while emitting onNext value: okhttp3.Response.class @ OkHttpExtensionsKt$asObservable$1$requestArbiter$1.request:41; OkHttpExtensionsKt.asObservable$lambda$0:59; RxCompatKt.awaitSingle:13; ExtensionServiceImpl$getPopularManga$page$2.invokeSuspend:196
2026/09/01 23:09:50.063888 POST /api/graphql 200 5.306968234s
2026/09/01 23:09:50.882181 POST /api/graphql 200 6.123638358s
2026/09/01 23:09:50.961160 POST /api/graphql 200 15.00154418s
2026/09/01 23:09:55.401163 [sandbox] [grpc-default-executor-3] ERROR tsunagu.grpc.ExtensionServiceImpl - extension call failed: HttpException: HTTP error 522 <- OnNextValue: OnError while emitting onNext value: okhttp3.Response.class @ OkHttpExtensionsKt$asObservable$1$requestArbiter$1.request:41; OkHttpExtensionsKt.asObservable$lambda$0:59; RxCompatKt.awaitSingle:13; AnimeCatalogueSource.getSearchAnime$suspendImpl:26
2026/09/01 23:09:56.696071 POST /api/graphql 200 11.836599482s
2026/09/01 23:09:57.217588 POST /api/graphql 200 607.686546ms
2026/09/01 23:10:03.306928 POST /api/graphql 200 2.34879994s
2026/09/01 23:10:07.131516 POST /api/graphql 200 1.315642371s
2026/09/01 23:12:07.733524 shutting down
2026/09/01 23:25:39.515264 === Tsunagu dev (unknown) starting, pid 651910 ===
2026/09/01 23:25:39.543991 sandbox: spawning /nix/store/1slz0vmmgsd7p6i4c0jaywkpw56wl2yg-openjdk-21.0.12+8/lib/openjdk/bin/java -cp /home/shozikan/Projects/Manga/Tsunagu/sandbox/build/libs/sandbox-0.1.0-all.jar tsunagu.MainKt (source: JAVA_HOME/PATH)
2026/09/01 23:25:39.842680 [sandbox] [main] INFO eu.kanade.tachiyomi.network.TlsSetup - TLS: Conscrypt provider installed (v2.5.2)
2026/09/01 23:25:40.431917 [sandbox] tsunagu sandbox listening on :50051
2026/09/01 23:25:41.425991 sandbox: ready at localhost:50051
2026/09/01 23:25:43.591943 tsunagu dev listening on [::]:6007
2026/09/01 23:25:43.595240 metadata backfill: 1 unmatched media, working through them (~1m)
2026/09/01 23:25:43.597066 content filter: recomputed 6 media
2026/09/01 23:25:43.981312 tracker poll: reconciled 2 media
2026/09/01 23:25:44.649564 metadata backfill: done -- matched 0/1
2026/09/01 23:25:52.476879 POST /api/graphql 200 1.069322821s
2026/09/01 23:25:59.892999 POST /api/graphql 200 677.278173ms
2026/09/01 23:26:00.119273 POST /api/graphql 200 903.516973ms
2026/09/01 23:26:00.459468 POST /api/graphql 200 562.121667ms
2026/09/01 23:26:00.890238 POST /api/graphql 200 1.674425229s
2026/09/01 23:26:01.107594 [sandbox] [grpc-default-executor-2] ERROR tsunagu.grpc.ExtensionServiceImpl - extension call failed: HttpException: HTTP error 404 <- OnNextValue: OnError while emitting onNext value: okhttp3.Response.class @ OkHttpExtensionsKt$asObservable$1$requestArbiter$1.request:41; OkHttpExtensionsKt.asObservable$lambda$0:59; RxCompatKt.awaitSingle:13; ExtensionServiceImpl$getPopularManga$page$2.invokeSuspend:196
2026/09/01 23:26:01.453108 POST /api/graphql 200 561.342802ms
2026/09/01 23:26:02.104272 POST /api/graphql 200 648.305565ms
2026/09/01 23:26:02.701528 POST /api/graphql 200 595.596119ms
2026/09/01 23:26:02.988322 POST /api/graphql 200 914.030561ms
2026/09/01 23:26:02.995385 [sandbox] [grpc-default-executor-2] INFO tsunagu.grpc.ExtensionServiceImpl - extension eu.kanade.tachiyomi.extension.en.batcave has no popular listing, returning empty page
2026/09/01 23:26:03.779130 [sandbox] [grpc-default-executor-3] ERROR tsunagu.grpc.ExtensionServiceImpl - extension call failed: HttpException: HTTP error 503 <- OnNextValue: OnError while emitting onNext value: okhttp3.Response.class @ OkHttpExtensionsKt$asObservable$1$requestArbiter$1.request:41; OkHttpExtensionsKt.asObservable$lambda$0:59; RxCompatKt.awaitSingle:13; ExtensionServiceImpl$getPopularManga$page$1.invokeSuspend:191
2026/09/01 23:26:04.193822 [sandbox] [grpc-default-executor-3] INFO tsunagu.grpc.ExtensionServiceImpl - extension eu.kanade.tachiyomi.extension.all.mangafire has no popular listing, returning empty page
2026/09/01 23:26:04.584849 [sandbox] [grpc-default-executor-3] INFO tsunagu.grpc.ExtensionServiceImpl - extension eu.kanade.tachiyomi.extension.en.weebcentral has no popular listing, returning empty page
2026/09/01 23:26:05.537702 POST /api/graphql 200 968.031361ms
2026/09/01 23:26:06.229324 POST /api/graphql 200 690.037327ms
2026/09/01 23:26:07.049095 POST /api/graphql 200 818.458171ms
2026/09/01 23:26:07.794247 POST /api/graphql 200 2.449867965s
2026/09/01 23:26:07.794298 POST /api/graphql 200 743.90015ms
2026/09/01 23:26:08.087655 [sandbox] [grpc-default-executor-7] ERROR tsunagu.grpc.ExtensionServiceImpl - extension call failed: HttpException: HTTP error 404 <- OnNextValue: OnError while emitting onNext value: okhttp3.Response.class @ OkHttpExtensionsKt$asObservable$1$requestArbiter$1.request:41; OkHttpExtensionsKt.asObservable$lambda$0:59; RxCompatKt.awaitSingle:13; ExtensionServiceImpl$getPopularManga$page$2.invokeSuspend:196
2026/09/01 23:26:08.784211 [sandbox] [grpc-default-executor-7] ERROR tsunagu.grpc.ExtensionServiceImpl - extension call failed: HttpException: HTTP error 404 <- OnNextValue: OnError while emitting onNext value: okhttp3.Response.class @ OkHttpExtensionsKt$asObservable$1$requestArbiter$1.request:41; OkHttpExtensionsKt.asObservable$lambda$0:59; RxCompatKt.awaitSingle:13; ExtensionServiceImpl$getPopularManga$page$2.invokeSuspend:196
2026/09/01 23:26:08.784892 POST /api/graphql 200 673.904252ms
2026/09/01 23:26:08.972929 [sandbox] [grpc-default-executor-7] ERROR tsunagu.grpc.ExtensionServiceImpl - extension call failed: HttpException: HTTP error 404 <- OnNextValue: OnError while emitting onNext value: okhttp3.Response.class @ OkHttpExtensionsKt$asObservable$1$requestArbiter$1.request:41; OkHttpExtensionsKt.asObservable$lambda$0:59; RxCompatKt.awaitSingle:13; ExtensionServiceImpl$getPopularManga$page$2.invokeSuspend:196
2026/09/01 23:26:09.587300 POST /api/graphql 200 611.199959ms
2026/09/01 23:26:10.774956 POST /api/graphql 200 745.084494ms
2026/09/01 23:26:11.211974 [sandbox] [grpc-default-executor-7] INFO tsunagu.grpc.ExtensionServiceImpl - extension eu.kanade.tachiyomi.extension.en.batcave has no popular listing, returning empty page
2026/09/01 23:26:11.217723 [sandbox] [grpc-default-executor-7] INFO tsunagu.grpc.ExtensionServiceImpl - extension eu.kanade.tachiyomi.extension.en.batcave has no popular listing, returning empty page
2026/09/01 23:26:11.221628 [sandbox] [grpc-default-executor-7] INFO tsunagu.grpc.ExtensionServiceImpl - extension eu.kanade.tachiyomi.extension.en.batcave has no popular listing, returning empty page
2026/09/01 23:26:12.282862 [sandbox] [grpc-default-executor-7] ERROR tsunagu.grpc.ExtensionServiceImpl - extension call failed: HttpException: HTTP error 503 <- OnNextValue: OnError while emitting onNext value: okhttp3.Response.class @ OkHttpExtensionsKt$asObservable$1$requestArbiter$1.request:41; OkHttpExtensionsKt.asObservable$lambda$0:59; RxCompatKt.awaitSingle:13; ExtensionServiceImpl$getPopularManga$page$1.invokeSuspend:191
2026/09/01 23:26:12.408698 [sandbox] [grpc-default-executor-7] ERROR tsunagu.grpc.ExtensionServiceImpl - extension call failed: HttpException: HTTP error 503 <- OnNextValue: OnError while emitting onNext value: okhttp3.Response.class @ OkHttpExtensionsKt$asObservable$1$requestArbiter$1.request:41; OkHttpExtensionsKt.asObservable$lambda$0:59; RxCompatKt.awaitSingle:13; ExtensionServiceImpl$getPopularManga$page$1.invokeSuspend:191
2026/09/01 23:26:12.460251 [sandbox] [grpc-default-executor-7] ERROR tsunagu.grpc.ExtensionServiceImpl - extension call failed: HttpException: HTTP error 503 <- OnNextValue: OnError while emitting onNext value: okhttp3.Response.class @ OkHttpExtensionsKt$asObservable$1$requestArbiter$1.request:41; OkHttpExtensionsKt.asObservable$lambda$0:59; RxCompatKt.awaitSingle:13; ExtensionServiceImpl$getPopularManga$page$1.invokeSuspend:191
2026/09/01 23:26:12.477369 [sandbox] [grpc-default-executor-7] INFO tsunagu.grpc.ExtensionServiceImpl - extension eu.kanade.tachiyomi.extension.all.mangafire has no popular listing, returning empty page
2026/09/01 23:26:12.483052 [sandbox] [grpc-default-executor-7] INFO tsunagu.grpc.ExtensionServiceImpl - extension eu.kanade.tachiyomi.extension.all.mangafire has no popular listing, returning empty page
2026/09/01 23:26:12.488071 [sandbox] [grpc-default-executor-7] INFO tsunagu.grpc.ExtensionServiceImpl - extension eu.kanade.tachiyomi.extension.all.mangafire has no popular listing, returning empty page
2026/09/01 23:26:13.363876 [sandbox] [grpc-default-executor-7] INFO tsunagu.grpc.ExtensionServiceImpl - extension eu.kanade.tachiyomi.extension.en.weebcentral has no popular listing, returning empty page
2026/09/01 23:26:13.368007 [sandbox] [grpc-default-executor-7] INFO tsunagu.grpc.ExtensionServiceImpl - extension eu.kanade.tachiyomi.extension.en.weebcentral has no popular listing, returning empty page
2026/09/01 23:26:13.371554 [sandbox] [grpc-default-executor-7] INFO tsunagu.grpc.ExtensionServiceImpl - extension eu.kanade.tachiyomi.extension.en.weebcentral has no popular listing, returning empty page
2026/09/01 23:26:14.217762 POST /api/graphql 200 15.00213601s
2026/09/01 23:26:15.077928 POST /api/graphql 200 15.000866855s
2026/09/01 23:26:15.079130 POST /api/graphql 200 15.00193471s
2026/09/01 23:26:15.122542 POST /api/graphql 200 15.001673973s
2026/09/01 23:26:19.147885 [sandbox] [grpc-default-executor-0] ERROR tsunagu.grpc.ExtensionServiceImpl - extension call failed: HttpException: HTTP error 522 <- OnNextValue: OnError while emitting onNext value: okhttp3.Response.class @ OkHttpExtensionsKt$asObservable$1$requestArbiter$1.request:41; OkHttpExtensionsKt.asObservable$lambda$0:59; RxCompatKt.awaitSingle:13; ExtensionServiceImpl$getPopularManga$page$2.invokeSuspend:196
2026/09/01 23:26:19.659472 [sandbox] [grpc-default-executor-5] ERROR tsunagu.grpc.ExtensionServiceImpl - extension call failed: HttpException: HTTP error 522 <- OnNextValue: OnError while emitting onNext value: okhttp3.Response.class @ OkHttpExtensionsKt$asObservable$1$requestArbiter$1.request:41; OkHttpExtensionsKt.asObservable$lambda$0:59; RxCompatKt.awaitSingle:13; ExtensionServiceImpl$getPopularManga$page$2.invokeSuspend:196
2026/09/01 23:26:19.659561 [sandbox] [grpc-default-executor-1] ERROR tsunagu.grpc.ExtensionServiceImpl - extension call failed: HttpException: HTTP error 522 <- OnNextValue: OnError while emitting onNext value: okhttp3.Response.class @ OkHttpExtensionsKt$asObservable$1$requestArbiter$1.request:41; OkHttpExtensionsKt.asObservable$lambda$0:59; RxCompatKt.awaitSingle:13; ExtensionServiceImpl$getPopularManga$page$2.invokeSuspend:196
2026/09/01 23:26:19.659578 [sandbox] [grpc-default-executor-4] ERROR tsunagu.grpc.ExtensionServiceImpl - extension call failed: HttpException: HTTP error 522 <- OnNextValue: OnError while emitting onNext value: okhttp3.Response.class @ OkHttpExtensionsKt$asObservable$1$requestArbiter$1.request:41; OkHttpExtensionsKt.asObservable$lambda$0:59; RxCompatKt.awaitSingle:13; ExtensionServiceImpl$getPopularManga$page$2.invokeSuspend:196
2026/09/01 23:26:24.783528 [sandbox] [grpc-default-executor-3] ERROR tsunagu.grpc.ExtensionServiceImpl - extension call failed: HttpException: HTTP error 522 <- OnNextValue: OnError while emitting onNext value: okhttp3.Response.class @ OkHttpExtensionsKt$asObservable$1$requestArbiter$1.request:41; OkHttpExtensionsKt.asObservable$lambda$0:59; RxCompatKt.awaitSingle:13; AnimeCatalogueSource.getSearchAnime$suspendImpl:26
2026/09/01 23:35:19.453936 POST /api/graphql 200 725.134264ms
2026/09/01 23:35:19.454079 POST /api/graphql 200 725.055136ms
2026/09/01 23:35:19.454133 POST /api/graphql 200 725.230454ms
2026/09/01 23:35:19.454148 POST /api/graphql 200 725.038746ms
2026/09/01 23:35:38.293754 [sandbox] [grpc-default-executor-9] ERROR tsunagu.grpc.ExtensionServiceImpl - extension call failed: HttpException: HTTP error 522 <- OnNextValue: OnError while emitting onNext value: okhttp3.Response.class @ OkHttpExtensionsKt$asObservable$1$requestArbiter$1.request:41; OkHttpExtensionsKt.asObservable$lambda$0:59; RxCompatKt.awaitSingle:13; AnimeCatalogueSource.getSearchAnime$suspendImpl:26
2026/09/01 23:37:28.467594 POST /api/graphql 200 566.496798ms
2026/09/01 23:37:29.028533 POST /api/graphql 200 557.029264ms
2026/09/01 23:37:29.597543 POST /api/graphql 200 566.037148ms
2026/09/01 23:37:30.207580 POST /api/graphql 200 607.104098ms
2026/09/01 23:37:31.298125 POST /api/graphql 200 799.986199ms
2026/09/01 23:37:32.427703 [sandbox] [grpc-default-executor-18] ERROR tsunagu.grpc.ExtensionServiceImpl - extension call failed: HttpException: HTTP error 404 <- OnNextValue: OnError while emitting onNext value: okhttp3.Response.class @ OkHttpExtensionsKt$asObservable$1$requestArbiter$1.request:41; OkHttpExtensionsKt.asObservable$lambda$0:59; RxCompatKt.awaitSingle:13; ExtensionServiceImpl$getPopularManga$page$2.invokeSuspend:196
2026/09/01 23:37:33.160248 [sandbox] [grpc-default-executor-18] ERROR tsunagu.grpc.ExtensionServiceImpl - extension call failed: HttpException: HTTP error 404 <- OnNextValue: OnError while emitting onNext value: okhttp3.Response.class @ OkHttpExtensionsKt$asObservable$1$requestArbiter$1.request:41; OkHttpExtensionsKt.asObservable$lambda$0:59; RxCompatKt.awaitSingle:13; ExtensionServiceImpl$getPopularManga$page$2.invokeSuspend:196
2026/09/01 23:37:33.160963 POST /api/graphql 200 729.009954ms
2026/09/01 23:37:33.351806 [sandbox] [grpc-default-executor-18] ERROR tsunagu.grpc.ExtensionServiceImpl - extension call failed: HttpException: HTTP error 404 <- OnNextValue: OnError while emitting onNext value: okhttp3.Response.class @ OkHttpExtensionsKt$asObservable$1$requestArbiter$1.request:41; OkHttpExtensionsKt.asObservable$lambda$0:59; RxCompatKt.awaitSingle:13; ExtensionServiceImpl$getPopularManga$page$2.invokeSuspend:196
2026/09/01 23:37:34.023624 POST /api/graphql 200 667.984675ms
2026/09/01 23:37:35.282253 POST /api/graphql 200 802.936152ms
2026/09/01 23:37:35.713252 [sandbox] [grpc-default-executor-18] INFO tsunagu.grpc.ExtensionServiceImpl - extension eu.kanade.tachiyomi.extension.en.batcave has no popular listing, returning empty page
2026/09/01 23:37:35.718632 [sandbox] [grpc-default-executor-18] INFO tsunagu.grpc.ExtensionServiceImpl - extension eu.kanade.tachiyomi.extension.en.batcave has no popular listing, returning empty page
2026/09/01 23:37:35.723397 [sandbox] [grpc-default-executor-18] INFO tsunagu.grpc.ExtensionServiceImpl - extension eu.kanade.tachiyomi.extension.en.batcave has no popular listing, returning empty page
2026/09/01 23:37:36.244041 POST /api/graphql 200 518.338968ms
2026/09/01 23:37:36.954181 POST /api/graphql 200 9.053278215s
2026/09/01 23:37:36.954377 POST /api/graphql 200 9.053381698s
2026/09/01 23:37:36.954449 POST /api/graphql 200 9.053409851s
2026/09/01 23:37:39.331795 POST /api/graphql 200 726.611562ms
2026/09/01 23:37:39.920973 POST /api/graphql 200 585.928854ms
2026/09/01 23:37:40.622923 [sandbox] [grpc-default-executor-21] ERROR tsunagu.grpc.ExtensionServiceImpl - extension call failed: HttpException: HTTP error 404 <- OnNextValue: OnError while emitting onNext value: okhttp3.Response.class @ OkHttpExtensionsKt$asObservable$1$requestArbiter$1.request:41; OkHttpExtensionsKt.asObservable$lambda$0:59; RxCompatKt.awaitSingle:13; ExtensionServiceImpl$getPopularManga$page$2.invokeSuspend:196
2026/09/01 23:37:40.818876 [sandbox] [grpc-default-executor-21] ERROR tsunagu.grpc.ExtensionServiceImpl - extension call failed: HttpException: HTTP error 404 <- OnNextValue: OnError while emitting onNext value: okhttp3.Response.class @ OkHttpExtensionsKt$asObservable$1$requestArbiter$1.request:41; OkHttpExtensionsKt.asObservable$lambda$0:59; RxCompatKt.awaitSingle:13; ExtensionServiceImpl$getPopularManga$page$2.invokeSuspend:196
2026/09/01 23:37:41.025478 [sandbox] [grpc-default-executor-21] ERROR tsunagu.grpc.ExtensionServiceImpl - extension call failed: HttpException: HTTP error 404 <- OnNextValue: OnError while emitting onNext value: okhttp3.Response.class @ OkHttpExtensionsKt$asObservable$1$requestArbiter$1.request:41; OkHttpExtensionsKt.asObservable$lambda$0:59; RxCompatKt.awaitSingle:13; ExtensionServiceImpl$getPopularManga$page$2.invokeSuspend:196
2026/09/01 23:37:41.537152 [sandbox] [grpc-default-executor-20] ERROR tsunagu.grpc.ExtensionServiceImpl - extension call failed: HttpException: HTTP error 523 <- OnNextValue: OnError while emitting onNext value: okhttp3.Response.class @ OkHttpExtensionsKt$asObservable$1$requestArbiter$1.request:41; OkHttpExtensionsKt.asObservable$lambda$0:59; RxCompatKt.awaitSingle:13; ExtensionServiceImpl$getPopularManga$page$2.invokeSuspend:196
2026/09/01 23:37:41.537850 POST /api/graphql 200 4.560186353s
2026/09/01 23:37:41.627894 POST /api/graphql 200 599.089119ms
2026/09/01 23:37:42.068399 POST /api/graphql 200 527.742853ms
2026/09/01 23:37:42.601937 POST /api/graphql 200 750.409949ms
2026/09/01 23:37:42.776845 POST /api/graphql 200 705.423065ms
2026/09/01 23:37:42.781618 [sandbox] [grpc-default-executor-20] INFO tsunagu.grpc.ExtensionServiceImpl - extension eu.kanade.tachiyomi.extension.en.batcave has no popular listing, returning empty page
2026/09/01 23:37:42.786491 [sandbox] [grpc-default-executor-20] INFO tsunagu.grpc.ExtensionServiceImpl - extension eu.kanade.tachiyomi.extension.en.batcave has no popular listing, returning empty page
2026/09/01 23:37:42.789803 [sandbox] [grpc-default-executor-20] INFO tsunagu.grpc.ExtensionServiceImpl - extension eu.kanade.tachiyomi.extension.en.batcave has no popular listing, returning empty page
2026/09/01 23:37:43.590558 POST /api/graphql 200 758.198855ms
2026/09/01 23:37:43.949066 POST /api/graphql 200 825.069648ms
2026/09/01 23:37:44.023784 [sandbox] [grpc-default-executor-20] INFO tsunagu.grpc.ExtensionServiceImpl - extension eu.kanade.tachiyomi.extension.all.mangafire has no popular listing, returning empty page
2026/09/01 23:37:44.026804 [sandbox] [grpc-default-executor-20] INFO tsunagu.grpc.ExtensionServiceImpl - extension eu.kanade.tachiyomi.extension.all.mangafire has no popular listing, returning empty page
2026/09/01 23:37:44.031596 [sandbox] [grpc-default-executor-20] INFO tsunagu.grpc.ExtensionServiceImpl - extension eu.kanade.tachiyomi.extension.all.mangafire has no popular listing, returning empty page
2026/09/01 23:37:44.604496 [sandbox] [grpc-default-executor-21] INFO tsunagu.grpc.ExtensionServiceImpl - extension eu.kanade.tachiyomi.extension.en.weebcentral has no popular listing, returning empty page
2026/09/01 23:37:44.609074 [sandbox] [grpc-default-executor-21] INFO tsunagu.grpc.ExtensionServiceImpl - extension eu.kanade.tachiyomi.extension.en.weebcentral has no popular listing, returning empty page
2026/09/01 23:37:44.613756 [sandbox] [grpc-default-executor-21] INFO tsunagu.grpc.ExtensionServiceImpl - extension eu.kanade.tachiyomi.extension.en.weebcentral has no popular listing, returning empty page
2026/09/01 23:37:47.317999 [sandbox] [grpc-default-executor-16] ERROR tsunagu.grpc.ExtensionServiceImpl - extension call failed: HttpException: HTTP error 522 <- OnNextValue: OnError while emitting onNext value: okhttp3.Response.class @ OkHttpExtensionsKt$asObservable$1$requestArbiter$1.request:41; OkHttpExtensionsKt.asObservable$lambda$0:59; RxCompatKt.awaitSingle:13; ExtensionServiceImpl$getPopularManga$page$2.invokeSuspend:196
2026/09/01 23:37:47.318592 [sandbox] [grpc-default-executor-15] ERROR tsunagu.grpc.ExtensionServiceImpl - extension call failed: HttpException: HTTP error 522 <- OnNextValue: OnError while emitting onNext value: okhttp3.Response.class @ OkHttpExtensionsKt$asObservable$1$requestArbiter$1.request:41; OkHttpExtensionsKt.asObservable$lambda$0:59; RxCompatKt.awaitSingle:13; ExtensionServiceImpl$getPopularManga$page$2.invokeSuspend:196
2026/09/01 23:37:47.318678 [sandbox] [grpc-default-executor-17] ERROR tsunagu.grpc.ExtensionServiceImpl - extension call failed: HttpException: HTTP error 522 <- OnNextValue: OnError while emitting onNext value: okhttp3.Response.class @ OkHttpExtensionsKt$asObservable$1$requestArbiter$1.request:41; OkHttpExtensionsKt.asObservable$lambda$0:59; RxCompatKt.awaitSingle:13; ExtensionServiceImpl$getPopularManga$page$2.invokeSuspend:196
2026/09/01 23:37:51.978662 POST /api/graphql 200 15.000960909s
2026/09/01 23:37:51.980897 POST /api/graphql 200 15.00312362s
2026/09/01 23:37:56.533031 [sandbox] [grpc-default-executor-22] ERROR tsunagu.grpc.ExtensionServiceImpl - extension call failed: HttpException: HTTP error 522 <- OnNextValue: OnError while emitting onNext value: okhttp3.Response.class @ OkHttpExtensionsKt$asObservable$1$requestArbiter$1.request:41; OkHttpExtensionsKt.asObservable$lambda$0:59; RxCompatKt.awaitSingle:13; ExtensionServiceImpl$getPopularManga$page$2.invokeSuspend:196
2026/09/01 23:37:56.533523 [sandbox] [grpc-default-executor-19] ERROR tsunagu.grpc.ExtensionServiceImpl - extension call failed: HttpException: HTTP error 522 <- OnNextValue: OnError while emitting onNext value: okhttp3.Response.class @ OkHttpExtensionsKt$asObservable$1$requestArbiter$1.request:41; OkHttpExtensionsKt.asObservable$lambda$0:59; RxCompatKt.awaitSingle:13; ExtensionServiceImpl$getPopularManga$page$2.invokeSuspend:196
2026/09/01 23:39:41.657083 POST /api/graphql 200 811.24044ms
2026/09/01 23:39:43.271504 [sandbox] [grpc-default-executor-24] ERROR tsunagu.grpc.ExtensionServiceImpl - extension call failed: HttpException: HTTP error 404 <- OnNextValue: OnError while emitting onNext value: okhttp3.Response.class @ OkHttpExtensionsKt$asObservable$1$requestArbiter$1.request:41; OkHttpExtensionsKt.asObservable$lambda$0:59; RxCompatKt.awaitSingle:13; ExtensionServiceImpl$getPopularManga$page$2.invokeSuspend:196
2026/09/01 23:39:43.272189 POST /api/graphql 200 827.560699ms
2026/09/01 23:39:43.481278 [sandbox] [grpc-default-executor-24] ERROR tsunagu.grpc.ExtensionServiceImpl - extension call failed: HttpException: HTTP error 404 <- OnNextValue: OnError while emitting onNext value: okhttp3.Response.class @ OkHttpExtensionsKt$asObservable$1$requestArbiter$1.request:41; OkHttpExtensionsKt.asObservable$lambda$0:59; RxCompatKt.awaitSingle:13; ExtensionServiceImpl$getPopularManga$page$2.invokeSuspend:196
2026/09/01 23:39:43.691768 [sandbox] [grpc-default-executor-24] ERROR tsunagu.grpc.ExtensionServiceImpl - extension call failed: HttpException: HTTP error 404 <- OnNextValue: OnError while emitting onNext value: okhttp3.Response.class @ OkHttpExtensionsKt$asObservable$1$requestArbiter$1.request:41; OkHttpExtensionsKt.asObservable$lambda$0:59; RxCompatKt.awaitSingle:13; ExtensionServiceImpl$getPopularManga$page$2.invokeSuspend:196
2026/09/01 23:39:44.318554 POST /api/graphql 200 623.77521ms
2026/09/01 23:39:45.662288 [sandbox] [grpc-default-executor-24] INFO tsunagu.grpc.ExtensionServiceImpl - extension eu.kanade.tachiyomi.extension.en.batcave has no popular listing, returning empty page
2026/09/01 23:39:45.665580 [sandbox] [grpc-default-executor-24] INFO tsunagu.grpc.ExtensionServiceImpl - extension eu.kanade.tachiyomi.extension.en.batcave has no popular listing, returning empty page
2026/09/01 23:39:45.668112 [sandbox] [grpc-default-executor-24] INFO tsunagu.grpc.ExtensionServiceImpl - extension eu.kanade.tachiyomi.extension.en.batcave has no popular listing, returning empty page
2026/09/01 23:39:47.247606 POST /api/graphql 200 503.807694ms
2026/09/01 23:39:47.439638 [sandbox] [grpc-default-executor-24] INFO tsunagu.grpc.ExtensionServiceImpl - extension eu.kanade.tachiyomi.extension.all.mangafire has no popular listing, returning empty page
2026/09/01 23:39:47.443257 [sandbox] [grpc-default-executor-24] INFO tsunagu.grpc.ExtensionServiceImpl - extension eu.kanade.tachiyomi.extension.all.mangafire has no popular listing, returning empty page
2026/09/01 23:39:47.446500 [sandbox] [grpc-default-executor-24] INFO tsunagu.grpc.ExtensionServiceImpl - extension eu.kanade.tachiyomi.extension.all.mangafire has no popular listing, returning empty page
2026/09/01 23:39:48.198939 POST /api/graphql 200 750.681104ms
2026/09/01 23:39:48.699605 [sandbox] [grpc-default-executor-24] INFO tsunagu.grpc.ExtensionServiceImpl - extension eu.kanade.tachiyomi.extension.en.weebcentral has no popular listing, returning empty page
2026/09/01 23:39:48.703528 [sandbox] [grpc-default-executor-24] INFO tsunagu.grpc.ExtensionServiceImpl - extension eu.kanade.tachiyomi.extension.en.weebcentral has no popular listing, returning empty page
2026/09/01 23:39:48.707507 [sandbox] [grpc-default-executor-24] INFO tsunagu.grpc.ExtensionServiceImpl - extension eu.kanade.tachiyomi.extension.en.weebcentral has no popular listing, returning empty page
2026/09/01 23:39:54.277451 POST /api/graphql 200 15.000868565s
2026/09/01 23:39:54.277583 POST /api/graphql 200 15.000858316s
2026/09/01 23:39:54.279519 POST /api/graphql 200 15.002857358s
2026/09/01 23:39:58.900311 [sandbox] [grpc-default-executor-25] ERROR tsunagu.grpc.ExtensionServiceImpl - extension call failed: HttpException: HTTP error 522 <- OnNextValue: OnError while emitting onNext value: okhttp3.Response.class @ OkHttpExtensionsKt$asObservable$1$requestArbiter$1.request:41; OkHttpExtensionsKt.asObservable$lambda$0:59; RxCompatKt.awaitSingle:13; ExtensionServiceImpl$getPopularManga$page$2.invokeSuspend:196
2026/09/01 23:39:58.900416 [sandbox] [grpc-default-executor-23] ERROR tsunagu.grpc.ExtensionServiceImpl - extension call failed: HttpException: HTTP error 522 <- OnNextValue: OnError while emitting onNext value: okhttp3.Response.class @ OkHttpExtensionsKt$asObservable$1$requestArbiter$1.request:41; OkHttpExtensionsKt.asObservable$lambda$0:59; RxCompatKt.awaitSingle:13; ExtensionServiceImpl$getPopularManga$page$2.invokeSuspend:196
2026/09/01 23:39:58.900453 [sandbox] [grpc-default-executor-26] ERROR tsunagu.grpc.ExtensionServiceImpl - extension call failed: HttpException: HTTP error 522 <- OnNextValue: OnError while emitting onNext value: okhttp3.Response.class @ OkHttpExtensionsKt$asObservable$1$requestArbiter$1.request:41; OkHttpExtensionsKt.asObservable$lambda$0:59; RxCompatKt.awaitSingle:13; ExtensionServiceImpl$getPopularManga$page$2.invokeSuspend:196
2026/09/01 23:40:04.596350 POST /api/graphql 200 639.200984ms
2026/09/01 23:40:05.693984 [sandbox] [grpc-default-executor-25] ERROR tsunagu.grpc.ExtensionServiceImpl - extension call failed: HttpException: HTTP error 404 <- OnNextValue: OnError while emitting onNext value: okhttp3.Response.class @ OkHttpExtensionsKt$asObservable$1$requestArbiter$1.request:41; OkHttpExtensionsKt.asObservable$lambda$0:59; RxCompatKt.awaitSingle:13; ExtensionServiceImpl$getPopularManga$page$2.invokeSuspend:196
2026/09/01 23:40:05.887215 [sandbox] [grpc-default-executor-25] ERROR tsunagu.grpc.ExtensionServiceImpl - extension call failed: HttpException: HTTP error 404 <- OnNextValue: OnError while emitting onNext value: okhttp3.Response.class @ OkHttpExtensionsKt$asObservable$1$requestArbiter$1.request:41; OkHttpExtensionsKt.asObservable$lambda$0:59; RxCompatKt.awaitSingle:13; ExtensionServiceImpl$getPopularManga$page$2.invokeSuspend:196
2026/09/01 23:40:06.083092 [sandbox] [grpc-default-executor-25] ERROR tsunagu.grpc.ExtensionServiceImpl - extension call failed: HttpException: HTTP error 404 <- OnNextValue: OnError while emitting onNext value: okhttp3.Response.class @ OkHttpExtensionsKt$asObservable$1$requestArbiter$1.request:41; OkHttpExtensionsKt.asObservable$lambda$0:59; RxCompatKt.awaitSingle:13; ExtensionServiceImpl$getPopularManga$page$2.invokeSuspend:196
2026/09/01 23:40:06.779575 POST /api/graphql 200 693.310379ms
2026/09/01 23:40:07.973249 POST /api/graphql 200 721.067337ms
2026/09/01 23:40:08.455245 [sandbox] [grpc-default-executor-25] INFO tsunagu.grpc.ExtensionServiceImpl - extension eu.kanade.tachiyomi.extension.en.batcave has no popular listing, returning empty page
2026/09/01 23:40:08.459370 [sandbox] [grpc-default-executor-25] INFO tsunagu.grpc.ExtensionServiceImpl - extension eu.kanade.tachiyomi.extension.en.batcave has no popular listing, returning empty page
2026/09/01 23:40:08.463341 [sandbox] [grpc-default-executor-25] INFO tsunagu.grpc.ExtensionServiceImpl - extension eu.kanade.tachiyomi.extension.en.batcave has no popular listing, returning empty page
2026/09/01 23:40:09.841020 [sandbox] [grpc-default-executor-25] INFO tsunagu.grpc.ExtensionServiceImpl - extension eu.kanade.tachiyomi.extension.all.mangafire has no popular listing, returning empty page
2026/09/01 23:40:09.843947 [sandbox] [grpc-default-executor-25] INFO tsunagu.grpc.ExtensionServiceImpl - extension eu.kanade.tachiyomi.extension.all.mangafire has no popular listing, returning empty page
2026/09/01 23:40:09.845928 [sandbox] [grpc-default-executor-25] INFO tsunagu.grpc.ExtensionServiceImpl - extension eu.kanade.tachiyomi.extension.all.mangafire has no popular listing, returning empty page
2026/09/01 23:40:10.638042 [sandbox] [grpc-default-executor-25] INFO tsunagu.grpc.ExtensionServiceImpl - extension eu.kanade.tachiyomi.extension.en.weebcentral has no popular listing, returning empty page
2026/09/01 23:40:10.647801 [sandbox] [grpc-default-executor-25] INFO tsunagu.grpc.ExtensionServiceImpl - extension eu.kanade.tachiyomi.extension.en.weebcentral has no popular listing, returning empty page
2026/09/01 23:40:10.651547 [sandbox] [grpc-default-executor-25] INFO tsunagu.grpc.ExtensionServiceImpl - extension eu.kanade.tachiyomi.extension.en.weebcentral has no popular listing, returning empty page
2026/09/01 23:40:11.068176 POST /api/graphql 200 8.985584172s
2026/09/01 23:40:11.068526 POST /api/graphql 200 8.985800576s
2026/09/01 23:40:11.068548 POST /api/graphql 200 8.985864406s
2026/09/01 23:40:15.165167 POST /api/graphql 200 767.666497ms
2026/09/01 23:40:16.207598 [sandbox] [grpc-default-executor-29] ERROR tsunagu.grpc.ExtensionServiceImpl - extension call failed: HttpException: HTTP error 404 <- OnNextValue: OnError while emitting onNext value: okhttp3.Response.class @ OkHttpExtensionsKt$asObservable$1$requestArbiter$1.request:41; OkHttpExtensionsKt.asObservable$lambda$0:59; RxCompatKt.awaitSingle:13; ExtensionServiceImpl$getPopularManga$page$2.invokeSuspend:196
2026/09/01 23:40:16.938090 [sandbox] [grpc-default-executor-29] ERROR tsunagu.grpc.ExtensionServiceImpl - extension call failed: HttpException: HTTP error 404 <- OnNextValue: OnError while emitting onNext value: okhttp3.Response.class @ OkHttpExtensionsKt$asObservable$1$requestArbiter$1.request:41; OkHttpExtensionsKt.asObservable$lambda$0:59; RxCompatKt.awaitSingle:13; ExtensionServiceImpl$getPopularManga$page$2.invokeSuspend:196
2026/09/01 23:40:16.938647 POST /api/graphql 200 727.288334ms
2026/09/01 23:40:17.128721 [sandbox] [grpc-default-executor-29] ERROR tsunagu.grpc.ExtensionServiceImpl - extension call failed: HttpException: HTTP error 404 <- OnNextValue: OnError while emitting onNext value: okhttp3.Response.class @ OkHttpExtensionsKt$asObservable$1$requestArbiter$1.request:41; OkHttpExtensionsKt.asObservable$lambda$0:59; RxCompatKt.awaitSingle:13; ExtensionServiceImpl$getPopularManga$page$2.invokeSuspend:196
2026/09/01 23:40:17.742249 POST /api/graphql 200 610.738029ms
2026/09/01 23:40:18.992354 POST /api/graphql 200 805.483986ms
2026/09/01 23:40:19.419068 [sandbox] [grpc-default-executor-29] INFO tsunagu.grpc.ExtensionServiceImpl - extension eu.kanade.tachiyomi.extension.en.batcave has no popular listing, returning empty page
2026/09/01 23:40:19.421304 [sandbox] [grpc-default-executor-29] INFO tsunagu.grpc.ExtensionServiceImpl - extension eu.kanade.tachiyomi.extension.en.batcave has no popular listing, returning empty page
2026/09/01 23:40:19.424181 [sandbox] [grpc-default-executor-29] INFO tsunagu.grpc.ExtensionServiceImpl - extension eu.kanade.tachiyomi.extension.en.batcave has no popular listing, returning empty page
2026/09/01 23:40:20.360526 POST /api/graphql 200 642.732773ms
2026/09/01 23:40:21.427878 [sandbox] [grpc-default-executor-26] ERROR tsunagu.grpc.ExtensionServiceImpl - extension call failed: HttpException: HTTP error 522 <- OnNextValue: OnError while emitting onNext value: okhttp3.Response.class @ OkHttpExtensionsKt$asObservable$1$requestArbiter$1.request:41; OkHttpExtensionsKt.asObservable$lambda$0:59; RxCompatKt.awaitSingle:13; ExtensionServiceImpl$getPopularManga$page$2.invokeSuspend:196
[grpc-default-executor-27] ERROR tsunagu.grpc.ExtensionServiceImpl - extension call failed: HttpException: HTTP error 522 <- OnNextValue: OnError while emitting onNext value: okhttp3.Response.class @ OkHttpExtensionsKt$asObservable$1$requestArbiter$1.request:41; OkHttpExtensionsKt.asObservable$lambda$0:59; RxCompatKt.awaitSingle:13; ExtensionServiceImpl$getPopularManga$page$2.invokeSuspend:196
2026/09/01 23:40:21.427959 [sandbox] [grpc-default-executor-23] ERROR tsunagu.grpc.ExtensionServiceImpl - extension call failed: HttpException: HTTP error 522 <- OnNextValue: OnError while emitting onNext value: okhttp3.Response.class @ OkHttpExtensionsKt$asObservable$1$requestArbiter$1.request:41; OkHttpExtensionsKt.asObservable$lambda$0:59; RxCompatKt.awaitSingle:13; ExtensionServiceImpl$getPopularManga$page$2.invokeSuspend:196
2026/09/01 23:40:21.502183 POST /api/graphql 200 643.35154ms
2026/09/01 23:40:21.693288 [sandbox] [grpc-default-executor-29] INFO tsunagu.grpc.ExtensionServiceImpl - extension eu.kanade.tachiyomi.extension.all.mangafire has no popular listing, returning empty page
2026/09/01 23:40:21.697580 [sandbox] [grpc-default-executor-29] INFO tsunagu.grpc.ExtensionServiceImpl - extension eu.kanade.tachiyomi.extension.all.mangafire has no popular listing, returning empty page
2026/09/01 23:40:21.701559 [sandbox] [grpc-default-executor-29] INFO tsunagu.grpc.ExtensionServiceImpl - extension eu.kanade.tachiyomi.extension.all.mangafire has no popular listing, returning empty page
2026/09/01 23:40:21.858666 POST /api/graphql 200 8.978061597s
2026/09/01 23:40:21.858745 POST /api/graphql 200 8.9779346s
2026/09/01 23:40:21.858710 POST /api/graphql 200 8.977990716s
2026/09/01 23:40:25.385030 POST /api/graphql 200 518.422518ms
2026/09/01 23:40:26.966875 [sandbox] [grpc-default-executor-27] ERROR tsunagu.grpc.ExtensionServiceImpl - extension call failed: HttpException: HTTP error 404 <- OnNextValue: OnError while emitting onNext value: okhttp3.Response.class @ OkHttpExtensionsKt$asObservable$1$requestArbiter$1.request:41; OkHttpExtensionsKt.asObservable$lambda$0:59; RxCompatKt.awaitSingle:13; ExtensionServiceImpl$getPopularManga$page$2.invokeSuspend:196
2026/09/01 23:40:26.967341 POST /api/graphql 200 801.5102ms
2026/09/01 23:40:27.176486 [sandbox] [grpc-default-executor-27] ERROR tsunagu.grpc.ExtensionServiceImpl - extension call failed: HttpException: HTTP error 404 <- OnNextValue: OnError while emitting onNext value: okhttp3.Response.class @ OkHttpExtensionsKt$asObservable$1$requestArbiter$1.request:41; OkHttpExtensionsKt.asObservable$lambda$0:59; RxCompatKt.awaitSingle:13; ExtensionServiceImpl$getPopularManga$page$2.invokeSuspend:196
2026/09/01 23:40:27.373606 [sandbox] [grpc-default-executor-27] ERROR tsunagu.grpc.ExtensionServiceImpl - extension call failed: HttpException: HTTP error 404 <- OnNextValue: OnError while emitting onNext value: okhttp3.Response.class @ OkHttpExtensionsKt$asObservable$1$requestArbiter$1.request:41; OkHttpExtensionsKt.asObservable$lambda$0:59; RxCompatKt.awaitSingle:13; ExtensionServiceImpl$getPopularManga$page$2.invokeSuspend:196
2026/09/01 23:40:27.978136 POST /api/graphql 200 601.152577ms
2026/09/01 23:40:29.224148 POST /api/graphql 200 796.977511ms
2026/09/01 23:40:29.706950 [sandbox] [grpc-default-executor-27] INFO tsunagu.grpc.ExtensionServiceImpl - extension eu.kanade.tachiyomi.extension.en.batcave has no popular listing, returning empty page
2026/09/01 23:40:29.710814 [sandbox] [grpc-default-executor-27] INFO tsunagu.grpc.ExtensionServiceImpl - extension eu.kanade.tachiyomi.extension.en.batcave has no popular listing, returning empty page
2026/09/01 23:40:29.714006 [sandbox] [grpc-default-executor-27] INFO tsunagu.grpc.ExtensionServiceImpl - extension eu.kanade.tachiyomi.extension.en.batcave has no popular listing, returning empty page
2026/09/01 23:40:31.169442 [sandbox] [grpc-default-executor-27] INFO tsunagu.grpc.ExtensionServiceImpl - extension eu.kanade.tachiyomi.extension.all.mangafire has no popular listing, returning empty page
2026/09/01 23:40:31.173696 [sandbox] [grpc-default-executor-27] INFO tsunagu.grpc.ExtensionServiceImpl - extension eu.kanade.tachiyomi.extension.all.mangafire has no popular listing, returning empty page
2026/09/01 23:40:31.177689 [sandbox] [grpc-default-executor-27] INFO tsunagu.grpc.ExtensionServiceImpl - extension eu.kanade.tachiyomi.extension.all.mangafire has no popular listing, returning empty page
2026/09/01 23:40:32.030427 [sandbox] [grpc-default-executor-27] INFO tsunagu.grpc.ExtensionServiceImpl - extension eu.kanade.tachiyomi.extension.en.weebcentral has no popular listing, returning empty page
2026/09/01 23:40:32.034873 [sandbox] [grpc-default-executor-27] INFO tsunagu.grpc.ExtensionServiceImpl - extension eu.kanade.tachiyomi.extension.en.weebcentral has no popular listing, returning empty page
2026/09/01 23:40:32.038823 [sandbox] [grpc-default-executor-27] INFO tsunagu.grpc.ExtensionServiceImpl - extension eu.kanade.tachiyomi.extension.en.weebcentral has no popular listing, returning empty page
2026/09/01 23:40:32.692884 [sandbox] [grpc-default-executor-24] ERROR tsunagu.grpc.ExtensionServiceImpl - extension call failed: HttpException: HTTP error 522 <- OnNextValue: OnError while emitting onNext value: okhttp3.Response.class @ OkHttpExtensionsKt$asObservable$1$requestArbiter$1.request:41; OkHttpExtensionsKt.asObservable$lambda$0:59; RxCompatKt.awaitSingle:13; ExtensionServiceImpl$getPopularManga$page$2.invokeSuspend:196
[grpc-default-executor-28] ERROR tsunagu.grpc.ExtensionServiceImpl - extension call failed: HttpException: HTTP error 522 <- OnNextValue: OnError while emitting onNext value: okhttp3.Response.class @ OkHttpExtensionsKt$asObservable$1$requestArbiter$1.request:41; OkHttpExtensionsKt.asObservable$lambda$0:59; RxCompatKt.awaitSingle:13; ExtensionServiceImpl$getPopularManga$page$2.invokeSuspend:196
2026/09/01 23:40:32.693002 [sandbox] [grpc-default-executor-25] ERROR tsunagu.grpc.ExtensionServiceImpl - extension call failed: HttpException: HTTP error 522 <- OnNextValue: OnError while emitting onNext value: okhttp3.Response.class @ OkHttpExtensionsKt$asObservable$1$requestArbiter$1.request:41; OkHttpExtensionsKt.asObservable$lambda$0:59; RxCompatKt.awaitSingle:13; ExtensionServiceImpl$getPopularManga$page$2.invokeSuspend:196
2026/09/01 23:40:38.367225 POST /api/graphql 200 15.001073699s
2026/09/01 23:40:38.367234 POST /api/graphql 200 15.001168316s
2026/09/01 23:40:38.368359 POST /api/graphql 200 15.00214505s
2026/09/01 23:40:42.933096 [sandbox] [grpc-default-executor-23] ERROR tsunagu.grpc.ExtensionServiceImpl - extension call failed: HttpException: HTTP error 522 <- OnNextValue: OnError while emitting onNext value: okhttp3.Response.class @ OkHttpExtensionsKt$asObservable$1$requestArbiter$1.request:41; OkHttpExtensionsKt.asObservable$lambda$0:59; RxCompatKt.awaitSingle:13; ExtensionServiceImpl$getPopularManga$page$2.invokeSuspend:196
2026/09/01 23:40:42.933181 [sandbox] [grpc-default-executor-29] ERROR tsunagu.grpc.ExtensionServiceImpl - extension call failed: HttpException: HTTP error 522 <- OnNextValue: OnError while emitting onNext value: okhttp3.Response.class @ OkHttpExtensionsKt$asObservable$1$requestArbiter$1.request:41; OkHttpExtensionsKt.asObservable$lambda$0:59; RxCompatKt.awaitSingle:13; ExtensionServiceImpl$getPopularManga$page$2.invokeSuspend:196
2026/09/01 23:40:42.933212 [sandbox] [grpc-default-executor-26] ERROR tsunagu.grpc.ExtensionServiceImpl - extension call failed: HttpException: HTTP error 522 <- OnNextValue: OnError while emitting onNext value: okhttp3.Response.class @ OkHttpExtensionsKt$asObservable$1$requestArbiter$1.request:41; OkHttpExtensionsKt.asObservable$lambda$0:59; RxCompatKt.awaitSingle:13; ExtensionServiceImpl$getPopularManga$page$2.invokeSuspend:196
2026/09/01 23:44:17.584224 shutting down
2026/09/01 23:44:21.352102 === Tsunagu dev (unknown) starting, pid 715220 ===
2026/09/01 23:44:21.393090 sandbox: spawning /nix/store/1slz0vmmgsd7p6i4c0jaywkpw56wl2yg-openjdk-21.0.12+8/lib/openjdk/bin/java -cp /home/shozikan/Projects/Manga/Tsunagu/sandbox/build/libs/sandbox-0.1.0-all.jar tsunagu.MainKt (source: JAVA_HOME/PATH)
2026/09/01 23:44:21.720633 [sandbox] [main] INFO eu.kanade.tachiyomi.network.TlsSetup - TLS: Conscrypt provider installed (v2.5.2)
2026/09/01 23:44:22.357861 [sandbox] tsunagu sandbox listening on :50051
2026/09/01 23:44:23.722244 sandbox: ready at localhost:50051
2026/09/01 23:44:25.676072 tsunagu dev listening on [::]:6007
2026/09/01 23:44:25.678585 metadata backfill: 1 unmatched media, working through them (~1m)
2026/09/01 23:44:25.681351 content filter: recomputed 6 media
2026/09/01 23:44:26.113489 tracker poll: reconciled 2 media
2026/09/01 23:44:26.741000 metadata backfill: done -- matched 0/1
2026/09/01 23:44:28.608974 POST /api/graphql 200 1.092121674s
2026/09/01 23:46:33.332298 POST /api/graphql 200 591.066051ms
2026/09/01 23:46:33.373485 POST /api/graphql 200 632.210067ms
2026/09/01 23:46:33.779045 [sandbox] [grpc-default-executor-2] ERROR tsunagu.grpc.ExtensionServiceImpl - extension call failed: HttpException: HTTP error 404 <- OnNextValue: OnError while emitting onNext value: okhttp3.Response.class @ OkHttpExtensionsKt$asObservable$1$requestArbiter$1.request:41; OkHttpExtensionsKt.asObservable$lambda$0:59; RxCompatKt.awaitSingle:13; ExtensionServiceImpl$getPopularManga$page$2.invokeSuspend:196
2026/09/01 23:46:34.422852 POST /api/graphql 200 1.681535247s
2026/09/01 23:46:34.653803 POST /api/graphql 200 558.931211ms
2026/09/01 23:46:35.097017 POST /api/graphql 200 672.845386ms
2026/09/01 23:46:35.099146 POST /api/graphql 422 623.234µs
2026/09/01 23:46:35.100260 POST /api/graphql 422 302.705µs
2026/09/01 23:46:35.101523 POST /api/graphql 422 498.862µs
2026/09/01 23:46:35.102439 POST /api/graphql 422 294.89µs
2026/09/01 23:46:35.732614 [sandbox] [grpc-default-executor-2] INFO tsunagu.grpc.ExtensionServiceImpl - extension eu.kanade.tachiyomi.extension.en.batcave has no popular listing, returning empty page
2026/09/01 23:46:35.889341 POST /api/graphql 200 786.295365ms
2026/09/01 23:46:36.604850 POST /api/graphql 200 713.958027ms
2026/09/01 23:46:37.311177 POST /api/graphql 200 704.574841ms
2026/09/01 23:46:38.879937 POST /api/graphql 200 1.566914816s
2026/09/01 23:46:40.111355 POST /api/graphql 200 611.081792ms
2026/09/01 23:46:40.541224 POST /api/graphql 422 491.889µs
2026/09/01 23:46:40.544211 POST /api/graphql 422 431.375µs
2026/09/01 23:46:40.552296 POST /api/graphql 422 1.37583ms
2026/09/01 23:46:42.811002 [sandbox] [grpc-default-executor-4] ERROR tsunagu.grpc.ExtensionServiceImpl - extension call failed: HttpException: HTTP error 404 <- OnNextValue: OnError while emitting onNext value: okhttp3.Response.class @ OkHttpExtensionsKt$asObservable$1$requestArbiter$1.request:41; OkHttpExtensionsKt.asObservable$lambda$0:59; RxCompatKt.awaitSingle:13; AnimeCatalogueSource.getSearchAnime$suspendImpl:26
2026/09/01 23:46:42.811800 POST /api/graphql 200 885.433823ms
2026/09/01 23:46:43.432687 POST /api/graphql 200 598.423342ms
2026/09/01 23:46:43.943176 POST /api/graphql 200 509.213979ms
2026/09/01 23:46:43.951800 [sandbox] [grpc-default-executor-4] INFO tsunagu.grpc.ExtensionServiceImpl - extension eu.kanade.tachiyomi.extension.all.mangafire has no popular listing, returning empty page
2026/09/01 23:46:44.822930 POST /api/graphql 422 483.443µs
2026/09/01 23:46:44.824679 POST /api/graphql 422 686.131µs
2026/09/01 23:46:44.826598 POST /api/graphql 422 448.378µs
2026/09/01 23:46:44.833624 [sandbox] [grpc-default-executor-4] INFO tsunagu.grpc.ExtensionServiceImpl - extension eu.kanade.tachiyomi.extension.en.weebcentral has no popular listing, returning empty page
2026/09/01 23:46:45.581115 POST /api/graphql 200 744.356235ms
2026/09/01 23:46:46.339949 [sandbox] [grpc-default-executor-4] WARN tsunagu.grpc.ExtensionServiceImpl - extension call failed: IOException: Open in WebView to bypass site protection <- IOException: Open in WebView to bypass site protection @ x.a:-1; UserAgentInterceptor.intercept:21; UncaughtExceptionInterceptor.intercept:10
2026/09/01 23:46:46.340960 POST /api/graphql 200 508.101043ms
2026/09/01 23:46:46.342783 [sandbox] E/BatCave: Failed to fetch filter data
java.io.IOException: Open in WebView to bypass site protection
	at keiyoushi.a.b.a(Unknown Source)
	at keiyoushi.a.b.a(Unknown Source)
	at eu.kanade.tachiyomi.a.a.a.a.a(Unknown Source)
	at eu.kanade.tachiyomi.a.a.a.a.a(Unknown Source)
	at keiyoushi.source.f.invokeSuspend(Unknown Source)
	at kotlin.coroutines.jvm.internal.BaseContinuationImpl.resumeWith(ContinuationImpl.kt:34)
	at kotlinx.coroutines.DispatchedTask.run(DispatchedTask.kt:100)
	at kotlinx.coroutines.internal.LimitedDispatcher$Worker.run(LimitedDispatcher.kt:124)
	at kotlinx.coroutines.scheduling.TaskImpl.run(Tasks.kt:89)
	at kotlinx.coroutines.scheduling.CoroutineScheduler.runSafely(CoroutineScheduler.kt:586)
	at kotlinx.coroutines.scheduling.CoroutineScheduler$Worker.executeTask(CoroutineScheduler.kt:798)
	at kotlinx.coroutines.scheduling.CoroutineScheduler$Worker.runWorker(CoroutineScheduler.kt:717)
	at kotlinx.coroutines.scheduling.CoroutineScheduler$Worker.run(CoroutineScheduler.kt:704)
Caused by: java.io.IOException: Open in WebView to bypass site protection
	at eu.kanade.tachiyomi.a.a.a.x.a(Unknown Source)
	at okhttp3.internal.http.RealInterceptorChain.proceed(RealInterceptorChain.kt:332)
	at eu.kanade.tachiyomi.network.interceptor.UserAgentInterceptor.intercept(UserAgentInterceptor.kt:21)
	at okhttp3.internal.http.RealInterceptorChain.proceed(RealInterceptorChain.kt:332)
	at eu.kanade.tachiyomi.network.interceptor.UncaughtExceptionInterceptor.intercept(UncaughtExceptionInterceptor.kt:10)
	at okhttp3.internal.http.RealInterceptorChain.proceed(RealInterceptorChain.kt:332)
	at okhttp3.internal.connection.RealCall.getResponseWithInterceptorChain$okhttp(RealCall.kt:234)
	at okhttp3.internal.connection.RealCall$AsyncCall.run(RealCall.kt:582)
	at java.base/java.util.concurrent.ThreadPoolExecutor.runWorker(ThreadPoolExecutor.java:1144)
	at java.base/java.util.concurrent.ThreadPoolExecutor$Worker.run(ThreadPoolExecutor.java:642)
	at java.base/java.lang.Thread.run(Thread.java:1583)

2026/09/01 23:46:47.339067 POST /api/graphql 200 725.86542ms
2026/09/01 23:46:47.742956 POST /api/graphql 200 15.001823512s
2026/09/01 23:46:47.851447 POST /api/graphql 422 431.596µs
2026/09/01 23:46:48.101849 POST /api/graphql 422 406.429µs
2026/09/01 23:46:48.408213 POST /api/graphql 422 378.737µs
2026/09/01 23:46:48.618615 POST /api/graphql 200 15.001380948s
2026/09/01 23:46:48.618642 POST /api/graphql 200 15.001152381s
2026/09/01 23:46:48.645977 POST /api/graphql 200 15.001506974s
2026/09/01 23:46:48.963958 [sandbox] [grpc-default-executor-7] ERROR tsunagu.grpc.ExtensionServiceImpl - extension call failed: HttpException: HTTP error 404 <- OnNextValue: OnError while emitting onNext value: okhttp3.Response.class @ OkHttpExtensionsKt$asObservable$1$requestArbiter$1.request:41; OkHttpExtensionsKt.asObservable$lambda$0:59; RxCompatKt.awaitSingle:13; ExtensionServiceImpl$getPopularManga$page$2.invokeSuspend:196
2026/09/01 23:46:48.967778 [sandbox] [grpc-default-executor-4] ERROR tsunagu.grpc.ExtensionServiceImpl - extension call failed: HttpException: HTTP error 404 <- OnNextValue: OnError while emitting onNext value: okhttp3.Response.class @ OkHttpExtensionsKt$asObservable$1$requestArbiter$1.request:41; OkHttpExtensionsKt.asObservable$lambda$0:59; RxCompatKt.awaitSingle:13; ExtensionServiceImpl$getPopularManga$page$2.invokeSuspend:196
2026/09/01 23:46:49.184059 POST /api/graphql 200 563.769291ms
2026/09/01 23:46:49.244710 [sandbox] [grpc-default-executor-10] ERROR tsunagu.grpc.ExtensionServiceImpl - extension call failed: HttpException: HTTP error 404 <- OnNextValue: OnError while emitting onNext value: okhttp3.Response.class @ OkHttpExtensionsKt$asObservable$1$requestArbiter$1.request:41; OkHttpExtensionsKt.asObservable$lambda$0:59; RxCompatKt.awaitSingle:13; ExtensionServiceImpl$getPopularManga$page$2.invokeSuspend:196
2026/09/01 23:46:49.565010 POST /api/graphql 200 597.693104ms
2026/09/01 23:46:49.567352 POST /api/graphql 200 596.688928ms
2026/09/01 23:46:49.571070 [sandbox] [grpc-default-executor-4] INFO tsunagu.grpc.ExtensionServiceImpl - extension eu.kanade.tachiyomi.extension.en.batcave has no popular listing, returning empty page
2026/09/01 23:46:49.577666 [sandbox] [grpc-default-executor-4] INFO tsunagu.grpc.ExtensionServiceImpl - extension eu.kanade.tachiyomi.extension.en.batcave has no popular listing, returning empty page
2026/09/01 23:46:49.581718 [sandbox] [grpc-default-executor-4] INFO tsunagu.grpc.ExtensionServiceImpl - extension eu.kanade.tachiyomi.extension.en.batcave has no popular listing, returning empty page
2026/09/01 23:46:49.993688 POST /api/graphql 200 745.381044ms
2026/09/01 23:46:50.153160 POST /api/graphql 200 725.746862ms
2026/09/01 23:46:50.267134 [sandbox] [grpc-default-executor-9] INFO tsunagu.grpc.ExtensionServiceImpl - extension eu.kanade.tachiyomi.extension.all.mangafire has no popular listing, returning empty page
2026/09/01 23:46:50.273501 [sandbox] [grpc-default-executor-10] INFO tsunagu.grpc.ExtensionServiceImpl - extension eu.kanade.tachiyomi.extension.all.mangafire has no popular listing, returning empty page
2026/09/01 23:46:50.273596 [sandbox] [grpc-default-executor-9] INFO tsunagu.grpc.ExtensionServiceImpl - extension eu.kanade.tachiyomi.extension.all.mangafire has no popular listing, returning empty page
2026/09/01 23:46:50.501791 POST /api/graphql 200 506.051408ms
2026/09/01 23:46:50.508820 [sandbox] [grpc-default-executor-7] INFO tsunagu.grpc.ExtensionServiceImpl - extension eu.kanade.tachiyomi.extension.en.weebcentral has no popular listing, returning empty page
2026/09/01 23:46:50.514832 [sandbox] [grpc-default-executor-7] INFO tsunagu.grpc.ExtensionServiceImpl - extension eu.kanade.tachiyomi.extension.en.weebcentral has no popular listing, returning empty page
2026/09/01 23:46:50.520427 [sandbox] [grpc-default-executor-7] INFO tsunagu.grpc.ExtensionServiceImpl - extension eu.kanade.tachiyomi.extension.en.weebcentral has no popular listing, returning empty page
2026/09/01 23:46:50.736673 POST /api/graphql 200 15.000917626s
2026/09/01 23:46:51.938823 [sandbox] [grpc-default-executor-4] ERROR tsunagu.grpc.ExtensionServiceImpl - extension call failed: HttpException: HTTP error 404 <- OnNextValue: OnError while emitting onNext value: okhttp3.Response.class @ OkHttpExtensionsKt$asObservable$1$requestArbiter$1.request:41; OkHttpExtensionsKt.asObservable$lambda$0:59; RxCompatKt.awaitSingle:13; AnimeCatalogueSource.getSearchAnime$suspendImpl:26
2026/09/01 23:46:52.333051 [sandbox] [grpc-default-executor-1] ERROR tsunagu.grpc.ExtensionServiceImpl - extension call failed: HttpException: HTTP error 522 <- OnNextValue: OnError while emitting onNext value: okhttp3.Response.class @ OkHttpExtensionsKt$asObservable$1$requestArbiter$1.request:41; OkHttpExtensionsKt.asObservable$lambda$0:59; RxCompatKt.awaitSingle:13; ExtensionServiceImpl$getPopularManga$page$2.invokeSuspend:196
2026/09/01 23:46:52.404678 POST /api/graphql 200 699.045623ms
2026/09/01 23:46:52.582815 POST /api/graphql 200 527.441312ms
2026/09/01 23:46:52.592592 POST /api/graphql 200 887.16424ms
2026/09/01 23:46:52.687334 [sandbox] E/BatCave: Failed to fetch filter data
java.io.IOException: Open in WebView to bypass site protection
	at keiyoushi.a.b.a(Unknown Source)
	at keiyoushi.a.b.a(Unknown Source)
	at eu.kanade.tachiyomi.a.a.a.a.a(Unknown Source)
	at eu.kanade.tachiyomi.a.a.a.a.a(Unknown Source)
	at keiyoushi.source.f.invokeSuspend(Unknown Source)
	at kotlin.coroutines.jvm.internal.BaseContinuationImpl.resumeWith(ContinuationImpl.kt:34)
	at kotlinx.coroutines.DispatchedTask.run(DispatchedTask.kt:100)
	at kotlinx.coroutines.internal.LimitedDispatcher$Worker.run(LimitedDispatcher.kt:124)
	at kotlinx.coroutines.scheduling.TaskImpl.run(Tasks.kt:89)
	at kotlinx.coroutines.scheduling.CoroutineScheduler.runSafely(CoroutineScheduler.kt:586)
	at kotlinx.coroutines.scheduling.CoroutineScheduler$Worker.executeTask(CoroutineScheduler.kt:798)
	at kotlinx.coroutines.scheduling.CoroutineScheduler$Worker.runWorker(CoroutineScheduler.kt:717)
	at kotlinx.coroutines.scheduling.CoroutineScheduler$Worker.run(CoroutineScheduler.kt:704)
Caused by: java.io.IOException: Open in WebView to bypass site protection
	at eu.kanade.tachiyomi.a.a.a.x.a(Unknown Source)
	at okhttp3.internal.http.RealInterceptorChain.proceed(RealInterceptorChain.kt:332)
	at eu.kanade.tachiyomi.network.interceptor.UserAgentInterceptor.intercept(UserAgentInterceptor.kt:21)
	at okhttp3.internal.http.RealInterceptorChain.proceed(RealInterceptorChain.kt:332)
	at eu.kanade.tachiyomi.network.interceptor.UncaughtExceptionInterceptor.intercept(UncaughtExceptionInterceptor.kt:10)
	at okhttp3.internal.http.RealInterceptorChain.proceed(RealInterceptorChain.kt:332)
	at okhttp3.internal.connection.RealCall.getResponseWithInterceptorChain$okhttp(RealCall.kt:234)
	at okhttp3.internal.connection.RealCall$AsyncCall.run(RealCall.kt:582)
	at java.base/java.util.concurrent.ThreadPoolExecutor.runWorker(ThreadPoolExecutor.java:1144)
	at java.base/java.util.concurrent.ThreadPoolExecutor$Worker.run(ThreadPoolExecutor.java:642)
	at java.base/java.lang.Thread.run(Thread.java:1583)

2026/09/01 23:46:52.850163 [sandbox] [grpc-default-executor-4] WARN tsunagu.grpc.ExtensionServiceImpl - extension call failed: IOException: Open in WebView to bypass site protection <- IOException: Open in WebView to bypass site protection @ x.a:-1; UserAgentInterceptor.intercept:21; UncaughtExceptionInterceptor.intercept:10
2026/09/01 23:46:53.357186 [sandbox] [grpc-default-executor-5] ERROR tsunagu.grpc.ExtensionServiceImpl - extension call failed: HttpException: HTTP error 522 <- OnNextValue: OnError while emitting onNext value: okhttp3.Response.class @ OkHttpExtensionsKt$asObservable$1$requestArbiter$1.request:41; OkHttpExtensionsKt.asObservable$lambda$0:59; RxCompatKt.awaitSingle:13; ExtensionServiceImpl$getPopularManga$page$2.invokeSuspend:196
2026/09/01 23:46:53.357995 [sandbox] [grpc-default-executor-3] ERROR tsunagu.grpc.ExtensionServiceImpl - extension call failed: HttpException: HTTP error 522 <- OnNextValue: OnError while emitting onNext value: okhttp3.Response.class @ OkHttpExtensionsKt$asObservable$1$requestArbiter$1.request:41; OkHttpExtensionsKt.asObservable$lambda$0:59; RxCompatKt.awaitSingle:13; ExtensionServiceImpl$getPopularManga$page$2.invokeSuspend:196
2026/09/01 23:46:53.358058 [sandbox] [grpc-default-executor-6] ERROR tsunagu.grpc.ExtensionServiceImpl - extension call failed: HttpException: HTTP error 522 <- OnNextValue: OnError while emitting onNext value: okhttp3.Response.class @ OkHttpExtensionsKt$asObservable$1$requestArbiter$1.request:41; OkHttpExtensionsKt.asObservable$lambda$0:59; RxCompatKt.awaitSingle:13; ExtensionServiceImpl$getPopularManga$page$2.invokeSuspend:196
2026/09/01 23:46:53.388991 POST /api/graphql 200 794.365983ms
2026/09/01 23:46:53.605332 POST /api/graphql 200 1.010672788s
2026/09/01 23:46:53.800945 [sandbox] [grpc-default-executor-1] ERROR tsunagu.grpc.ExtensionServiceImpl - extension call failed: HttpException: HTTP error 404 <- OnNextValue: OnError while emitting onNext value: okhttp3.Response.class @ OkHttpExtensionsKt$asObservable$1$requestArbiter$1.request:41; OkHttpExtensionsKt.asObservable$lambda$0:59; RxCompatKt.awaitSingle:13; AnimeCatalogueSource.getSearchAnime$suspendImpl:26
2026/09/01 23:46:53.801666 POST /api/graphql 200 809.478791ms
2026/09/01 23:46:54.098096 POST /api/graphql 200 706.099119ms
2026/09/01 23:46:54.109721 POST /api/graphql 200 500.671392ms
2026/09/01 23:46:54.472087 [sandbox] E/BatCave: Failed to fetch filter data
java.io.IOException: Open in WebView to bypass site protection
	at keiyoushi.a.b.a(Unknown Source)
	at keiyoushi.a.b.a(Unknown Source)
	at eu.kanade.tachiyomi.a.a.a.a.a(Unknown Source)
	at eu.kanade.tachiyomi.a.a.a.a.a(Unknown Source)
	at keiyoushi.source.f.invokeSuspend(Unknown Source)
	at kotlin.coroutines.jvm.internal.BaseContinuationImpl.resumeWith(ContinuationImpl.kt:34)
	at kotlinx.coroutines.DispatchedTask.run(DispatchedTask.kt:100)
	at kotlinx.coroutines.internal.LimitedDispatcher$Worker.run(LimitedDispatcher.kt:124)
	at kotlinx.coroutines.scheduling.TaskImpl.run(Tasks.kt:89)
	at kotlinx.coroutines.scheduling.CoroutineScheduler.runSafely(CoroutineScheduler.kt:586)
	at kotlinx.coroutines.scheduling.CoroutineScheduler$Worker.executeTask(CoroutineScheduler.kt:798)
	at kotlinx.coroutines.scheduling.CoroutineScheduler$Worker.runWorker(CoroutineScheduler.kt:717)
	at kotlinx.coroutines.scheduling.CoroutineScheduler$Worker.run(CoroutineScheduler.kt:704)
Caused by: java.io.IOException: Open in WebView to bypass site protection
	at eu.kanade.tachiyomi.a.a.a.x.a(Unknown Source)
	at okhttp3.internal.http.RealInterceptorChain.proceed(RealInterceptorChain.kt:332)
	at eu.kanade.tachiyomi.network.interceptor.UserAgentInterceptor.intercept(UserAgentInterceptor.kt:21)
	at okhttp3.internal.http.RealInterceptorChain.proceed(RealInterceptorChain.kt:332)
	at eu.kanade.tachiyomi.network.interceptor.UncaughtExceptionInterceptor.intercept(UncaughtExceptionInterceptor.kt:10)
	at okhttp3.internal.http.RealInterceptorChain.proceed(RealInterceptorChain.kt:332)
	at okhttp3.internal.connection.RealCall.getResponseWithInterceptorChain$okhttp(RealCall.kt:234)
	at okhttp3.internal.connection.RealCall$AsyncCall.run(RealCall.kt:582)
	at java.base/java.util.concurrent.ThreadPoolExecutor.runWorker(ThreadPoolExecutor.java:1144)
	at java.base/java.util.concurrent.ThreadPoolExecutor$Worker.run(ThreadPoolExecutor.java:642)
	at java.base/java.lang.Thread.run(Thread.java:1583)

2026/09/01 23:46:54.539188 [sandbox] [grpc-default-executor-11] WARN tsunagu.grpc.ExtensionServiceImpl - extension call failed: IOException: Open in WebView to bypass site protection <- IOException: Open in WebView to bypass site protection @ x.a:-1; UserAgentInterceptor.intercept:21; UncaughtExceptionInterceptor.intercept:10
2026/09/01 23:46:54.669861 POST /api/graphql 200 865.459853ms
2026/09/01 23:46:55.168145 POST /api/graphql 200 553.323446ms
2026/09/01 23:46:55.407628 [sandbox] [grpc-default-executor-2] ERROR tsunagu.grpc.ExtensionServiceImpl - extension call failed: HttpException: HTTP error 522 <- OnNextValue: OnError while emitting onNext value: okhttp3.Response.class @ OkHttpExtensionsKt$asObservable$1$requestArbiter$1.request:41; OkHttpExtensionsKt.asObservable$lambda$0:59; RxCompatKt.awaitSingle:13; AnimeCatalogueSource.getSearchAnime$suspendImpl:26
2026/09/01 23:46:55.658666 POST /api/graphql 200 707.505167ms
2026/09/01 23:46:55.686414 POST /api/graphql 200 515.812223ms
2026/09/01 23:46:57.683888 POST /api/graphql 200 1.994865711s
2026/09/01 23:46:59.692556 POST /api/graphql 200 7.098035408s
2026/09/01 23:47:01.451882 POST /api/graphql 200 755.711814ms
2026/09/01 23:47:01.773597 [sandbox] [grpc-default-executor-1] ERROR tsunagu.grpc.ExtensionServiceImpl - extension call failed: HttpException: HTTP error 404 <- OnNextValue: OnError while emitting onNext value: okhttp3.Response.class @ OkHttpExtensionsKt$asObservable$1$requestArbiter$1.request:41; OkHttpExtensionsKt.asObservable$lambda$0:59; RxCompatKt.awaitSingle:13; ExtensionServiceImpl$getPopularManga$page$2.invokeSuspend:196
2026/09/01 23:47:01.774186 POST /api/graphql 200 789.214422ms
2026/09/01 23:47:01.833224 [sandbox] [grpc-default-executor-2] INFO tsunagu.grpc.ExtensionServiceImpl - extension eu.kanade.tachiyomi.extension.en.batcave has no popular listing, returning empty page
2026/09/01 23:47:01.960925 POST /api/graphql 200 594.251227ms
2026/09/01 23:47:02.214536 [sandbox] [grpc-default-executor-2] INFO tsunagu.grpc.ExtensionServiceImpl - extension eu.kanade.tachiyomi.extension.all.mangafire has no popular listing, returning empty page
2026/09/01 23:47:02.492605 [sandbox] [grpc-default-executor-12] INFO tsunagu.grpc.ExtensionServiceImpl - extension eu.kanade.tachiyomi.extension.en.weebcentral has no popular listing, returning empty page
2026/09/01 23:47:02.573012 POST /api/graphql 200 795.945525ms
2026/09/01 23:47:11.279481 [sandbox] [grpc-default-executor-10] ERROR tsunagu.grpc.ExtensionServiceImpl - extension call failed: HttpException: HTTP error 522 <- OnNextValue: OnError while emitting onNext value: okhttp3.Response.class @ OkHttpExtensionsKt$asObservable$1$requestArbiter$1.request:41; OkHttpExtensionsKt.asObservable$lambda$0:59; RxCompatKt.awaitSingle:13; AnimeCatalogueSource.getSearchAnime$suspendImpl:26
2026/09/01 23:47:12.302468 [sandbox] [grpc-default-executor-8] ERROR tsunagu.grpc.ExtensionServiceImpl - extension call failed: HttpException: HTTP error 522 <- OnNextValue: OnError while emitting onNext value: okhttp3.Response.class @ OkHttpExtensionsKt$asObservable$1$requestArbiter$1.request:41; OkHttpExtensionsKt.asObservable$lambda$0:59; RxCompatKt.awaitSingle:13; AnimeCatalogueSource.getSearchAnime$suspendImpl:26
2026/09/01 23:47:15.697069 POST /api/graphql 200 15.001239715s
2026/09/01 23:47:19.314930 shutting down
2026/09/01 23:58:24.153308 === Tsunagu dev (unknown) starting, pid 763225 ===
2026/09/01 23:58:24.166441 sandbox: spawning /nix/store/1slz0vmmgsd7p6i4c0jaywkpw56wl2yg-openjdk-21.0.12+8/lib/openjdk/bin/java -cp /home/shozikan/Projects/Manga/Tsunagu/sandbox/build/libs/sandbox-0.1.0-all.jar tsunagu.MainKt (source: JAVA_HOME/PATH)
2026/09/01 23:58:24.483871 [sandbox] [main] INFO eu.kanade.tachiyomi.network.TlsSetup - TLS: Conscrypt provider installed (v2.5.2)
2026/09/01 23:58:24.961584 [sandbox] tsunagu sandbox listening on :50051
2026/09/01 23:58:25.175475 sandbox: ready at localhost:50051
2026/09/01 23:58:27.435102 tsunagu dev listening on [::]:6007
2026/09/01 23:58:27.437426 metadata backfill: 1 unmatched media, working through them (~1m)
2026/09/01 23:58:27.439914 content filter: recomputed 6 media
2026/09/01 23:58:27.823582 tracker poll: reconciled 2 media
2026/09/01 23:58:28.489242 metadata backfill: done -- matched 0/1
2026/09/01 23:58:33.077064 POST /api/graphql 200 1.029088465s
2026/09/01 23:58:39.191137 POST /api/graphql 200 945.770033ms
2026/09/01 23:58:39.276422 POST /api/graphql 200 1.031001112s
2026/09/01 23:58:39.579883 GET /proxy/cover/781 502 187.166417ms
2026/09/01 23:58:39.754722 POST /api/graphql 200 559.324989ms
2026/09/01 23:58:39.953762 POST /api/graphql 200 1.708278667s
2026/09/01 23:58:40.164165 [sandbox] [grpc-default-executor-0] ERROR tsunagu.grpc.ExtensionServiceImpl - extension call failed: HttpException: HTTP error 404 <- OnNextValue: OnError while emitting onNext value: okhttp3.Response.class @ OkHttpExtensionsKt$asObservable$1$requestArbiter$1.request:41; OkHttpExtensionsKt.asObservable$lambda$0:59; RxCompatKt.awaitSingle:13; ExtensionServiceImpl$getPopularManga$page$2.invokeSuspend:196
2026/09/01 23:58:40.165771 POST /api/graphql 200 836.021306ms
2026/09/01 23:58:40.318502 POST /api/graphql 200 560.123741ms
2026/09/01 23:58:40.845127 POST /api/graphql 200 674.288319ms
2026/09/01 23:58:40.868913 [sandbox] [grpc-default-executor-0] INFO tsunagu.grpc.ExtensionServiceImpl - extension eu.kanade.tachiyomi.extension.en.batcave has no popular listing, returning empty page
2026/09/01 23:58:41.240210 POST /api/graphql 200 851.112043ms
2026/09/01 23:58:41.424032 POST /api/graphql 200 551.070787ms
2026/09/01 23:58:41.450822 POST /api/graphql 200 590.057571ms
2026/09/01 23:58:41.451055 [sandbox] [grpc-default-executor-3] INFO tsunagu.grpc.ExtensionServiceImpl - extension eu.kanade.tachiyomi.extension.all.mangafire has no popular listing, returning empty page
2026/09/01 23:58:41.742819 [sandbox] [grpc-default-executor-0] INFO tsunagu.grpc.ExtensionServiceImpl - extension eu.kanade.tachiyomi.extension.en.weebcentral has no popular listing, returning empty page
2026/09/01 23:58:42.854610 sync: caching cover for entry 1943 failed: rpc error: code = Internal desc = java.lang.IllegalStateException: extension eu.kanade.tachiyomi.animeextension.en.aniwaves is not an HttpSource
2026/09/01 23:58:43.811958 POST /api/graphql 200 1.682536572s
2026/09/01 23:58:51.937150 GET /proxy/cover/839 502 199.392542ms
2026/09/01 23:58:52.780868 GET /proxy/cover/847 502 161.335164ms
2026/09/01 23:58:53.246615 POST /api/graphql 200 15.001321729s
2026/09/01 23:58:57.840635 [sandbox] [grpc-default-executor-1] ERROR tsunagu.grpc.ExtensionServiceImpl - extension call failed: HttpException: HTTP error 522 <- OnNextValue: OnError while emitting onNext value: okhttp3.Response.class @ OkHttpExtensionsKt$asObservable$1$requestArbiter$1.request:41; OkHttpExtensionsKt.asObservable$lambda$0:59; RxCompatKt.awaitSingle:13; ExtensionServiceImpl$getPopularManga$page$2.invokeSuspend:196
2026/09/01 23:59:14.123694 POST /api/graphql 200 1.004278797s
2026/09/02 00:00:03.193041 POST /api/graphql 200 1.451438125s
2026/09/02 00:02:16.395576 POST /api/graphql 200 1.583186336s
2026/09/02 00:11:02.181371 POST /api/graphql 200 1.220728813s
2026/09/02 00:11:38.570950 POST /api/graphql 200 981.171703ms
2026/09/02 00:11:44.381997 POST /api/graphql 200 1.413714841s
2026/09/02 00:12:02.924672 POST /api/graphql 200 1.150761707s
2026/09/02 00:13:15.147564 POST /api/graphql 200 891.575583ms
2026/09/02 00:13:23.880509 POST /api/graphql 200 794.735166ms
2026/09/02 00:13:36.564783 POST /api/graphql 422 437.147µs
2026/09/02 00:15:21.972447 shutting down
2026/09/02 00:15:23.869525 === Tsunagu dev (unknown) starting, pid 824577 ===
2026/09/02 00:15:23.884979 sandbox: spawning /nix/store/1slz0vmmgsd7p6i4c0jaywkpw56wl2yg-openjdk-21.0.12+8/lib/openjdk/bin/java -cp /home/shozikan/Projects/Manga/Tsunagu/sandbox/build/libs/sandbox-0.1.0-all.jar tsunagu.MainKt (source: JAVA_HOME/PATH)
2026/09/02 00:15:24.186541 [sandbox] [main] INFO eu.kanade.tachiyomi.network.TlsSetup - TLS: Conscrypt provider installed (v2.5.2)
2026/09/02 00:15:24.672481 [sandbox] tsunagu sandbox listening on :50051
2026/09/02 00:15:24.843890 sandbox: ready at localhost:50051
2026/09/02 00:15:26.715984 tsunagu dev listening on [::]:6007
2026/09/02 00:15:26.718468 metadata backfill: 1 unmatched media, working through them (~1m)
2026/09/02 00:15:26.720868 content filter: recomputed 6 media
2026/09/02 00:15:27.090979 tracker poll: reconciled 2 media
2026/09/02 00:15:27.747523 metadata backfill: done -- matched 0/1
2026/09/02 00:15:32.202056 POST /api/graphql 200 906.723758ms
2026/09/02 00:21:49.040919 POST /api/graphql 200 1.207101198s
2026/09/02 00:22:49.925762 POST /api/graphql 200 1.044603039s
2026/09/02 00:23:25.626553 POST /api/graphql 200 1.338311313s
2026/09/02 00:23:26.350625 POST /api/graphql 200 500.323109ms
2026/09/02 00:23:26.601653 POST /api/graphql 200 751.301651ms
2026/09/02 00:23:26.901513 POST /api/graphql 200 547.626958ms
2026/09/02 00:23:26.905187 GET /proxy/cover/781 502 267.922883ms
2026/09/02 00:23:26.989688 [sandbox] [grpc-default-executor-1] ERROR tsunagu.grpc.ExtensionServiceImpl - extension call failed: HttpException: HTTP error 404 <- OnNextValue: OnError while emitting onNext value: okhttp3.Response.class @ OkHttpExtensionsKt$asObservable$1$requestArbiter$1.request:41; OkHttpExtensionsKt.asObservable$lambda$0:59; RxCompatKt.awaitSingle:13; ExtensionServiceImpl$getPopularManga$page$2.invokeSuspend:196
2026/09/02 00:23:27.464929 POST /api/graphql 200 561.228401ms
2026/09/02 00:23:27.480910 POST /api/graphql 200 1.630372735s
2026/09/02 00:23:27.651761 POST /api/graphql 200 659.508323ms
2026/09/02 00:23:27.661605 [sandbox] [grpc-default-executor-1] INFO tsunagu.grpc.ExtensionServiceImpl - extension eu.kanade.tachiyomi.extension.en.batcave has no popular listing, returning empty page
2026/09/02 00:23:28.214668 POST /api/graphql 200 2.364431925s
2026/09/02 00:23:28.214721 POST /api/graphql 200 732.096011ms
2026/09/02 00:23:33.828792 POST /api/graphql 200 1.260416868s
2026/09/02 00:23:37.397274 shutting down
2026/09/02 00:24:30.086355 === Tsunagu dev (unknown) starting, pid 856092 ===
2026/09/02 00:24:30.098677 sandbox: spawning /nix/store/1slz0vmmgsd7p6i4c0jaywkpw56wl2yg-openjdk-21.0.12+8/lib/openjdk/bin/java -cp /home/shozikan/Projects/Manga/Tsunagu/sandbox/build/libs/sandbox-0.1.0-all.jar tsunagu.MainKt (source: JAVA_HOME/PATH)
2026/09/02 00:24:30.370307 [sandbox] [main] INFO eu.kanade.tachiyomi.network.TlsSetup - TLS: Conscrypt provider installed (v2.5.2)
2026/09/02 00:24:30.903299 [sandbox] tsunagu sandbox listening on :50051
2026/09/02 00:24:31.112191 sandbox: ready at localhost:50051
2026/09/02 00:24:34.079833 tsunagu dev listening on [::]:6007
2026/09/02 00:24:34.082207 metadata backfill: 1 unmatched media, working through them (~1m)
2026/09/02 00:24:34.084451 content filter: recomputed 6 media
2026/09/02 00:24:34.500028 tracker poll: reconciled 2 media
2026/09/02 00:24:35.153562 metadata backfill: done -- matched 0/1
2026/09/02 00:24:42.762245 POST /api/graphql 200 1.390345735s
2026/09/02 00:26:14.974503 POST /api/graphql 200 972.66498ms
2026/09/02 00:26:25.332776 POST /api/graphql 200 1.025762156s
2026/09/02 00:26:36.342800 POST /api/graphql 200 1.212572591s
2026/09/02 00:31:00.218342 POST /api/graphql 200 882.84392ms
2026/09/02 00:31:01.815681 POST /api/graphql 200 1.467999342s
2026/09/02 00:31:20.451113 POST /api/graphql 200 1.341125743s
2026/09/02 00:31:29.698934 POST /api/graphql 200 1.111973084s
2026/09/02 00:31:39.827090 POST /api/graphql 200 629.994117ms
2026/09/02 00:31:41.520207 POST /api/graphql 200 1.324371091s
2026/09/02 00:35:25.244663 POST /api/graphql 200 795.149165ms
2026/09/02 00:35:26.880577 POST /api/graphql 200 1.426856241s
2026/09/02 00:36:11.680014 POST /api/graphql 200 752.002872ms
2026/09/02 00:36:13.102018 POST /api/graphql 200 1.180477736s
2026/09/02 00:36:23.800717 POST /api/graphql 200 1.135766764s
2026/09/02 00:36:32.598009 POST /api/graphql 200 508.796665ms
2026/09/02 00:36:34.283933 POST /api/graphql 200 1.208810032s
2026/09/02 00:39:30.098756 sandbox: idle for 15m0s, reaping process
2026/09/02 00:41:03.831180 POST /api/graphql 200 674.498862ms
2026/09/02 00:41:05.704652 POST /api/graphql 200 1.527265212s
2026/09/02 00:41:27.928735 POST /api/graphql 200 1.689993023s
2026/09/02 00:41:37.351118 POST /api/graphql 200 1.775625226s
2026/09/02 00:47:18.694369 POST /api/graphql 200 828.908294ms
2026/09/02 00:47:20.208704 POST /api/graphql 200 1.329655078s
2026/09/02 00:50:40.064072 POST /api/graphql 200 801.48199ms
2026/09/02 00:50:41.479928 POST /api/graphql 200 1.181952654s
2026/09/02 00:50:54.513596 POST /api/graphql 200 1.421910227s
2026/09/02 00:51:13.775807 shutting down
2026/09/02 10:52:02.370976 === Tsunagu dev (unknown) starting, pid 588726 ===
2026/09/02 10:52:02.418983 sandbox: spawning /nix/store/1slz0vmmgsd7p6i4c0jaywkpw56wl2yg-openjdk-21.0.12+8/lib/openjdk/bin/java -cp /home/shozikan/Projects/Manga/Tsunagu/sandbox/build/libs/sandbox-0.1.0-all.jar tsunagu.MainKt (source: JAVA_HOME/PATH)
2026/09/02 10:52:02.885821 [sandbox] [main] INFO eu.kanade.tachiyomi.network.TlsSetup - TLS: Conscrypt provider installed (v2.5.2)
2026/09/02 10:52:03.539438 [sandbox] tsunagu sandbox listening on :50051
2026/09/02 10:52:04.206466 sandbox: ready at localhost:50051
2026/09/02 10:52:07.330189 tsunagu dev listening on [::]:6007
2026/09/02 10:52:07.334136 metadata backfill: 1 unmatched media, working through them (~1m)
2026/09/02 10:52:07.336635 content filter: recomputed 6 media
2026/09/02 10:52:08.832226 metadata backfill: done -- matched 0/1
2026/09/02 10:52:12.713970 tracker poll: reconciled 2 media
2026/09/02 10:52:15.777215 POST /api/graphql 200 786.715889ms
2026/09/02 10:52:18.048286 POST /api/graphql 200 2.008059618s
2026/09/02 10:52:32.499500 [sandbox] [grpc-default-executor-2] WARN tsunagu.grpc.ExtensionServiceImpl - extension call failed: SocketException: Connection reset @ CloudflareInterceptor.intercept:36; UserAgentInterceptor.intercept:21; UncaughtExceptionInterceptor.intercept:10; OkHttpExtensionsKt$asObservable$1$requestArbiter$1.request:39
2026/09/02 10:52:32.632185 [sandbox] [grpc-default-executor-2] WARN tsunagu.grpc.ExtensionServiceImpl - extension call failed: SocketException: Connection reset @ CloudflareInterceptor.intercept:36; UserAgentInterceptor.intercept:21; UncaughtExceptionInterceptor.intercept:10; OkHttpExtensionsKt$asObservable$1$requestArbiter$1.request:39
2026/09/02 10:52:32.786667 [sandbox] [grpc-default-executor-3] WARN tsunagu.grpc.ExtensionServiceImpl - extension call failed: SocketException: Connection reset @ CloudflareInterceptor.intercept:36; UserAgentInterceptor.intercept:21; UncaughtExceptionInterceptor.intercept:10; OkHttpExtensionsKt$asObservable$1$requestArbiter$1.request:39
2026/09/02 10:52:32.787625 POST /api/graphql 200 523.840692ms
2026/09/02 10:52:32.862682 [sandbox] [grpc-default-executor-2] WARN tsunagu.grpc.ExtensionServiceImpl - extension call failed: SocketException: Connection reset @ CloudflareInterceptor.intercept:36; UserAgentInterceptor.intercept:19; UncaughtExceptionInterceptor.intercept:10; OkHttpExtensionsKt$asObservable$1$requestArbiter$1.request:39
2026/09/02 10:52:32.872265 [sandbox] [grpc-default-executor-2] INFO tsunagu.grpc.ExtensionServiceImpl - extension eu.kanade.tachiyomi.extension.en.batcave has no popular listing, returning empty page
2026/09/02 10:52:32.928213 [sandbox] [grpc-default-executor-3] WARN tsunagu.grpc.ExtensionServiceImpl - extension call failed: SocketException: Connection reset @ CloudflareInterceptor.intercept:36; UserAgentInterceptor.intercept:19; UncaughtExceptionInterceptor.intercept:10; OkHttpExtensionsKt$asObservable$1$requestArbiter$1.request:39
2026/09/02 10:52:33.041441 [sandbox] [grpc-default-executor-3] WARN tsunagu.grpc.ExtensionServiceImpl - extension call failed: SocketException: Connection reset @ d.intercept:-1; CloudflareInterceptor.intercept:36; UserAgentInterceptor.intercept:21; UncaughtExceptionInterceptor.intercept:10
2026/09/02 10:52:33.053737 [sandbox] [grpc-default-executor-3] INFO tsunagu.grpc.ExtensionServiceImpl - extension eu.kanade.tachiyomi.extension.all.mangafire has no popular listing, returning empty page
2026/09/02 10:52:33.571823 POST /api/graphql 200 1.308117591s
2026/09/02 10:52:33.714926 POST /api/graphql 200 836.967028ms
2026/09/02 10:52:33.894865 POST /api/graphql 200 836.795954ms
2026/09/02 10:52:34.248516 POST /api/graphql 200 671.946727ms
2026/09/02 10:52:34.354354 [sandbox] [grpc-default-executor-2] INFO tsunagu.grpc.ExtensionServiceImpl - extension eu.kanade.tachiyomi.extension.en.weebcentral has no popular listing, returning empty page
2026/09/02 10:52:34.906444 POST /api/graphql 200 652.908977ms
2026/09/02 10:52:35.521957 POST /api/graphql 200 3.258379965s
2026/09/02 10:52:44.581286 [sandbox] [grpc-default-executor-1] WARN tsunagu.grpc.ExtensionServiceImpl - extension call failed: SocketException: Connection reset @ CloudflareInterceptor.intercept:36; UserAgentInterceptor.intercept:21; UncaughtExceptionInterceptor.intercept:10; OkHttpExtensionsKt$asObservable$1$requestArbiter$1.request:39
2026/09/02 10:52:52.159202 [sandbox] [grpc-default-executor-0] ERROR tsunagu.grpc.ExtensionServiceImpl - extension call failed: HttpException: HTTP error 522 <- OnNextValue: OnError while emitting onNext value: okhttp3.Response.class @ OkHttpExtensionsKt$asObservable$1$requestArbiter$1.request:41; OkHttpExtensionsKt.asObservable$lambda$0:59; RxCompatKt.awaitSingle:13; ExtensionServiceImpl$getPopularManga$page$2.invokeSuspend:196
2026/09/02 10:53:06.575863 [sandbox] [grpc-default-executor-1] ERROR tsunagu.grpc.ExtensionServiceImpl - extension call failed: HttpException: HTTP error 522 <- OnNextValue: OnError while emitting onNext value: okhttp3.Response.class @ OkHttpExtensionsKt$asObservable$1$requestArbiter$1.request:41; OkHttpExtensionsKt.asObservable$lambda$0:59; RxCompatKt.awaitSingle:13; AnimeHttpSource.getEpisodeList$suspendImpl:107
2026/09/02 10:53:07.103647 POST /api/graphql 200 2.007102522s
2026/09/02 10:53:21.850568 [sandbox] [grpc-default-executor-0] ERROR tsunagu.grpc.ExtensionServiceImpl - extension call failed: HttpException: HTTP error 522 <- OnNextValue: OnError while emitting onNext value: okhttp3.Response.class @ OkHttpExtensionsKt$asObservable$1$requestArbiter$1.request:41; OkHttpExtensionsKt.asObservable$lambda$0:59; RxCompatKt.awaitSingle:13; AnimeHttpSource.getEpisodeList$suspendImpl:107
2026/09/02 10:54:49.855531 shutting down
2026/09/02 11:08:22.231566 === Tsunagu dev (unknown) starting, pid 643971 ===
2026/09/02 11:08:22.245703 sandbox: spawning /nix/store/1slz0vmmgsd7p6i4c0jaywkpw56wl2yg-openjdk-21.0.12+8/lib/openjdk/bin/java -cp /home/shozikan/Projects/Manga/Tsunagu/sandbox/build/libs/sandbox-0.1.0-all.jar tsunagu.MainKt (source: JAVA_HOME/PATH)
2026/09/02 11:08:22.517791 [sandbox] [main] INFO eu.kanade.tachiyomi.network.TlsSetup - TLS: Conscrypt provider installed (v2.5.2)
2026/09/02 11:08:23.003864 [sandbox] tsunagu sandbox listening on :50051
2026/09/02 11:08:23.943791 sandbox: ready at localhost:50051
2026/09/02 11:08:26.989966 tsunagu dev listening on [::]:6007
2026/09/02 11:08:26.991851 metadata backfill: 1 unmatched media, working through them (~1m)
2026/09/02 11:08:26.993621 content filter: recomputed 6 media
2026/09/02 11:08:28.836465 metadata backfill: done -- matched 0/1
2026/09/02 11:08:31.474475 POST /api/graphql 200 687.63891ms
2026/09/02 11:08:32.067896 tracker poll: reconciled 2 media
2026/09/02 11:08:33.696316 POST /api/graphql 200 1.829034729s
2026/09/02 11:14:01.532488 POST /api/graphql 200 887.461129ms
2026/09/02 11:14:03.673030 POST /api/graphql 200 1.969881274s
2026/09/02 11:14:20.560579 shutting down
2026/09/02 13:29:30.076669 === Tsunagu dev (unknown) starting, pid 951100 ===
2026/09/02 13:29:30.101921 sandbox: spawning /nix/store/1slz0vmmgsd7p6i4c0jaywkpw56wl2yg-openjdk-21.0.12+8/lib/openjdk/bin/java -cp /home/shozikan/Projects/Manga/Tsunagu/sandbox/build/libs/sandbox-0.1.0-all.jar tsunagu.MainKt (source: JAVA_HOME/PATH)
2026/09/02 13:29:30.380813 [sandbox] [main] INFO eu.kanade.tachiyomi.network.TlsSetup - TLS: Conscrypt provider installed (v2.5.2)
2026/09/02 13:29:30.870079 [sandbox] tsunagu sandbox listening on :50051
2026/09/02 13:29:31.705471 sandbox: ready at localhost:50051
2026/09/02 13:29:34.773305 tsunagu dev listening on [::]:6007
2026/09/02 13:29:34.775561 metadata backfill: 1 unmatched media, working through them (~1m)
2026/09/02 13:29:34.778384 content filter: recomputed 6 media
2026/09/02 13:29:34.927493 metadata: auto search "Overgeared": anilist: 403 Forbidden: {
    "errors": [
        {
            "message": "The AniList API has been temporarily disabled due to severe stability issues.",
            "status": 403,
            "locations": [
              
2026/09/02 13:29:35.157307 tracker poll: reconciled 2 media
2026/09/02 13:29:35.727996 metadata backfill: done -- matched 0/1
2026/09/02 13:29:42.744692 POST /api/graphql 200 734.726428ms
2026/09/02 13:29:45.036594 POST /api/graphql 200 1.950306836s
2026/09/02 13:30:32.223087 [sandbox] Sep 02, 2026 1:30:32 PM io.grpc.netty.shaded.io.grpc.netty.NettyServerTransport notifyTerminated
INFO: Transport failed
io.grpc.netty.shaded.io.netty.handler.codec.http2.Http2Exception: Unexpected HTTP/1.x request: GET / 
	at io.grpc.netty.shaded.io.netty.handler.codec.http2.Http2Exception.connectionError(Http2Exception.java:109)
	at io.grpc.netty.shaded.io.netty.handler.codec.http2.Http2ConnectionHandler$PrefaceDecoder.readClientPrefaceString(Http2ConnectionHandler.java:317)
	at io.grpc.netty.shaded.io.netty.handler.codec.http2.Http2ConnectionHandler$PrefaceDecoder.decode(Http2ConnectionHandler.java:247)
	at io.grpc.netty.shaded.io.netty.handler.codec.http2.Http2ConnectionHandler.decode(Http2ConnectionHandler.java:453)
	at io.grpc.netty.shaded.io.netty.handler.codec.ByteToMessageDecoder.decodeRemovalReentryProtection(ByteToMessageDecoder.java:529)
	at io.grpc.netty.shaded.io.netty.handler.codec.ByteToMessageDecoder.callDecode(ByteToMessageDecoder.java:468)
	at io.grpc.netty.shaded.io.netty.handler.codec.ByteToMessageDecoder.channelRead(ByteToMessageDecoder.java:290)
	at io.grpc.netty.shaded.io.netty.channel.AbstractChannelHandlerContext.invokeChannelRead(AbstractChannelHandlerContext.java:444)
	at io.grpc.netty.shaded.io.netty.channel.AbstractChannelHandlerContext.invokeChannelRead(AbstractChannelHandlerContext.java:420)
	at io.grpc.netty.shaded.io.netty.channel.AbstractChannelHandlerContext.fireChannelRead(AbstractChannelHandlerContext.java:412)
	at io.grpc.netty.shaded.io.netty.channel.DefaultChannelPipeline$HeadContext.channelRead(DefaultChannelPipeline.java:1410)
	at io.grpc.netty.shaded.io.netty.channel.AbstractChannelHandlerContext.invokeChannelRead(AbstractChannelHandlerContext.java:440)
	at io.grpc.netty.shaded.io.netty.channel.AbstractChannelHandlerContext.invokeChannelRead(AbstractChannelHandlerContext.java:420)
	at io.grpc.netty.shaded.io.netty.channel.DefaultChannelPipeline.fireChannelRead(DefaultChannelPipeline.java:919)
	at io.grpc.netty.shaded.io.netty.channel.epoll.AbstractEpollStreamChannel$EpollStreamUnsafe.epollInReady(AbstractEpollStreamChannel.java:800)
	at io.grpc.netty.shaded.io.netty.channel.epoll.EpollEventLoop.processReady(EpollEventLoop.java:509)
	at io.grpc.netty.shaded.io.netty.channel.epoll.EpollEventLoop.run(EpollEventLoop.java:407)
	at io.grpc.netty.shaded.io.netty.util.concurrent.SingleThreadEventExecutor$4.run(SingleThreadEventExecutor.java:997)
	at io.grpc.netty.shaded.io.netty.util.internal.ThreadExecutorMap$2.run(ThreadExecutorMap.java:74)
	at io.grpc.netty.shaded.io.netty.util.concurrent.FastThreadLocalRunnable.run(FastThreadLocalRunnable.java:30)
	at java.base/java.lang.Thread.run(Thread.java:1583)

2026/09/02 13:30:33.245732 [sandbox] Sep 02, 2026 1:30:33 PM io.grpc.netty.shaded.io.grpc.netty.NettyServerTransport notifyTerminated
INFO: Transport failed
io.grpc.netty.shaded.io.netty.handler.codec.http2.Http2Exception: Unexpected HTTP/1.x request: GET / 
	at io.grpc.netty.shaded.io.netty.handler.codec.http2.Http2Exception.connectionError(Http2Exception.java:109)
	at io.grpc.netty.shaded.io.netty.handler.codec.http2.Http2ConnectionHandler$PrefaceDecoder.readClientPrefaceString(Http2ConnectionHandler.java:317)
	at io.grpc.netty.shaded.io.netty.handler.codec.http2.Http2ConnectionHandler$PrefaceDecoder.decode(Http2ConnectionHandler.java:247)
	at io.grpc.netty.shaded.io.netty.handler.codec.http2.Http2ConnectionHandler.decode(Http2ConnectionHandler.java:453)
	at io.grpc.netty.shaded.io.netty.handler.codec.ByteToMessageDecoder.decodeRemovalReentryProtection(ByteToMessageDecoder.java:529)
	at io.grpc.netty.shaded.io.netty.handler.codec.ByteToMessageDecoder.callDecode(ByteToMessageDecoder.java:468)
	at io.grpc.netty.shaded.io.netty.handler.codec.ByteToMessageDecoder.channelRead(ByteToMessageDecoder.java:290)
	at io.grpc.netty.shaded.io.netty.channel.AbstractChannelHandlerContext.invokeChannelRead(AbstractChannelHandlerContext.java:444)
	at io.grpc.netty.shaded.io.netty.channel.AbstractChannelHandlerContext.invokeChannelRead(AbstractChannelHandlerContext.java:420)
	at io.grpc.netty.shaded.io.netty.channel.AbstractChannelHandlerContext.fireChannelRead(AbstractChannelHandlerContext.java:412)
	at io.grpc.netty.shaded.io.netty.channel.DefaultChannelPipeline$HeadContext.channelRead(DefaultChannelPipeline.java:1410)
	at io.grpc.netty.shaded.io.netty.channel.AbstractChannelHandlerContext.invokeChannelRead(AbstractChannelHandlerContext.java:440)
	at io.grpc.netty.shaded.io.netty.channel.AbstractChannelHandlerContext.invokeChannelRead(AbstractChannelHandlerContext.java:420)
	at io.grpc.netty.shaded.io.netty.channel.DefaultChannelPipeline.fireChannelRead(DefaultChannelPipeline.java:919)
	at io.grpc.netty.shaded.io.netty.channel.epoll.AbstractEpollStreamChannel$EpollStreamUnsafe.epollInReady(AbstractEpollStreamChannel.java:800)
	at io.grpc.netty.shaded.io.netty.channel.epoll.EpollEventLoop.processReady(EpollEventLoop.java:509)
	at io.grpc.netty.shaded.io.netty.channel.epoll.EpollEventLoop.run(EpollEventLoop.java:407)
	at io.grpc.netty.shaded.io.netty.util.concurrent.SingleThreadEventExecutor$4.run(SingleThreadEventExecutor.java:997)
	at io.grpc.netty.shaded.io.netty.util.internal.ThreadExecutorMap$2.run(ThreadExecutorMap.java:74)
	at io.grpc.netty.shaded.io.netty.util.concurrent.FastThreadLocalRunnable.run(FastThreadLocalRunnable.java:30)
	at java.base/java.lang.Thread.run(Thread.java:1583)

2026/09/02 13:32:26.083666 POST /api/graphql 200 1.980141015s
2026/09/02 13:32:28.855077 POST /api/graphql 200 751.138599ms
2026/09/02 13:32:28.928571 POST /api/graphql 200 824.540677ms
2026/09/02 13:32:29.566473 [sandbox] [grpc-default-executor-2] WARN tsunagu.grpc.ExtensionServiceImpl - extension call failed: SocketException: Connection reset @ CloudflareInterceptor.intercept:36; UserAgentInterceptor.intercept:19; UncaughtExceptionInterceptor.intercept:10; OkHttpExtensionsKt$asObservable$1$requestArbiter$1.request:39
2026/09/02 13:32:29.657867 POST /api/graphql 200 1.553802651s
2026/09/02 13:32:29.952412 [sandbox] [grpc-default-executor-4] ERROR tsunagu.grpc.ExtensionServiceImpl - extension call failed: HttpException: HTTP error 404 <- OnNextValue: OnError while emitting onNext value: okhttp3.Response.class @ OkHttpExtensionsKt$asObservable$1$requestArbiter$1.request:41; OkHttpExtensionsKt.asObservable$lambda$0:59; RxCompatKt.awaitSingle:13; ExtensionServiceImpl$getPopularManga$page$2.invokeSuspend:196
2026/09/02 13:32:29.953331 POST /api/graphql 200 969.387808ms
2026/09/02 13:32:29.963627 [sandbox] [grpc-default-executor-4] INFO tsunagu.grpc.ExtensionServiceImpl - extension eu.kanade.tachiyomi.extension.en.batcave has no popular listing, returning empty page
2026/09/02 13:32:30.557798 [sandbox] [grpc-default-executor-3] WARN tsunagu.grpc.ExtensionServiceImpl - extension call failed: SocketException: Connection reset @ d.intercept:-1; CloudflareInterceptor.intercept:36; UserAgentInterceptor.intercept:21; UncaughtExceptionInterceptor.intercept:10
2026/09/02 13:32:30.585073 [sandbox] [grpc-default-executor-3] INFO tsunagu.grpc.ExtensionServiceImpl - extension eu.kanade.tachiyomi.extension.all.mangafire has no popular listing, returning empty page
2026/09/02 13:32:30.929775 [sandbox] [grpc-default-executor-4] INFO tsunagu.grpc.ExtensionServiceImpl - extension eu.kanade.tachiyomi.extension.en.weebcentral has no popular listing, returning empty page
2026/09/02 13:32:32.103015 POST /api/graphql 200 593.939568ms
2026/09/02 13:32:32.272366 POST /api/graphql 200 1.720432571s
2026/09/02 13:32:36.479407 POST /api/graphql 200 1.111645615s
2026/09/02 13:32:37.674042 POST /api/graphql 200 9.570047321s
2026/09/02 13:32:37.674070 POST /api/graphql 200 8.103458708s
2026/09/02 13:32:53.193769 [sandbox] [grpc-default-executor-5] WARN tsunagu.grpc.ExtensionServiceImpl - extension call failed: UnknownHostException: aniwaves.ru: Temporary failure in name resolution @ CloudflareInterceptor.intercept:36; UserAgentInterceptor.intercept:21; UncaughtExceptionInterceptor.intercept:10; OkHttpExtensionsKt$asObservable$1$requestArbiter$1.request:39
2026/09/02 13:32:54.601492 [sandbox] [grpc-default-executor-2] WARN tsunagu.grpc.ExtensionServiceImpl - extension call failed: UnknownHostException: animenosub.to: Temporary failure in name resolution @ CloudflareInterceptor.intercept:36; UserAgentInterceptor.intercept:19; UncaughtExceptionInterceptor.intercept:10; OkHttpExtensionsKt$asObservable$1$requestArbiter$1.request:39
2026/09/02 13:33:19.209495 [sandbox] [grpc-default-executor-11] ERROR tsunagu.grpc.ExtensionServiceImpl - extension call failed: HttpException: HTTP error 404 <- OnNextValue: OnError while emitting onNext value: okhttp3.Response.class @ OkHttpExtensionsKt$asObservable$1$requestArbiter$1.request:41; OkHttpExtensionsKt.asObservable$lambda$0:59; RxCompatKt.awaitSingle:13; ExtensionServiceImpl$getPopularManga$page$2.invokeSuspend:196
2026/09/02 13:33:19.438806 [sandbox] [grpc-default-executor-5] WARN tsunagu.grpc.ExtensionServiceImpl - extension call failed: SocketException: Connection reset @ CloudflareInterceptor.intercept:36; UserAgentInterceptor.intercept:19; UncaughtExceptionInterceptor.intercept:10; OkHttpExtensionsKt$asObservable$1$requestArbiter$1.request:39
2026/09/02 13:33:19.566270 POST /api/graphql 200 2.025764833s
2026/09/02 13:33:19.665406 [sandbox] [grpc-default-executor-6] INFO tsunagu.grpc.ExtensionServiceImpl - extension eu.kanade.tachiyomi.extension.en.batcave has no popular listing, returning empty page
2026/09/02 13:33:19.849102 GET /proxy/cover/781 502 797.890864ms
2026/09/02 13:33:19.966486 POST /api/graphql 200 716.24886ms
2026/09/02 13:33:20.387917 POST /api/graphql 200 1.742231841s
2026/09/02 13:33:20.388049 POST /api/graphql 200 931.302504ms
2026/09/02 13:33:38.676323 [sandbox] [grpc-default-executor-2] WARN tsunagu.grpc.ExtensionServiceImpl - extension call failed: UnknownHostException: aniwaves.ru: Temporary failure in name resolution @ CloudflareInterceptor.intercept:36; UserAgentInterceptor.intercept:21; UncaughtExceptionInterceptor.intercept:10; OkHttpExtensionsKt$asObservable$1$requestArbiter$1.request:39
2026/09/02 13:33:39.496580 [sandbox] [grpc-default-executor-5] WARN tsunagu.grpc.ExtensionServiceImpl - extension call failed: UnknownHostException: animenosub.to: Temporary failure in name resolution @ CloudflareInterceptor.intercept:36; UserAgentInterceptor.intercept:19; UncaughtExceptionInterceptor.intercept:10; OkHttpExtensionsKt$asObservable$1$requestArbiter$1.request:39
2026/09/02 13:37:07.752563 POST /api/graphql 200 2.067394598s
2026/09/02 13:37:11.643026 POST /api/graphql 200 714.18005ms
2026/09/02 13:37:13.938700 POST /api/graphql 200 1.998740485s
2026/09/02 13:37:30.112913 POST /api/graphql 200 510.389115ms
2026/09/02 13:37:51.051781 POST /api/graphql 200 554.122591ms
2026/09/02 13:42:15.535950 POST /api/graphql 200 738.806232ms
2026/09/02 13:42:34.466062 POST /api/graphql 200 573.379632ms
2026/09/02 13:47:14.329598 POST /api/graphql 200 660.128486ms
2026/09/02 13:47:33.176388 POST /api/graphql 200 509.599851ms
2026/09/02 13:47:37.538928 POST /api/graphql 200 1.948269279s
2026/09/02 13:47:57.835408 POST /api/graphql 200 2.192171097s
2026/09/02 13:48:24.326756 GET /content/1371/23898/video/probe 502 15.001347441s
2026/09/02 13:48:29.381604 [sandbox] [grpc-default-executor-22] WARN tsunagu.grpc.ExtensionServiceImpl - extension call failed: UnknownHostException: aniwaves.ru: Temporary failure in name resolution @ CloudflareInterceptor.intercept:36; UserAgentInterceptor.intercept:21; UncaughtExceptionInterceptor.intercept:10; OkHttpExtensionsKt$asObservable$1$requestArbiter$1.request:39
2026/09/02 13:48:29.381666 [sandbox] [grpc-default-executor-20] WARN tsunagu.grpc.ExtensionServiceImpl - extension call failed: UnknownHostException: aniwaves.ru @ CloudflareInterceptor.intercept:36; UserAgentInterceptor.intercept:21; UncaughtExceptionInterceptor.intercept:10; OkHttpExtensionsKt$asObservable$1$requestArbiter$1.request:39
2026/09/02 13:48:29.382096 POST /api/graphql 200 5.051218984s
2026/09/02 13:48:33.117975 POST /api/graphql 200 2.208710527s
2026/09/02 13:50:02.078298 shutting down
2026/09/02 13:54:58.642275 === Tsunagu dev (unknown) starting, pid 1038582 ===
2026/09/02 13:54:58.663356 sandbox: spawning /nix/store/1slz0vmmgsd7p6i4c0jaywkpw56wl2yg-openjdk-21.0.12+8/lib/openjdk/bin/java -cp /home/shozikan/Projects/Manga/Tsunagu/sandbox/build/libs/sandbox-0.1.0-all.jar tsunagu.MainKt (source: JAVA_HOME/PATH)
2026/09/02 13:54:59.011543 [sandbox] [main] INFO eu.kanade.tachiyomi.network.TlsSetup - TLS: Conscrypt provider installed (v2.5.2)
2026/09/02 13:54:59.610815 [sandbox] tsunagu sandbox listening on :50051
2026/09/02 13:55:00.302044 sandbox: ready at localhost:50051
2026/09/02 13:55:03.333127 tsunagu dev listening on [::]:6007
2026/09/02 13:55:03.334686 metadata backfill: 1 unmatched media, working through them (~1m)
2026/09/02 13:55:03.337968 content filter: recomputed 7 media
2026/09/02 13:55:03.480572 metadata: auto search "Overgeared": anilist: 403 Forbidden: {
    "errors": [
        {
            "message": "The AniList API has been temporarily disabled due to severe stability issues.",
            "status": 403,
            "locations": [
              
2026/09/02 13:55:03.728386 tracker poll: reconciled 2 media
2026/09/02 13:55:04.281647 metadata backfill: done -- matched 0/1
2026/09/02 13:55:04.962199 POST /api/graphql 200 624.695531ms
2026/09/02 13:55:07.391816 POST /api/graphql 200 1.986894856s
2026/09/02 13:55:34.670636 POST /api/graphql 200 2.161219258s
2026/09/02 13:56:27.509420 POST /api/graphql 200 535.351791ms
2026/09/02 13:58:38.913616 POST /api/graphql 200 2.189854785s
2026/09/02 14:00:26.317065 POST /api/graphql 200 639.761892ms
2026/09/02 14:04:03.612672 POST /api/graphql 200 670.403614ms
2026/09/02 14:04:41.478221 POST /api/graphql 200 530.129736ms
2026/09/02 14:05:15.771176 POST /api/graphql 200 2.156665706s
2026/09/02 14:08:34.719255 === Tsunagu dev (unknown) starting, pid 12066 ===
2026/09/02 14:08:34.758124 sandbox: spawning /nix/store/1slz0vmmgsd7p6i4c0jaywkpw56wl2yg-openjdk-21.0.12+8/lib/openjdk/bin/java -cp /home/shozikan/Projects/Manga/Tsunagu/sandbox/build/libs/sandbox-0.1.0-all.jar tsunagu.MainKt (source: JAVA_HOME/PATH)
2026/09/02 14:08:35.111670 [sandbox] [main] INFO eu.kanade.tachiyomi.network.TlsSetup - TLS: Conscrypt provider installed (v2.5.2)
2026/09/02 14:08:35.755319 [sandbox] tsunagu sandbox listening on :50051
2026/09/02 14:08:36.363412 sandbox: ready at localhost:50051
2026/09/02 14:08:39.308433 tsunagu dev listening on [::]:6007
2026/09/02 14:08:39.311306 metadata backfill: 1 unmatched media, working through them (~1m)
2026/09/02 14:08:39.315095 content filter: recomputed 7 media
2026/09/02 14:08:39.461400 metadata: auto search "Overgeared": anilist: 403 Forbidden: {
    "errors": [
        {
            "message": "The AniList API has been temporarily disabled due to severe stability issues.",
            "status": 403,
            "locations": [
              
2026/09/02 14:08:39.699351 tracker poll: reconciled 2 media
2026/09/02 14:08:40.262204 metadata backfill: done -- matched 0/1
2026/09/02 14:08:47.070236 POST /api/graphql 200 704.899088ms
2026/09/02 14:08:49.443036 POST /api/graphql 200 2.004817974s
2026/09/02 14:19:04.327808 POST /api/graphql 200 1.135798061s
2026/09/02 14:20:10.355342 POST /api/graphql 200 800.450194ms
2026/09/02 14:20:19.466982 POST /api/graphql 200 1.017677748s
2026/09/02 14:20:28.658853 POST /api/graphql 200 996.843363ms
2026/09/02 14:22:43.345023 POST /api/graphql 200 622.338164ms
2026/09/02 14:22:44.644656 POST /api/graphql 200 931.841591ms
2026/09/02 14:23:07.255824 POST /api/graphql 200 1.38700686s
2026/09/02 14:23:24.009239 POST /api/graphql 200 593.918466ms
2026/09/02 14:23:25.374273 POST /api/graphql 200 942.573144ms
2026/09/02 14:24:17.962566 POST /api/graphql 200 1.180584307s
2026/09/02 14:24:28.437580 POST /api/graphql 200 1.014211093s
2026/09/02 14:24:36.827429 POST /api/graphql 200 1.041225124s
2026/09/02 14:24:46.454255 POST /api/graphql 200 1.043733778s
2026/09/02 14:28:02.058123 POST /api/graphql 200 966.656242ms
2026/09/02 14:28:11.574354 POST /api/graphql 200 987.656792ms
2026/09/02 14:28:21.117939 POST /api/graphql 200 911.630765ms
2026/09/02 14:30:04.953653 POST /api/graphql 200 578.096308ms
2026/09/02 14:30:06.361763 POST /api/graphql 200 982.184344ms
2026/09/02 14:30:14.672942 POST /api/graphql 200 898.868964ms
2026/09/02 14:30:24.293494 POST /api/graphql 200 1.152695663s
2026/09/02 14:33:22.759798 POST /api/graphql 200 582.052338ms
2026/09/02 14:33:24.056604 POST /api/graphql 200 888.146088ms
2026/09/02 14:33:32.039343 POST /api/graphql 200 583.431105ms
2026/09/02 14:33:33.278100 POST /api/graphql 200 827.691475ms
2026/09/02 14:33:43.073837 POST /api/graphql 200 1.0700985s
2026/09/02 14:35:07.782913 shutting down
2026/09/02 15:48:37.040048 === Tsunagu dev (unknown) starting, pid 334974 ===
2026/09/02 15:48:37.055436 sandbox: spawning /nix/store/1slz0vmmgsd7p6i4c0jaywkpw56wl2yg-openjdk-21.0.12+8/lib/openjdk/bin/java -cp /home/shozikan/Projects/Manga/Tsunagu/sandbox/build/libs/sandbox-0.1.0-all.jar tsunagu.MainKt (source: JAVA_HOME/PATH)
2026/09/02 15:48:37.320841 [sandbox] [main] INFO eu.kanade.tachiyomi.network.TlsSetup - TLS: Conscrypt provider installed (v2.5.2)
2026/09/02 15:48:37.771350 [sandbox] tsunagu sandbox listening on :50051
2026/09/02 15:48:38.737403 sandbox: ready at localhost:50051
2026/09/02 15:48:41.608230 tsunagu dev listening on [::]:6007
2026/09/02 15:48:41.610687 metadata backfill: 1 unmatched media, working through them (~1m)
2026/09/02 15:48:41.613479 content filter: recomputed 7 media
2026/09/02 15:48:41.736482 metadata: auto search "Overgeared": anilist: 403 Forbidden: {
    "errors": [
        {
            "message": "The AniList API has been temporarily disabled due to severe stability issues.",
            "status": 403,
            "locations": [
              
2026/09/02 15:48:41.956701 tracker poll: reconciled 2 media
2026/09/02 15:48:42.537337 metadata backfill: done -- matched 0/1
2026/09/02 15:48:54.774420 POST /api/graphql 200 625.644021ms
2026/09/02 15:48:57.067945 POST /api/graphql 200 1.868058356s
2026/09/02 15:49:19.103615 [sandbox] [grpc-default-executor-2] WARN tsunagu.grpc.ExtensionServiceImpl - extension call failed: SocketException: Connection reset @ CloudflareInterceptor.intercept:36; UserAgentInterceptor.intercept:21; UncaughtExceptionInterceptor.intercept:10; OkHttpExtensionsKt$asObservable$1$requestArbiter$1.request:39
2026/09/02 15:49:19.158498 [sandbox] [grpc-default-executor-3] WARN tsunagu.grpc.ExtensionServiceImpl - extension call failed: SocketException: Connection reset @ CloudflareInterceptor.intercept:36; UserAgentInterceptor.intercept:21; UncaughtExceptionInterceptor.intercept:10; OkHttpExtensionsKt$asObservable$1$requestArbiter$1.request:39
2026/09/02 15:49:19.208647 [sandbox] [grpc-default-executor-2] WARN tsunagu.grpc.ExtensionServiceImpl - extension call failed: SocketException: Connection reset @ CloudflareInterceptor.intercept:36; UserAgentInterceptor.intercept:21; UncaughtExceptionInterceptor.intercept:10; OkHttpExtensionsKt$asObservable$1$requestArbiter$1.request:39
2026/09/02 15:49:19.306920 [sandbox] [grpc-default-executor-3] WARN tsunagu.grpc.ExtensionServiceImpl - extension call failed: SocketException: Connection reset @ CloudflareInterceptor.intercept:36; UserAgentInterceptor.intercept:19; UncaughtExceptionInterceptor.intercept:10; OkHttpExtensionsKt$asObservable$1$requestArbiter$1.request:39
2026/09/02 15:49:19.317462 [sandbox] [grpc-default-executor-3] INFO tsunagu.grpc.ExtensionServiceImpl - extension eu.kanade.tachiyomi.extension.en.batcave has no popular listing, returning empty page
2026/09/02 15:49:19.329407 [sandbox] [grpc-default-executor-2] WARN tsunagu.grpc.ExtensionServiceImpl - extension call failed: SocketException: Connection reset @ CloudflareInterceptor.intercept:36; UserAgentInterceptor.intercept:19; UncaughtExceptionInterceptor.intercept:10; OkHttpExtensionsKt$asObservable$1$requestArbiter$1.request:39
2026/09/02 15:49:19.439007 [sandbox] [grpc-default-executor-2] WARN tsunagu.grpc.ExtensionServiceImpl - extension call failed: SocketException: Connection reset @ d.intercept:-1; CloudflareInterceptor.intercept:36; UserAgentInterceptor.intercept:21; UncaughtExceptionInterceptor.intercept:10
2026/09/02 15:49:19.454701 [sandbox] [grpc-default-executor-2] INFO tsunagu.grpc.ExtensionServiceImpl - extension eu.kanade.tachiyomi.extension.all.mangafire has no popular listing, returning empty page
2026/09/02 15:49:19.509219 POST /api/graphql 200 830.238927ms
2026/09/02 15:49:19.510206 POST /api/graphql 200 831.091404ms
2026/09/02 15:49:19.934804 POST /api/graphql 200 611.78981ms
2026/09/02 15:49:19.986549 POST /api/graphql 200 525.636994ms
2026/09/02 15:49:20.092537 POST /api/graphql 200 562.938046ms
2026/09/02 15:49:20.203500 [sandbox] [grpc-default-executor-1] INFO tsunagu.grpc.ExtensionServiceImpl - extension eu.kanade.tachiyomi.extension.en.weebcentral has no popular listing, returning empty page
2026/09/02 15:49:20.667862 POST /api/graphql 200 564.668645ms
2026/09/02 15:50:27.436170 POST /api/graphql 200 2.043594009s
2026/09/02 15:50:28.012751 POST /api/graphql 200 1.896380948s
2026/09/02 15:50:29.934564 POST /api/graphql 200 1.854173697s
2026/09/02 15:50:51.336050 POST /api/graphql 200 661.650335ms
2026/09/02 15:50:53.571485 POST /api/graphql 200 1.893051613s
2026/09/02 15:51:09.885534 POST /api/graphql 200 950.547162ms
2026/09/02 15:52:05.381069 shutting down
2026/09/02 15:54:19.112710 === Tsunagu dev (unknown) starting, pid 362217 ===
2026/09/02 15:54:19.142105 sandbox: spawning /nix/store/1slz0vmmgsd7p6i4c0jaywkpw56wl2yg-openjdk-21.0.12+8/lib/openjdk/bin/java -cp /home/shozikan/Projects/Manga/Tsunagu/sandbox/build/libs/sandbox-0.1.0-all.jar tsunagu.MainKt (source: JAVA_HOME/PATH)
2026/09/02 15:54:19.456141 [sandbox] [main] INFO eu.kanade.tachiyomi.network.TlsSetup - TLS: Conscrypt provider installed (v2.5.2)
2026/09/02 15:54:19.911927 [sandbox] tsunagu sandbox listening on :50051
2026/09/02 15:54:20.814503 sandbox: ready at localhost:50051
2026/09/02 15:54:23.779132 tsunagu dev listening on [::]:6007
2026/09/02 15:54:23.781131 metadata backfill: 1 unmatched media, working through them (~1m)
2026/09/02 15:54:23.783145 content filter: recomputed 7 media
2026/09/02 15:54:23.881011 metadata: auto search "Overgeared": anilist: 403 Forbidden: {
    "errors": [
        {
            "message": "The AniList API has been temporarily disabled due to severe stability issues.",
            "status": 403,
            "locations": [
              
2026/09/02 15:54:24.114513 tracker poll: reconciled 2 media
2026/09/02 15:54:24.681403 metadata backfill: done -- matched 0/1
2026/09/02 15:54:26.160978 POST /api/graphql 200 611.650127ms
2026/09/02 15:54:28.536482 POST /api/graphql 200 1.930377691s
2026/09/02 15:56:23.462191 POST /api/graphql 200 1.381706687s
2026/09/02 15:56:40.370073 POST /api/graphql 200 508.548879ms
2026/09/02 15:57:00.165874 POST /api/graphql 200 553.011641ms
2026/09/02 15:57:21.363863 POST /api/graphql 200 1.53893967s
2026/09/02 15:57:38.463571 POST /api/graphql 200 519.588523ms
2026/09/02 15:57:47.702874 POST /api/graphql 200 1.869210301s
2026/09/02 15:58:00.327670 POST /api/graphql 200 1.860309732s
2026/09/02 15:59:33.656799 POST /api/graphql 200 2.052547964s
2026/09/02 20:37:19.626856 sandbox: idle for 15m0s, reaping process
2026/09/02 21:45:25.754562 shutting down
2026/09/02 21:45:28.374166 === Tsunagu dev (unknown) starting, pid 736864 ===
2026/09/02 21:45:28.403211 sandbox: spawning /nix/store/1slz0vmmgsd7p6i4c0jaywkpw56wl2yg-openjdk-21.0.12+8/lib/openjdk/bin/java -cp /home/shozikan/Projects/Manga/Tsunagu/sandbox/build/libs/sandbox-0.1.0-all.jar tsunagu.MainKt (source: JAVA_HOME/PATH)
2026/09/02 21:45:28.698643 [sandbox] [main] INFO eu.kanade.tachiyomi.network.TlsSetup - TLS: Conscrypt provider installed (v2.5.2)
2026/09/02 21:45:29.285822 [sandbox] tsunagu sandbox listening on :50051
2026/09/02 21:45:29.471449 sandbox: ready at localhost:50051
2026/09/02 21:45:32.272681 tsunagu dev listening on [::]:6007
2026/09/02 21:45:32.274208 metadata backfill: 1 unmatched media, working through them (~1m)
2026/09/02 21:45:32.278407 content filter: recomputed 7 media
2026/09/02 21:45:32.653429 tracker poll: reconciled 2 media
2026/09/02 21:45:32.977833 POST /api/graphql 200 684.924844ms
2026/09/02 21:45:33.289805 metadata backfill: done -- matched 0/1
2026/09/02 21:45:35.262401 POST /api/graphql 200 1.894009761s
2026/09/02 21:46:15.662821 POST /api/graphql 200 2.084826666s
2026/09/02 21:53:11.588480 POST /api/graphql 200 811.694501ms
2026/09/02 21:53:13.653864 POST /api/graphql 200 1.827301745s
2026/09/02 21:53:29.705003 POST /api/graphql 200 1.845406948s
2026/09/02 21:53:47.438581 POST /api/graphql 200 1.85370375s
2026/09/02 21:54:01.871691 POST /api/graphql 200 701.181925ms
2026/09/02 21:54:02.057302 POST /api/graphql 200 886.634003ms
2026/09/02 21:54:02.432621 POST /api/graphql 200 557.398886ms
2026/09/02 21:54:02.986516 POST /api/graphql 200 1.815988343s
2026/09/02 21:54:02.986973 POST /api/graphql 200 551.470052ms
2026/09/02 21:54:02.987145 POST /api/graphql 200 759.21139ms
2026/09/02 21:54:03.065420 [sandbox] [grpc-default-executor-9] ERROR tsunagu.grpc.ExtensionServiceImpl - extension call failed: HttpException: HTTP error 404 <- OnNextValue: OnError while emitting onNext value: okhttp3.Response.class @ OkHttpExtensionsKt$asObservable$1$requestArbiter$1.request:41; OkHttpExtensionsKt.asObservable$lambda$0:59; RxCompatKt.awaitSingle:13; ExtensionServiceImpl$getPopularManga$page$2.invokeSuspend:196
2026/09/02 21:54:04.380542 POST /api/graphql 200 538.56793ms
2026/09/02 21:54:05.855683 POST /api/graphql 200 1.020853825s
2026/09/02 21:54:05.952889 [sandbox] [grpc-default-executor-6] ERROR tsunagu.grpc.ExtensionServiceImpl - extension call failed: HttpException: HTTP error 404 <- OnNextValue: OnError while emitting onNext value: okhttp3.Response.class @ OkHttpExtensionsKt$asObservable$1$requestArbiter$1.request:41; OkHttpExtensionsKt.asObservable$lambda$0:59; RxCompatKt.awaitSingle:13; ExtensionServiceImpl$getPopularManga$page$2.invokeSuspend:196
2026/09/02 21:54:06.017833 [sandbox] [grpc-default-executor-8] INFO tsunagu.grpc.ExtensionServiceImpl - extension eu.kanade.tachiyomi.extension.en.batcave has no popular listing, returning empty page
2026/09/02 21:54:06.285021 [sandbox] [grpc-default-executor-9] INFO tsunagu.grpc.ExtensionServiceImpl - extension eu.kanade.tachiyomi.extension.all.mangafire has no popular listing, returning empty page
2026/09/02 21:54:06.526368 POST /api/graphql 200 581.502876ms
2026/09/02 21:54:06.526432 POST /api/graphql 200 501.090148ms
2026/09/02 21:54:08.437301 POST /api/graphql 200 1.907457729s
2026/09/02 21:54:09.424583 POST /api/graphql 200 1.84013584s
2026/09/02 21:55:33.001152 POST /api/graphql 200 641.923058ms
2026/09/02 21:56:10.730678 POST /api/graphql 200 512.568485ms
2026/09/02 21:56:22.373623 POST /api/graphql 200 1.974156321s
2026/09/02 21:57:34.543371 POST /api/graphql 200 634.281916ms
2026/09/02 21:57:36.748614 POST /api/graphql 200 1.840718236s
2026/09/02 21:57:52.334443 POST /api/graphql 200 554.39366ms
2026/09/02 21:57:54.602509 POST /api/graphql 200 1.829570627s
2026/09/02 21:58:11.520892 POST /api/graphql 200 624.810272ms
2026/09/02 21:58:13.738390 POST /api/graphql 200 1.846042742s
2026/09/02 22:02:43.672729 POST /api/graphql 200 519.818889ms
2026/09/02 22:02:45.053663 POST /api/graphql 200 885.163189ms
2026/09/02 22:04:33.280493 POST /api/graphql 200 643.776207ms
2026/09/02 22:04:34.629834 POST /api/graphql 200 932.454341ms
2026/09/02 22:04:58.638248 POST /api/graphql 200 523.354762ms
2026/09/02 22:04:58.925588 POST /api/graphql 200 809.477377ms
2026/09/02 22:04:59.397549 POST /api/graphql 200 562.381586ms
2026/09/02 22:05:00.049571 [sandbox] [grpc-default-executor-14] ERROR tsunagu.grpc.ExtensionServiceImpl - extension call failed: HttpException: HTTP error 404 <- OnNextValue: OnError while emitting onNext value: okhttp3.Response.class @ OkHttpExtensionsKt$asObservable$1$requestArbiter$1.request:41; OkHttpExtensionsKt.asObservable$lambda$0:59; RxCompatKt.awaitSingle:13; ExtensionServiceImpl$getPopularManga$page$2.invokeSuspend:196
2026/09/02 22:05:00.050405 POST /api/graphql 200 832.328195ms
2026/09/02 22:05:00.055799 [sandbox] [grpc-default-executor-14] INFO tsunagu.grpc.ExtensionServiceImpl - extension eu.kanade.tachiyomi.extension.en.batcave has no popular listing, returning empty page
2026/09/02 22:05:00.108562 POST /api/graphql 200 670.592992ms
2026/09/02 22:05:00.586969 POST /api/graphql 200 845.870948ms
2026/09/02 22:05:00.712297 POST /api/graphql 200 2.597262038s
2026/09/02 22:05:00.712470 POST /api/graphql 200 600.66236ms
2026/09/02 22:05:04.654179 POST /api/graphql 200 1.365075466s
2026/09/02 22:06:01.073528 POST /api/graphql 200 591.138832ms
2026/09/02 22:07:17.020784 POST /api/graphql 200 530.632138ms
2026/09/02 22:14:02.225307 POST /api/graphql 200 1.264129067s
2026/09/02 22:14:06.856487 POST /api/graphql 200 1.362650478s
2026/09/02 22:20:15.363445 shutting down
2026/09/02 22:20:19.758109 === Tsunagu dev (unknown) starting, pid 856985 ===
2026/09/02 22:20:19.775305 sandbox: spawning /nix/store/1slz0vmmgsd7p6i4c0jaywkpw56wl2yg-openjdk-21.0.12+8/lib/openjdk/bin/java -cp /home/shozikan/Projects/Manga/Tsunagu/sandbox/build/libs/sandbox-0.1.0-all.jar tsunagu.MainKt (source: JAVA_HOME/PATH)
2026/09/02 22:20:19.941617 [sandbox] [main] INFO eu.kanade.tachiyomi.network.TlsSetup - TLS: Conscrypt provider installed (v2.5.2)
2026/09/02 22:20:20.277423 [sandbox] tsunagu sandbox listening on :50051
2026/09/02 22:20:20.733059 sandbox: ready at localhost:50051
2026/09/02 22:20:22.486347 tsunagu dev listening on [::]:6007
2026/09/02 22:20:22.487257 metadata backfill: 1 unmatched media, working through them (~1m)
2026/09/02 22:20:22.488773 content filter: recomputed 6 media
2026/09/02 22:20:22.844024 tracker poll: reconciled 2 media
2026/09/02 22:20:23.511488 metadata backfill: done -- matched 0/1
2026/09/02 22:20:24.130415 POST /api/graphql 200 638.32736ms
2026/09/02 22:20:25.785680 POST /api/graphql 200 1.249502721s
2026/09/02 22:21:25.046960 POST /api/graphql 200 592.86357ms
2026/09/02 22:21:27.143529 POST /api/graphql 200 832.746457ms
2026/09/02 22:31:54.715999 POST /api/graphql 200 807.263021ms
2026/09/02 22:31:56.231540 POST /api/graphql 200 1.245421576s
2026/09/02 22:32:06.782096 POST /api/graphql 200 1.349792423s
2026/09/02 22:32:08.694971 POST /api/graphql 200 772.411026ms
2026/09/02 22:32:13.253914 POST /api/graphql 200 1.223940788s
2026/09/02 22:37:26.835452 POST /api/graphql 200 704.091456ms
2026/09/02 22:37:28.071021 POST /api/graphql 200 882.347285ms
2026/09/02 22:37:46.566437 [sandbox] [grpc-default-executor-4] ERROR tsunagu.grpc.ExtensionServiceImpl - extension call failed: HttpException: HTTP error 404 <- OnNextValue: OnError while emitting onNext value: okhttp3.Response.class @ OkHttpExtensionsKt$asObservable$1$requestArbiter$1.request:41; OkHttpExtensionsKt.asObservable$lambda$0:59; RxCompatKt.awaitSingle:13; ExtensionServiceImpl$getPopularManga$page$2.invokeSuspend:196
2026/09/02 22:37:46.868304 POST /api/graphql 200 1.705734214s
2026/09/02 22:37:46.901530 POST /api/graphql 200 1.738776507s
2026/09/02 22:37:47.267421 POST /api/graphql 200 667.345392ms
2026/09/02 22:37:47.756040 [sandbox] [grpc-default-executor-4] INFO tsunagu.grpc.ExtensionServiceImpl - extension eu.kanade.tachiyomi.extension.en.batcave has no popular listing, returning empty page
2026/09/02 22:37:48.224838 POST /api/graphql 200 876.633723ms
2026/09/02 22:37:48.281519 POST /api/graphql 200 3.118821414s
2026/09/02 22:37:48.360416 POST /api/graphql 200 1.48163831s
2026/09/02 22:37:48.624255 POST /api/graphql 200 864.106273ms
2026/09/02 22:37:48.698795 [sandbox] [grpc-default-executor-5] INFO tsunagu.grpc.ExtensionServiceImpl - extension eu.kanade.tachiyomi.extension.all.mangafire has no popular listing, returning empty page
2026/09/02 22:37:49.040314 POST /api/graphql 200 754.512923ms
2026/09/02 22:37:49.045942 [sandbox] [grpc-default-executor-3] INFO tsunagu.grpc.ExtensionServiceImpl - extension eu.kanade.tachiyomi.extension.en.weebcentral has no popular listing, returning empty page
2026/09/02 22:37:49.282002 POST /api/graphql 200 580.032055ms
2026/09/02 22:37:49.315462 POST /api/graphql 200 686.896299ms
2026/09/02 22:37:49.765380 POST /api/graphql 200 1.39991732s
2026/09/02 22:37:51.324712 POST /api/graphql 200 509.458669ms
2026/09/02 22:37:51.345441 POST /api/graphql 200 530.144674ms
2026/09/02 22:37:51.446459 POST /api/graphql 200 631.324202ms
2026/09/02 22:37:51.621636 [sandbox] [grpc-default-executor-8] ERROR tsunagu.grpc.ExtensionServiceImpl - extension call failed: HttpException: HTTP error 404 <- OnNextValue: OnError while emitting onNext value: okhttp3.Response.class @ OkHttpExtensionsKt$asObservable$1$requestArbiter$1.request:41; OkHttpExtensionsKt.asObservable$lambda$0:59; RxCompatKt.awaitSingle:13; AnimeCatalogueSource.getSearchAnime$suspendImpl:26
2026/09/02 22:37:51.622285 POST /api/graphql 200 807.119663ms
2026/09/02 22:37:51.726743 [sandbox] [grpc-default-executor-4] WARN tsunagu.grpc.ExtensionServiceImpl - extension call failed: IOException: Open in WebView to bypass site protection <- IOException: Open in WebView to bypass site protection @ x.a:-1; UserAgentInterceptor.intercept:21; UncaughtExceptionInterceptor.intercept:10
2026/09/02 22:37:51.727506 POST /api/graphql 200 542.022405ms
2026/09/02 22:37:51.739934 [sandbox] E/BatCave: Failed to fetch filter data
java.io.IOException: Open in WebView to bypass site protection
	at keiyoushi.a.b.a(Unknown Source)
	at keiyoushi.a.b.a(Unknown Source)
	at eu.kanade.tachiyomi.a.a.a.a.a(Unknown Source)
	at eu.kanade.tachiyomi.a.a.a.a.a(Unknown Source)
	at keiyoushi.source.f.invokeSuspend(Unknown Source)
	at kotlin.coroutines.jvm.internal.BaseContinuationImpl.resumeWith(ContinuationImpl.kt:34)
	at kotlinx.coroutines.DispatchedTask.run(DispatchedTask.kt:100)
	at kotlinx.coroutines.internal.LimitedDispatcher$Worker.run(LimitedDispatcher.kt:124)
	at kotlinx.coroutines.scheduling.TaskImpl.run(Tasks.kt:89)
	at kotlinx.coroutines.scheduling.CoroutineScheduler.runSafely(CoroutineScheduler.kt:586)
	at kotlinx.coroutines.scheduling.CoroutineScheduler$Worker.executeTask(CoroutineScheduler.kt:798)
	at kotlinx.coroutines.scheduling.CoroutineScheduler$Worker.runWorker(CoroutineScheduler.kt:717)
	at kotlinx.coroutines.scheduling.CoroutineScheduler$Worker.run(CoroutineScheduler.kt:704)
Caused by: java.io.IOException: Open in WebView to bypass site protection
	at eu.kanade.tachiyomi.a.a.a.x.a(Unknown Source)
	at okhttp3.internal.http.RealInterceptorChain.proceed(RealInterceptorChain.kt:332)
	at eu.kanade.tachiyomi.network.interceptor.UserAgentInterceptor.intercept(UserAgentInterceptor.kt:21)
	at okhttp3.internal.http.RealInterceptorChain.proceed(RealInterceptorChain.kt:332)
	at eu.kanade.tachiyomi.network.interceptor.UncaughtExceptionInterceptor.intercept(UncaughtExceptionInterceptor.kt:10)
	at okhttp3.internal.http.RealInterceptorChain.proceed(RealInterceptorChain.kt:332)
	at okhttp3.internal.connection.RealCall.getResponseWithInterceptorChain$okhttp(RealCall.kt:234)
	at okhttp3.internal.connection.RealCall$AsyncCall.run(RealCall.kt:582)
	at java.base/java.util.concurrent.ThreadPoolExecutor.runWorker(ThreadPoolExecutor.java:1144)
	at java.base/java.util.concurrent.ThreadPoolExecutor$Worker.run(ThreadPoolExecutor.java:642)
	at java.base/java.lang.Thread.run(Thread.java:1583)

2026/09/02 22:37:52.708192 GET /proxy/cover/1962 502 55.457577ms
2026/09/02 22:37:53.919511 POST /api/graphql 200 3.10441422s
2026/09/02 22:37:54.318032 GET /proxy/cover/1962 502 53.442653ms
2026/09/02 22:37:55.107399 sync: caching cover for entry 1962 failed: rpc error: code = Internal desc = java.lang.IllegalStateException: extension eu.kanade.tachiyomi.animeextension.en.animegg is not an HttpSource
2026/09/02 22:37:56.488787 POST /api/graphql 200 527.958458ms
2026/09/02 22:37:57.129842 POST /api/graphql 200 2.896472037s
2026/09/02 22:38:00.794242 POST /api/graphql 200 1.532703218s
2026/09/02 22:38:12.169620 POST /api/graphql 200 1.419492591s
2026/09/02 22:38:14.144506 POST /api/graphql 200 703.265291ms
2026/09/02 22:38:23.228087 POST /api/graphql 200 1.142251113s
2026/09/02 22:38:25.910190 POST /api/graphql 200 794.361645ms
2026/09/02 22:38:25.925366 POST /api/graphql 200 809.304174ms
2026/09/02 22:38:26.003493 POST /api/graphql 200 887.518304ms
2026/09/02 22:38:26.270511 [sandbox] [grpc-default-executor-8] ERROR tsunagu.grpc.ExtensionServiceImpl - extension call failed: HttpException: HTTP error 404 <- OnNextValue: OnError while emitting onNext value: okhttp3.Response.class @ OkHttpExtensionsKt$asObservable$1$requestArbiter$1.request:41; OkHttpExtensionsKt.asObservable$lambda$0:59; RxCompatKt.awaitSingle:13; ExtensionServiceImpl$getPopularManga$page$2.invokeSuspend:196
2026/09/02 22:38:29.050229 GET /proxy/cover/781 502 165.32822ms
2026/09/02 22:38:29.054980 [sandbox] [grpc-default-executor-5] ERROR tsunagu.grpc.ExtensionServiceImpl - extension call failed: HttpException: HTTP error 404 <- OnNextValue: OnError while emitting onNext value: okhttp3.Response.class @ OkHttpExtensionsKt$asObservable$1$requestArbiter$1.request:41; OkHttpExtensionsKt.asObservable$lambda$0:59; RxCompatKt.awaitSingle:13; ExtensionServiceImpl$getPopularManga$page$2.invokeSuspend:196
2026/09/02 22:39:23.163362 POST /api/graphql 200 504.969256ms
2026/09/02 22:39:24.493249 POST /api/graphql 200 836.172992ms
2026/09/02 22:39:33.993563 POST /api/graphql 200 953.794295ms
2026/09/02 22:53:43.228195 shutting down
2026/09/02 22:53:46.005167 === Tsunagu dev (unknown) starting, pid 971024 ===
2026/09/02 22:53:46.022704 sandbox: spawning /nix/store/1slz0vmmgsd7p6i4c0jaywkpw56wl2yg-openjdk-21.0.12+8/lib/openjdk/bin/java -cp /home/shozikan/Projects/Manga/Tsunagu/sandbox/build/libs/sandbox-0.1.0-all.jar tsunagu.MainKt (source: JAVA_HOME/PATH)
2026/09/02 22:53:46.276985 [sandbox] [main] INFO eu.kanade.tachiyomi.network.TlsSetup - TLS: Conscrypt provider installed (v2.5.2)
2026/09/02 22:53:46.751196 [sandbox] tsunagu sandbox listening on :50051
2026/09/02 22:53:46.987768 sandbox: ready at localhost:50051
2026/09/02 22:53:49.167696 tsunagu dev listening on [::]:6007
2026/09/02 22:53:49.170265 metadata backfill: 1 unmatched media, working through them (~1m)
2026/09/02 22:53:49.172030 content filter: recomputed 5 media
2026/09/02 22:53:49.585663 tracker poll: reconciled 2 media
2026/09/02 22:53:50.217669 metadata backfill: done -- matched 0/1
2026/09/02 22:53:53.331865 POST /api/graphql 200 649.263942ms
2026/09/02 22:53:54.663616 POST /api/graphql 200 969.099947ms
2026/09/02 23:00:20.349989 POST /api/graphql 200 754.693781ms
2026/09/02 23:00:21.510749 POST /api/graphql 200 822.133415ms
2026/09/02 23:00:42.736762 POST /api/graphql 200 591.375205ms
2026/09/02 23:00:42.973190 POST /api/graphql 200 827.701005ms
2026/09/02 23:00:43.006737 POST /api/graphql 200 861.205252ms
2026/09/02 23:00:43.544297 POST /api/graphql 200 566.936338ms
2026/09/02 23:00:43.790711 POST /api/graphql 200 1.64514784s
2026/09/02 23:00:43.949665 [sandbox] [grpc-default-executor-3] ERROR tsunagu.grpc.ExtensionServiceImpl - extension call failed: HttpException: HTTP error 404 <- OnNextValue: OnError while emitting onNext value: okhttp3.Response.class @ OkHttpExtensionsKt$asObservable$1$requestArbiter$1.request:41; OkHttpExtensionsKt.asObservable$lambda$0:59; RxCompatKt.awaitSingle:13; ExtensionServiceImpl$getPopularManga$page$2.invokeSuspend:196
2026/09/02 23:00:43.951640 POST /api/graphql 200 889.299568ms
2026/09/02 23:00:44.104100 POST /api/graphql 200 556.781479ms
2026/09/02 23:00:44.116159 POST /api/graphql 200 677.448377ms
2026/09/02 23:00:44.130140 [sandbox] [grpc-default-executor-2] INFO tsunagu.grpc.ExtensionServiceImpl - extension eu.kanade.tachiyomi.extension.en.batcave has no popular listing, returning empty page
2026/09/02 23:00:44.555967 POST /api/graphql 200 571.59349ms
2026/09/02 23:00:44.649214 POST /api/graphql 200 515.118545ms
2026/09/02 23:00:44.671645 [sandbox] [grpc-default-executor-5] INFO tsunagu.grpc.ExtensionServiceImpl - extension eu.kanade.tachiyomi.extension.all.mangafire has no popular listing, returning empty page
2026/09/02 23:00:44.686459 POST /api/graphql 200 563.487428ms
2026/09/02 23:00:44.730480 [sandbox] [grpc-default-executor-2] INFO tsunagu.grpc.ExtensionServiceImpl - extension eu.kanade.tachiyomi.extension.en.weebcentral has no popular listing, returning empty page
2026/09/02 23:00:45.321176 POST /api/graphql 200 595.04989ms
2026/09/02 23:00:45.998764 POST /api/graphql 200 672.179883ms
2026/09/02 23:00:52.289145 [sandbox] [grpc-default-executor-2] ERROR tsunagu.grpc.ExtensionServiceImpl - extension call failed: HttpException: HTTP error 404 <- OnNextValue: OnError while emitting onNext value: okhttp3.Response.class @ OkHttpExtensionsKt$asObservable$1$requestArbiter$1.request:41; OkHttpExtensionsKt.asObservable$lambda$0:59; RxCompatKt.awaitSingle:13; AnimeCatalogueSource.getSearchAnime$suspendImpl:26
2026/09/02 23:00:52.577716 POST /api/graphql 200 578.399696ms
2026/09/02 23:00:52.777194 POST /api/graphql 200 778.269097ms
2026/09/02 23:00:52.777385 [sandbox] [grpc-default-executor-5] WARN tsunagu.grpc.ExtensionServiceImpl - extension call failed: IOException: Open in WebView to bypass site protection <- IOException: Open in WebView to bypass site protection @ x.a:-1; UserAgentInterceptor.intercept:21; UncaughtExceptionInterceptor.intercept:10
2026/09/02 23:00:52.778242 POST /api/graphql 200 529.457798ms
2026/09/02 23:00:52.778852 [sandbox] E/BatCave: Failed to fetch filter data
java.io.IOException: Open in WebView to bypass site protection
	at keiyoushi.a.b.a(Unknown Source)
	at keiyoushi.a.b.a(Unknown Source)
	at eu.kanade.tachiyomi.a.a.a.a.a(Unknown Source)
	at eu.kanade.tachiyomi.a.a.a.a.a(Unknown Source)
	at keiyoushi.source.f.invokeSuspend(Unknown Source)
	at kotlin.coroutines.jvm.internal.BaseContinuationImpl.resumeWith(ContinuationImpl.kt:34)
	at kotlinx.coroutines.DispatchedTask.run(DispatchedTask.kt:100)
	at kotlinx.coroutines.internal.LimitedDispatcher$Worker.run(LimitedDispatcher.kt:124)
	at kotlinx.coroutines.scheduling.TaskImpl.run(Tasks.kt:89)
	at kotlinx.coroutines.scheduling.CoroutineScheduler.runSafely(CoroutineScheduler.kt:586)
	at kotlinx.coroutines.scheduling.CoroutineScheduler$Worker.executeTask(CoroutineScheduler.kt:798)
	at kotlinx.coroutines.scheduling.CoroutineScheduler$Worker.runWorker(CoroutineScheduler.kt:717)
	at kotlinx.coroutines.scheduling.CoroutineScheduler$Worker.run(CoroutineScheduler.kt:704)
Caused by: java.io.IOException: Open in WebView to bypass site protection
	at eu.kanade.tachiyomi.a.a.a.x.a(Unknown Source)
	at okhttp3.internal.http.RealInterceptorChain.proceed(RealInterceptorChain.kt:332)
	at eu.kanade.tachiyomi.network.interceptor.UserAgentInterceptor.intercept(UserAgentInterceptor.kt:21)
	at okhttp3.internal.http.RealInterceptorChain.proceed(RealInterceptorChain.kt:332)
	at eu.kanade.tachiyomi.network.interceptor.UncaughtExceptionInterceptor.intercept(UncaughtExceptionInterceptor.kt:10)
	at okhttp3.internal.http.RealInterceptorChain.proceed(RealInterceptorChain.kt:332)
	at okhttp3.internal.connection.RealCall.getResponseWithInterceptorChain$okhttp(RealCall.kt:234)
	at okhttp3.internal.connection.RealCall$AsyncCall.run(RealCall.kt:582)
	at java.base/java.util.concurrent.ThreadPoolExecutor.runWorker(ThreadPoolExecutor.java:1144)
	at java.base/java.util.concurrent.ThreadPoolExecutor$Worker.run(ThreadPoolExecutor.java:642)
	at java.base/java.lang.Thread.run(Thread.java:1583)

2026/09/02 23:00:59.141400 POST /api/graphql 200 1.196570044s
2026/09/02 23:01:06.446573 POST /api/graphql 200 1.22717813s
2026/09/02 23:01:08.442554 POST /api/graphql 200 540.19456ms
2026/09/02 23:01:17.506713 POST /api/graphql 200 597.18896ms
2026/09/02 23:01:17.518787 POST /api/graphql 200 609.230787ms
2026/09/02 23:01:18.042846 POST /api/graphql 200 511.393274ms
2026/09/02 23:01:18.445473 [sandbox] [grpc-default-executor-4] INFO tsunagu.grpc.ExtensionServiceImpl - extension eu.kanade.tachiyomi.extension.en.batcave has no popular listing, returning empty page
2026/09/02 23:01:18.448991 [sandbox] [grpc-default-executor-2] ERROR tsunagu.grpc.ExtensionServiceImpl - extension call failed: HttpException: HTTP error 404 <- OnNextValue: OnError while emitting onNext value: okhttp3.Response.class @ OkHttpExtensionsKt$asObservable$1$requestArbiter$1.request:41; OkHttpExtensionsKt.asObservable$lambda$0:59; RxCompatKt.awaitSingle:13; ExtensionServiceImpl$getPopularManga$page$2.invokeSuspend:196
2026/09/02 23:01:18.449618 POST /api/graphql 200 918.258147ms
2026/09/02 23:01:18.476804 POST /api/graphql 200 618.351541ms
2026/09/02 23:01:18.498837 POST /api/graphql 200 510.612138ms
2026/09/02 23:01:23.806345 POST /api/graphql 200 1.231623408s
2026/09/02 23:01:32.160358 shutting down
2026/09/02 23:03:49.100141 === Tsunagu dev (unknown) starting, pid 1006036 ===
2026/09/02 23:03:49.116286 sandbox: spawning /nix/store/1slz0vmmgsd7p6i4c0jaywkpw56wl2yg-openjdk-21.0.12+8/lib/openjdk/bin/java -cp /home/shozikan/Projects/Manga/Tsunagu/sandbox/build/libs/sandbox-0.1.0-all.jar tsunagu.MainKt (source: JAVA_HOME/PATH)
2026/09/02 23:03:49.375766 [sandbox] [main] INFO eu.kanade.tachiyomi.network.TlsSetup - TLS: Conscrypt provider installed (v2.5.2)
2026/09/02 23:03:49.842554 [sandbox] tsunagu sandbox listening on :50051
2026/09/02 23:03:50.102036 sandbox: ready at localhost:50051
2026/09/02 23:03:53.014606 tsunagu dev listening on [::]:6007
2026/09/02 23:03:53.016354 metadata backfill: 1 unmatched media, working through them (~1m)
2026/09/02 23:03:53.018355 content filter: recomputed 6 media
2026/09/02 23:03:53.368053 tracker poll: reconciled 2 media
2026/09/02 23:03:54.063979 metadata backfill: done -- matched 0/1
2026/09/02 23:04:01.521082 POST /api/graphql 200 584.350627ms
2026/09/02 23:04:03.082657 POST /api/graphql 200 1.086904582s
2026/09/02 23:05:45.509016 POST /api/graphql 200 1.502098186s
2026/09/02 23:05:46.840254 GET /proxy/cover/781 502 168.717804ms
2026/09/02 23:05:46.841723 GET /proxy/cover/839 502 167.261122ms
2026/09/02 23:05:46.845208 GET /proxy/cover/847 502 166.333086ms
2026/09/02 23:05:46.916112 POST /api/graphql 200 771.151981ms
2026/09/02 23:05:47.491618 POST /api/graphql 200 554.420624ms
2026/09/02 23:05:47.557274 [sandbox] [grpc-default-executor-2] ERROR tsunagu.grpc.ExtensionServiceImpl - extension call failed: HttpException: HTTP error 404 <- OnNextValue: OnError while emitting onNext value: okhttp3.Response.class @ OkHttpExtensionsKt$asObservable$1$requestArbiter$1.request:41; OkHttpExtensionsKt.asObservable$lambda$0:59; RxCompatKt.awaitSingle:13; ExtensionServiceImpl$getPopularManga$page$2.invokeSuspend:196
2026/09/02 23:05:47.558962 POST /api/graphql 200 922.296594ms
2026/09/02 23:05:47.911756 POST /api/graphql 200 1.766690395s
2026/09/02 23:05:47.928757 POST /api/graphql 200 511.001871ms
2026/09/02 23:05:47.934698 [sandbox] [grpc-default-executor-5] INFO tsunagu.grpc.ExtensionServiceImpl - extension eu.kanade.tachiyomi.extension.en.batcave has no popular listing, returning empty page
2026/09/02 23:05:48.042087 POST /api/graphql 200 547.682137ms
2026/09/02 23:05:48.164933 POST /api/graphql 200 602.582997ms
2026/09/02 23:05:48.528262 [sandbox] [grpc-default-executor-3] INFO tsunagu.grpc.ExtensionServiceImpl - extension eu.kanade.tachiyomi.extension.all.mangafire has no popular listing, returning empty page
2026/09/02 23:05:48.653975 [sandbox] [grpc-default-executor-2] INFO tsunagu.grpc.ExtensionServiceImpl - extension eu.kanade.tachiyomi.extension.en.weebcentral has no popular listing, returning empty page
2026/09/02 23:05:48.741938 POST /api/graphql 200 804.336526ms
2026/09/02 23:06:09.330497 POST /api/graphql 200 534.417108ms
2026/09/02 23:06:09.363876 POST /api/graphql 200 569.271403ms
2026/09/02 23:06:09.494685 POST /api/graphql 200 698.550717ms
2026/09/02 23:06:09.586962 [sandbox] [grpc-default-executor-6] ERROR tsunagu.grpc.ExtensionServiceImpl - extension call failed: HttpException: HTTP error 404 <- OnNextValue: OnError while emitting onNext value: okhttp3.Response.class @ OkHttpExtensionsKt$asObservable$1$requestArbiter$1.request:41; OkHttpExtensionsKt.asObservable$lambda$0:59; RxCompatKt.awaitSingle:13; AnimeCatalogueSource.getSearchAnime$suspendImpl:26
2026/09/02 23:06:09.587828 POST /api/graphql 200 791.815838ms
2026/09/02 23:06:09.643495 [sandbox] [grpc-default-executor-4] WARN tsunagu.grpc.ExtensionServiceImpl - extension call failed: IOException: Open in WebView to bypass site protection <- IOException: Open in WebView to bypass site protection @ x.a:-1; UserAgentInterceptor.intercept:21; UncaughtExceptionInterceptor.intercept:10
2026/09/02 23:06:09.644749 POST /api/graphql 200 560.435404ms
2026/09/02 23:06:09.653899 [sandbox] E/BatCave: Failed to fetch filter data
java.io.IOException: Open in WebView to bypass site protection
	at keiyoushi.a.b.a(Unknown Source)
	at keiyoushi.a.b.a(Unknown Source)
	at eu.kanade.tachiyomi.a.a.a.a.a(Unknown Source)
	at eu.kanade.tachiyomi.a.a.a.a.a(Unknown Source)
	at keiyoushi.source.f.invokeSuspend(Unknown Source)
	at kotlin.coroutines.jvm.internal.BaseContinuationImpl.resumeWith(ContinuationImpl.kt:34)
	at kotlinx.coroutines.DispatchedTask.run(DispatchedTask.kt:100)
	at kotlinx.coroutines.internal.LimitedDispatcher$Worker.run(LimitedDispatcher.kt:124)
	at kotlinx.coroutines.scheduling.TaskImpl.run(Tasks.kt:89)
	at kotlinx.coroutines.scheduling.CoroutineScheduler.runSafely(CoroutineScheduler.kt:586)
	at kotlinx.coroutines.scheduling.CoroutineScheduler$Worker.executeTask(CoroutineScheduler.kt:798)
	at kotlinx.coroutines.scheduling.CoroutineScheduler$Worker.runWorker(CoroutineScheduler.kt:717)
	at kotlinx.coroutines.scheduling.CoroutineScheduler$Worker.run(CoroutineScheduler.kt:704)
Caused by: java.io.IOException: Open in WebView to bypass site protection
	at eu.kanade.tachiyomi.a.a.a.x.a(Unknown Source)
	at okhttp3.internal.http.RealInterceptorChain.proceed(RealInterceptorChain.kt:332)
	at eu.kanade.tachiyomi.network.interceptor.UserAgentInterceptor.intercept(UserAgentInterceptor.kt:21)
	at okhttp3.internal.http.RealInterceptorChain.proceed(RealInterceptorChain.kt:332)
	at eu.kanade.tachiyomi.network.interceptor.UncaughtExceptionInterceptor.intercept(UncaughtExceptionInterceptor.kt:10)
	at okhttp3.internal.http.RealInterceptorChain.proceed(RealInterceptorChain.kt:332)
	at okhttp3.internal.connection.RealCall.getResponseWithInterceptorChain$okhttp(RealCall.kt:234)
	at okhttp3.internal.connection.RealCall$AsyncCall.run(RealCall.kt:582)
	at java.base/java.util.concurrent.ThreadPoolExecutor.runWorker(ThreadPoolExecutor.java:1144)
	at java.base/java.util.concurrent.ThreadPoolExecutor$Worker.run(ThreadPoolExecutor.java:642)
	at java.base/java.lang.Thread.run(Thread.java:1583)

2026/09/02 23:06:17.995980 POST /api/graphql 200 1.825311736s
2026/09/02 23:06:25.490951 POST /api/graphql 200 704.186773ms
2026/09/02 23:06:25.529304 POST /api/graphql 200 742.503303ms
2026/09/02 23:06:26.281098 POST /api/graphql 200 614.824666ms
2026/09/02 23:06:26.285882 [sandbox] [grpc-default-executor-7] INFO tsunagu.grpc.ExtensionServiceImpl - extension eu.kanade.tachiyomi.extension.en.batcave has no popular listing, returning empty page
2026/09/02 23:06:26.295069 [sandbox] [grpc-default-executor-2] ERROR tsunagu.grpc.ExtensionServiceImpl - extension call failed: HttpException: HTTP error 404 <- OnNextValue: OnError while emitting onNext value: okhttp3.Response.class @ OkHttpExtensionsKt$asObservable$1$requestArbiter$1.request:41; OkHttpExtensionsKt.asObservable$lambda$0:59; RxCompatKt.awaitSingle:13; ExtensionServiceImpl$getPopularManga$page$2.invokeSuspend:196
2026/09/02 23:06:26.295693 POST /api/graphql 200 776.570098ms
2026/09/02 23:06:26.384113 POST /api/graphql 200 539.146061ms
2026/09/02 23:06:26.471091 [sandbox] [grpc-default-executor-4] INFO tsunagu.grpc.ExtensionServiceImpl - extension eu.kanade.tachiyomi.extension.all.mangafire has no popular listing, returning empty page
2026/09/02 23:06:26.850877 [sandbox] [grpc-default-executor-4] INFO tsunagu.grpc.ExtensionServiceImpl - extension eu.kanade.tachiyomi.extension.en.weebcentral has no popular listing, returning empty page
2026/09/02 23:06:26.879178 POST /api/graphql 200 580.741973ms
2026/09/02 23:06:29.758073 [sandbox] [grpc-default-executor-7] INFO tsunagu.grpc.ExtensionServiceImpl - extension eu.kanade.tachiyomi.extension.all.mangafire has no popular listing, returning empty page
2026/09/02 23:06:29.758191 [sandbox] [grpc-default-executor-6] INFO tsunagu.grpc.ExtensionServiceImpl - extension eu.kanade.tachiyomi.extension.en.batcave has no popular listing, returning empty page
2026/09/02 23:06:29.769966 [sandbox] [grpc-default-executor-6] INFO tsunagu.grpc.ExtensionServiceImpl - extension eu.kanade.tachiyomi.extension.en.weebcentral has no popular listing, returning empty page
2026/09/02 23:06:36.281753 [sandbox] [grpc-default-executor-2] WARN tsunagu.grpc.ExtensionServiceImpl - extension call failed: IOException: Open in WebView to bypass site protection <- IOException: Open in WebView to bypass site protection @ x.a:-1; UserAgentInterceptor.intercept:21; UncaughtExceptionInterceptor.intercept:10
2026/09/02 23:06:36.320073 [sandbox] E/BatCave: Failed to fetch filter data
java.io.IOException: Open in WebView to bypass site protection
	at keiyoushi.a.b.a(Unknown Source)
	at keiyoushi.a.b.a(Unknown Source)
	at eu.kanade.tachiyomi.a.a.a.a.a(Unknown Source)
	at eu.kanade.tachiyomi.a.a.a.a.a(Unknown Source)
	at keiyoushi.source.f.invokeSuspend(Unknown Source)
	at kotlin.coroutines.jvm.internal.BaseContinuationImpl.resumeWith(ContinuationImpl.kt:34)
	at kotlinx.coroutines.DispatchedTask.run(DispatchedTask.kt:100)
	at kotlinx.coroutines.internal.LimitedDispatcher$Worker.run(LimitedDispatcher.kt:124)
	at kotlinx.coroutines.scheduling.TaskImpl.run(Tasks.kt:89)
	at kotlinx.coroutines.scheduling.CoroutineScheduler.runSafely(CoroutineScheduler.kt:586)
	at kotlinx.coroutines.scheduling.CoroutineScheduler$Worker.executeTask(CoroutineScheduler.kt:798)
	at kotlinx.coroutines.scheduling.CoroutineScheduler$Worker.runWorker(CoroutineScheduler.kt:717)
	at kotlinx.coroutines.scheduling.CoroutineScheduler$Worker.run(CoroutineScheduler.kt:704)
Caused by: java.io.IOException: Open in WebView to bypass site protection
	at eu.kanade.tachiyomi.a.a.a.x.a(Unknown Source)
	at okhttp3.internal.http.RealInterceptorChain.proceed(RealInterceptorChain.kt:332)
	at eu.kanade.tachiyomi.network.interceptor.UserAgentInterceptor.intercept(UserAgentInterceptor.kt:21)
	at okhttp3.internal.http.RealInterceptorChain.proceed(RealInterceptorChain.kt:332)
	at eu.kanade.tachiyomi.network.interceptor.UncaughtExceptionInterceptor.intercept(UncaughtExceptionInterceptor.kt:10)
	at okhttp3.internal.http.RealInterceptorChain.proceed(RealInterceptorChain.kt:332)
	at okhttp3.internal.connection.RealCall.getResponseWithInterceptorChain$okhttp(RealCall.kt:234)
	at okhttp3.internal.connection.RealCall$AsyncCall.run(RealCall.kt:582)
	at java.base/java.util.concurrent.ThreadPoolExecutor.runWorker(ThreadPoolExecutor.java:1144)
	at java.base/java.util.concurrent.ThreadPoolExecutor$Worker.run(ThreadPoolExecutor.java:642)
	at java.base/java.lang.Thread.run(Thread.java:1583)

2026/09/02 23:06:46.307183 [sandbox] E/BatCave: Failed to fetch filter data
java.io.IOException: Open in WebView to bypass site protection
	at keiyoushi.a.b.a(Unknown Source)
	at keiyoushi.a.b.a(Unknown Source)
	at eu.kanade.tachiyomi.a.a.a.a.a(Unknown Source)
	at eu.kanade.tachiyomi.a.a.a.a.a(Unknown Source)
	at keiyoushi.source.f.invokeSuspend(Unknown Source)
	at kotlin.coroutines.jvm.internal.BaseContinuationImpl.resumeWith(ContinuationImpl.kt:34)
	at kotlinx.coroutines.DispatchedTask.run(DispatchedTask.kt:100)
	at kotlinx.coroutines.internal.LimitedDispatcher$Worker.run(LimitedDispatcher.kt:124)
	at kotlinx.coroutines.scheduling.TaskImpl.run(Tasks.kt:89)
	at kotlinx.coroutines.scheduling.CoroutineScheduler.runSafely(CoroutineScheduler.kt:586)
	at kotlinx.coroutines.scheduling.CoroutineScheduler$Worker.executeTask(CoroutineScheduler.kt:798)
	at kotlinx.coroutines.scheduling.CoroutineScheduler$Worker.runWorker(CoroutineScheduler.kt:717)
	at kotlinx.coroutines.scheduling.CoroutineScheduler$Worker.run(CoroutineScheduler.kt:704)
Caused by: java.io.IOException: Open in WebView to bypass site protection
	at eu.kanade.tachiyomi.a.a.a.x.a(Unknown Source)
	at okhttp3.internal.http.RealInterceptorChain.proceed(RealInterceptorChain.kt:332)
	at eu.kanade.tachiyomi.network.interceptor.UserAgentInterceptor.intercept(UserAgentInterceptor.kt:21)
	at okhttp3.internal.http.RealInterceptorChain.proceed(RealInterceptorChain.kt:332)
	at eu.kanade.tachiyomi.network.interceptor.UncaughtExceptionInterceptor.intercept(UncaughtExceptionInterceptor.kt:10)
	at okhttp3.internal.http.RealInterceptorChain.proceed(RealInterceptorChain.kt:332)
	at okhttp3.internal.connection.RealCall.getResponseWithInterceptorChain$okhttp(RealCall.kt:234)
	at okhttp3.internal.connection.RealCall$AsyncCall.run(RealCall.kt:582)
	at java.base/java.util.concurrent.ThreadPoolExecutor.runWorker(ThreadPoolExecutor.java:1144)
	at java.base/java.util.concurrent.ThreadPoolExecutor$Worker.run(ThreadPoolExecutor.java:642)
	at java.base/java.lang.Thread.run(Thread.java:1583)

2026/09/02 23:06:46.329647 [sandbox] [grpc-default-executor-2] WARN tsunagu.grpc.ExtensionServiceImpl - extension call failed: IOException: Open in WebView to bypass site protection <- IOException: Open in WebView to bypass site protection @ x.a:-1; UserAgentInterceptor.intercept:21; UncaughtExceptionInterceptor.intercept:10
2026/09/02 23:08:29.358306 [sandbox] [grpc-default-executor-8] WARN tsunagu.grpc.ExtensionServiceImpl - extension call failed: IOException: Open in WebView to bypass site protection <- IOException: Open in WebView to bypass site protection @ x.a:-1; UserAgentInterceptor.intercept:21; UncaughtExceptionInterceptor.intercept:10
2026/09/02 23:08:48.878019 POST /api/graphql 200 1.226241972s
2026/09/02 23:09:22.745986 POST /api/graphql 200 830.451483ms
2026/09/02 23:09:23.966225 POST /api/graphql 200 1.209152629s
2026/09/02 23:09:33.888144 POST /api/graphql 200 508.53461ms
2026/09/02 23:09:35.231334 POST /api/graphql 200 1.332401804s
2026/09/02 23:10:02.573967 POST /api/graphql 200 1.518330597s
2026/09/02 23:10:02.878492 POST /api/graphql 200 1.160891847s
2026/09/02 23:10:04.178908 POST /api/graphql 200 613.834887ms
2026/09/02 23:10:04.381058 GET /proxy/cover/839 502 310.849038ms
2026/09/02 23:10:04.381088 GET /proxy/cover/781 502 311.541312ms
2026/09/02 23:10:04.382266 GET /proxy/cover/847 502 311.755152ms
2026/09/02 23:10:04.461786 POST /api/graphql 200 896.607874ms
2026/09/02 23:10:04.987655 [sandbox] [grpc-default-executor-14] ERROR tsunagu.grpc.ExtensionServiceImpl - extension call failed: HttpException: HTTP error 404 <- OnNextValue: OnError while emitting onNext value: okhttp3.Response.class @ OkHttpExtensionsKt$asObservable$1$requestArbiter$1.request:41; OkHttpExtensionsKt.asObservable$lambda$0:59; RxCompatKt.awaitSingle:13; ExtensionServiceImpl$getPopularManga$page$2.invokeSuspend:196
2026/09/02 23:10:04.988278 POST /api/graphql 200 1.023790163s
2026/09/02 23:10:05.021540 POST /api/graphql 200 541.944583ms
2026/09/02 23:10:05.074099 [sandbox] [grpc-default-executor-11] INFO tsunagu.grpc.ExtensionServiceImpl - extension eu.kanade.tachiyomi.extension.en.batcave has no popular listing, returning empty page
2026/09/02 23:10:05.503408 POST /api/graphql 200 680.186195ms
2026/09/02 23:10:05.507517 [sandbox] [grpc-default-executor-12] INFO tsunagu.grpc.ExtensionServiceImpl - extension eu.kanade.tachiyomi.extension.all.mangafire has no popular listing, returning empty page
2026/09/02 23:10:05.512350 POST /api/graphql 200 521.114896ms
2026/09/02 23:10:05.988653 [sandbox] [grpc-default-executor-12] INFO tsunagu.grpc.ExtensionServiceImpl - extension eu.kanade.tachiyomi.extension.en.weebcentral has no popular listing, returning empty page
2026/09/02 23:10:06.221265 POST /api/graphql 200 682.3695ms
2026/09/02 23:10:06.250693 POST /api/graphql 200 775.061631ms
2026/09/02 23:10:17.309925 POST /api/graphql 200 1.422906874s
2026/09/02 23:10:47.992729 POST /api/graphql 200 724.651544ms
2026/09/02 23:10:53.135032 POST /api/graphql 200 599.155515ms
2026/09/02 23:11:39.150532 POST /api/graphql 200 1.751336037s
2026/09/02 23:11:58.158741 [sandbox] [grpc-default-executor-16] ERROR tsunagu.grpc.ExtensionServiceImpl - load extensions failed
2026/09/02 23:11:58.158837 [sandbox] java.lang.reflect.InvocationTargetException
2026/09/02 23:11:58.158966 [sandbox] 	at java.base/jdk.internal.reflect.DirectConstructorHandleAccessor.newInstance(DirectConstructorHandleAccessor.java:74)
2026/09/02 23:11:58.159053 [sandbox] 	at java.base/java.lang.reflect.Constructor.newInstanceWithCaller(Constructor.java:502)
	at java.base/java.lang.reflect.Constructor.newInstance(Constructor.java:486)
	at tsunagu.loader.ExtensionLoader.load(ExtensionLoader.kt:96)
	at tsunagu.registry.ExtensionRegistry.load(ExtensionRegistry.kt:59)
	at tsunagu.registry.ExtensionRegistry.install(ExtensionRegistry.kt:95)
	at tsunagu.grpc.ExtensionServiceImpl.loadExtensions(ExtensionServiceImpl.kt:74)
2026/09/02 23:11:58.159069 [sandbox] 	at sandbox.v1.ExtensionServiceGrpc$MethodHandlers.invoke(ExtensionServiceGrpc.java:1078)
2026/09/02 23:11:58.159082 [sandbox] 	at io.grpc.stub.ServerCalls$UnaryServerCallHandler$UnaryServerCallListener.onHalfClose(ServerCalls.java:182)
2026/09/02 23:11:58.159101 [sandbox] 	at io.grpc.internal.ServerCallImpl$ServerStreamListenerImpl.halfClosed(ServerCallImpl.java:356)
2026/09/02 23:11:58.159122 [sandbox] 	at io.grpc.internal.ServerImpl$JumpToApplicationThreadServerStreamListener$1HalfClosed.runInContext(ServerImpl.java:861)
2026/09/02 23:11:58.159130 [sandbox] 	at io.grpc.internal.ContextRunnable.run(ContextRunnable.java:37)
2026/09/02 23:11:58.159149 [sandbox] 	at io.grpc.internal.SerializingExecutor.run(SerializingExecutor.java:133)
2026/09/02 23:11:58.159161 [sandbox] 	at java.base/java.util.concurrent.ThreadPoolExecutor.runWorker(ThreadPoolExecutor.java:1144)
2026/09/02 23:11:58.159186 [sandbox] 	at java.base/java.util.concurrent.ThreadPoolExecutor$Worker.run(ThreadPoolExecutor.java:642)
2026/09/02 23:11:58.159194 [sandbox] 	at java.base/java.lang.Thread.run(Thread.java:1583)
2026/09/02 23:11:58.159269 [sandbox] Caused by: java.lang.NoClassDefFoundError: android/util/LruCache
2026/09/02 23:11:58.159284 [sandbox] 	at eu.kanade.tachiyomi.a.a.a.c.<init>(Unknown Source)
2026/09/02 23:11:58.159293 [sandbox] 	at keiyoushi.source.Generated.<init>(Unknown Source)
2026/09/02 23:11:58.159306 [sandbox] 	at java.base/jdk.internal.reflect.DirectConstructorHandleAccessor.newInstance(DirectConstructorHandleAccessor.java:62)
2026/09/02 23:11:58.159340 [sandbox] 	... 15 more
2026/09/02 23:11:58.159401 [sandbox] Caused by: java.lang.ClassNotFoundException: android.util.LruCache
2026/09/02 23:11:58.159418 [sandbox] 	at java.base/java.net.URLClassLoader.findClass(URLClassLoader.java:445)
2026/09/02 23:11:58.159433 [sandbox] 	at java.base/java.lang.ClassLoader.loadClass(ClassLoader.java:593)
2026/09/02 23:11:58.159449 [sandbox] 	at tsunagu.loader.ChildFirstURLClassLoader.loadClass(ChildFirstURLClassLoader.kt:33)
2026/09/02 23:11:58.159462 [sandbox] 	at java.base/java.lang.ClassLoader.loadClass(ClassLoader.java:526)
2026/09/02 23:11:58.159473 [sandbox] 	... 18 more
2026/09/02 23:11:59.965083 POST /api/graphql 200 1.795536311s
2026/09/02 23:14:15.604360 POST /api/graphql 200 756.728871ms
2026/09/02 23:14:17.004361 POST /api/graphql 200 1.164726953s
2026/09/02 23:14:20.881549 POST /api/graphql 200 1.048525031s
2026/09/02 23:14:25.624619 POST /api/graphql 200 546.62885ms
2026/09/02 23:14:27.068966 POST /api/graphql 200 1.006937441s
2026/09/02 23:20:36.762289 POST /api/graphql 200 693.447464ms
2026/09/02 23:20:38.228689 POST /api/graphql 200 1.127745657s
2026/09/02 23:21:37.587645 download: job 2 (chapter 22792) failed: fetching page list: rpc error: code = Unknown desc = Application error processing RPC
2026/09/02 23:21:37.587666 [sandbox] Exception in thread "grpc-default-executor-17" java.lang.NoClassDefFoundError: com/google/common/base/Throwables
	at io.grpc.internal.ServerCallImpl$ServerStreamListenerImpl.messagesAvailableInternal(ServerCallImpl.java:343)
2026/09/02 23:21:37.587865 [sandbox] 	at io.grpc.internal.ServerCallImpl$ServerStreamListenerImpl.messagesAvailable(ServerCallImpl.java:319)
	at io.grpc.internal.ServerImpl$JumpToApplicationThreadServerStreamListener$1MessagesAvailable.runInContext(ServerImpl.java:834)
	at io.grpc.internal.ContextRunnable.run(ContextRunnable.java:37)
	at io.grpc.internal.SerializingExecutor.run(SerializingExecutor.java:133)
	at java.base/java.util.concurrent.ThreadPoolExecutor.runWorker(ThreadPoolExecutor.java:1144)
	at java.base/java.util.concurrent.ThreadPoolExecutor$Worker.run(ThreadPoolExecutor.java:642)
	at java.base/java.lang.Thread.run(Thread.java:1583)
Caused by: java.lang.ClassNotFoundException: com.google.common.base.Throwables
	at java.base/jdk.internal.loader.BuiltinClassLoader.loadClass(BuiltinClassLoader.java:641)
2026/09/02 23:21:37.587921 [sandbox] 	at java.base/jdk.internal.loader.ClassLoaders$AppClassLoader.loadClass(ClassLoaders.java:188)
	at java.base/java.lang.ClassLoader.loadClass(ClassLoader.java:526)
	... 8 more
2026/09/02 23:21:37.626888 download: job 3 (chapter 22793) failed: fetching page list: rpc error: code = Unknown desc = Application error processing RPC
2026/09/02 23:21:37.627336 [sandbox] Exception in thread "grpc-default-executor-18" java.lang.NoClassDefFoundError: com/google/common/base/Throwables
	at io.grpc.internal.ServerCallImpl$ServerStreamListenerImpl.messagesAvailableInternal(ServerCallImpl.java:343)
	at io.grpc.internal.ServerCallImpl$ServerStreamListenerImpl.messagesAvailable(ServerCallImpl.java:319)
	at io.grpc.internal.ServerImpl$JumpToApplicationThreadServerStreamListener$1MessagesAvailable.runInContext(ServerImpl.java:834)
	at io.grpc.internal.ContextRunnable.run(ContextRunnable.java:37)
	at io.grpc.internal.SerializingExecutor.run(SerializingExecutor.java:133)
	at java.base/java.util.concurrent.ThreadPoolExecutor.runWorker(ThreadPoolExecutor.java:1144)
	at java.base/java.util.concurrent.ThreadPoolExecutor$Worker.run(ThreadPoolExecutor.java:642)
	at java.base/java.lang.Thread.run(Thread.java:1583)
2026/09/02 23:21:37.627443 [sandbox] Caused by: java.lang.ClassNotFoundException: com.google.common.base.Throwables
	... 8 more
2026/09/02 23:21:37.669378 download: job 4 (chapter 22794) failed: fetching page list: rpc error: code = Unknown desc = Application error processing RPC
2026/09/02 23:21:37.669488 [sandbox] Exception in thread "grpc-default-executor-20" 
2026/09/02 23:21:37.669550 [sandbox] java.lang.NoClassDefFoundError: com/google/common/base/Throwables
2026/09/02 23:21:37.669574 [sandbox] 	at io.grpc.internal.ServerCallImpl$ServerStreamListenerImpl.messagesAvailableInternal(ServerCallImpl.java:343)
2026/09/02 23:21:37.669590 [sandbox] 	at io.grpc.internal.ServerCallImpl$ServerStreamListenerImpl.messagesAvailable(ServerCallImpl.java:319)
2026/09/02 23:21:37.669606 [sandbox] 	at io.grpc.internal.ServerImpl$JumpToApplicationThreadServerStreamListener$1MessagesAvailable.runInContext(ServerImpl.java:834)
2026/09/02 23:21:37.669634 [sandbox] 	at io.grpc.internal.ContextRunnable.run(ContextRunnable.java:37)
2026/09/02 23:21:37.669643 [sandbox] 	at io.grpc.internal.SerializingExecutor.run(SerializingExecutor.java:133)
2026/09/02 23:21:37.669662 [sandbox] 	at java.base/java.util.concurrent.ThreadPoolExecutor.runWorker(ThreadPoolExecutor.java:1144)
2026/09/02 23:21:37.669671 [sandbox] 	at java.base/java.util.concurrent.ThreadPoolExecutor$Worker.run(ThreadPoolExecutor.java:642)
2026/09/02 23:21:37.669688 [sandbox] 	at java.base/java.lang.Thread.run(Thread.java:1583)
2026/09/02 23:21:37.669730 [sandbox] Caused by: java.lang.ClassNotFoundException: com.google.common.base.Throwables
2026/09/02 23:21:37.669743 [sandbox] 	... 8 more
2026/09/02 23:21:37.711743 download: job 5 (chapter 22795) failed: fetching page list: rpc error: code = Unknown desc = Application error processing RPC
2026/09/02 23:21:37.711871 [sandbox] Exception in thread "grpc-default-executor-21" 
2026/09/02 23:21:37.711915 [sandbox] java.lang.NoClassDefFoundError: com/google/common/base/Throwables
2026/09/02 23:21:37.711953 [sandbox] 	at io.grpc.internal.ServerCallImpl$ServerStreamListenerImpl.messagesAvailableInternal(ServerCallImpl.java:343)
2026/09/02 23:21:37.711971 [sandbox] 	at io.grpc.internal.ServerCallImpl$ServerStreamListenerImpl.messagesAvailable(ServerCallImpl.java:319)
2026/09/02 23:21:37.711995 [sandbox] 	at io.grpc.internal.ServerImpl$JumpToApplicationThreadServerStreamListener$1MessagesAvailable.runInContext(ServerImpl.java:834)
2026/09/02 23:21:37.712013 [sandbox] 	at io.grpc.internal.ContextRunnable.run(ContextRunnable.java:37)
2026/09/02 23:21:37.712031 [sandbox] 	at io.grpc.internal.SerializingExecutor.run(SerializingExecutor.java:133)
2026/09/02 23:21:37.712037 [sandbox] 	at java.base/java.util.concurrent.ThreadPoolExecutor.runWorker(ThreadPoolExecutor.java:1144)
2026/09/02 23:21:37.712056 [sandbox] 	at java.base/java.util.concurrent.ThreadPoolExecutor$Worker.run(ThreadPoolExecutor.java:642)
2026/09/02 23:21:37.712065 [sandbox] 	at java.base/java.lang.Thread.run(Thread.java:1583)
2026/09/02 23:21:37.712113 [sandbox] Caused by: java.lang.ClassNotFoundException: com.google.common.base.Throwables
2026/09/02 23:21:37.712124 [sandbox] 	... 8 more
2026/09/02 23:21:37.754374 download: job 6 (chapter 22796) failed: fetching page list: rpc error: code = Unknown desc = Application error processing RPC
2026/09/02 23:21:37.754468 [sandbox] Exception in thread "grpc-default-executor-22" 
2026/09/02 23:21:37.754501 [sandbox] java.lang.NoClassDefFoundError: com/google/common/base/Throwables
2026/09/02 23:21:37.754620 [sandbox] 	at io.grpc.internal.ServerCallImpl$ServerStreamListenerImpl.messagesAvailableInternal(ServerCallImpl.java:343)
	at io.grpc.internal.ServerCallImpl$ServerStreamListenerImpl.messagesAvailable(ServerCallImpl.java:319)
2026/09/02 23:21:37.754671 [sandbox] 	at io.grpc.internal.ServerImpl$JumpToApplicationThreadServerStreamListener$1MessagesAvailable.runInContext(ServerImpl.java:834)
	at io.grpc.internal.ContextRunnable.run(ContextRunnable.java:37)
	at io.grpc.internal.SerializingExecutor.run(SerializingExecutor.java:133)
	at java.base/java.util.concurrent.ThreadPoolExecutor.runWorker(ThreadPoolExecutor.java:1144)
2026/09/02 23:21:37.754690 [sandbox] 	at java.base/java.util.concurrent.ThreadPoolExecutor$Worker.run(ThreadPoolExecutor.java:642)
	at java.base/java.lang.Thread.run(Thread.java:1583)
2026/09/02 23:21:37.754735 [sandbox] Caused by: java.lang.ClassNotFoundException: com.google.common.base.Throwables
2026/09/02 23:21:37.754746 [sandbox] 	... 8 more
2026/09/02 23:21:37.797636 download: job 7 (chapter 22797) failed: fetching page list: rpc error: code = Unknown desc = Application error processing RPC
2026/09/02 23:21:37.797775 [sandbox] Exception in thread "grpc-default-executor-23" 
2026/09/02 23:21:37.797840 [sandbox] java.lang.NoClassDefFoundError: com/google/common/base/Throwables
2026/09/02 23:21:37.797907 [sandbox] 	at io.grpc.internal.ServerCallImpl$ServerStreamListenerImpl.messagesAvailableInternal(ServerCallImpl.java:343)
2026/09/02 23:21:37.797916 [sandbox] 	at io.grpc.internal.ServerCallImpl$ServerStreamListenerImpl.messagesAvailable(ServerCallImpl.java:319)
2026/09/02 23:21:37.797934 [sandbox] 	at io.grpc.internal.ServerImpl$JumpToApplicationThreadServerStreamListener$1MessagesAvailable.runInContext(ServerImpl.java:834)
2026/09/02 23:21:37.797945 [sandbox] 	at io.grpc.internal.ContextRunnable.run(ContextRunnable.java:37)
2026/09/02 23:21:37.797953 [sandbox] 	at io.grpc.internal.SerializingExecutor.run(SerializingExecutor.java:133)
2026/09/02 23:21:37.797971 [sandbox] 	at java.base/java.util.concurrent.ThreadPoolExecutor.runWorker(ThreadPoolExecutor.java:1144)
2026/09/02 23:21:37.797981 [sandbox] 	at java.base/java.util.concurrent.ThreadPoolExecutor$Worker.run(ThreadPoolExecutor.java:642)
2026/09/02 23:21:37.798007 [sandbox] 	at java.base/java.lang.Thread.run(Thread.java:1583)
2026/09/02 23:21:37.798048 [sandbox] Caused by: java.lang.ClassNotFoundException: com.google.common.base.Throwables
2026/09/02 23:21:37.798059 [sandbox] 	... 8 more
2026/09/02 23:21:37.839901 download: job 8 (chapter 22798) failed: fetching page list: rpc error: code = Unknown desc = Application error processing RPC
2026/09/02 23:21:37.839968 [sandbox] Exception in thread "grpc-default-executor-24" 
2026/09/02 23:21:37.840023 [sandbox] java.lang.NoClassDefFoundError: com/google/common/base/Throwables
2026/09/02 23:21:37.840101 [sandbox] 	at io.grpc.internal.ServerCallImpl$ServerStreamListenerImpl.messagesAvailableInternal(ServerCallImpl.java:343)
	at io.grpc.internal.ServerCallImpl$ServerStreamListenerImpl.messagesAvailable(ServerCallImpl.java:319)
2026/09/02 23:21:37.840131 [sandbox] 	at io.grpc.internal.ServerImpl$JumpToApplicationThreadServerStreamListener$1MessagesAvailable.runInContext(ServerImpl.java:834)
	at io.grpc.internal.ContextRunnable.run(ContextRunnable.java:37)
	at io.grpc.internal.SerializingExecutor.run(SerializingExecutor.java:133)
2026/09/02 23:21:37.840156 [sandbox] 	at java.base/java.util.concurrent.ThreadPoolExecutor.runWorker(ThreadPoolExecutor.java:1144)
	at java.base/java.util.concurrent.ThreadPoolExecutor$Worker.run(ThreadPoolExecutor.java:642)
2026/09/02 23:21:37.840169 [sandbox] 	at java.base/java.lang.Thread.run(Thread.java:1583)
2026/09/02 23:21:37.840227 [sandbox] Caused by: java.lang.ClassNotFoundException: com.google.common.base.Throwables
	... 8 more
2026/09/02 23:21:37.881878 download: job 9 (chapter 22799) failed: fetching page list: rpc error: code = Unknown desc = Application error processing RPC
2026/09/02 23:21:37.882145 [sandbox] Exception in thread "grpc-default-executor-25" 
2026/09/02 23:21:37.882228 [sandbox] java.lang.NoClassDefFoundError: com/google/common/base/Throwables
	at io.grpc.internal.ServerCallImpl$ServerStreamListenerImpl.messagesAvailableInternal(ServerCallImpl.java:343)
	at io.grpc.internal.ServerCallImpl$ServerStreamListenerImpl.messagesAvailable(ServerCallImpl.java:319)
	at io.grpc.internal.ServerImpl$JumpToApplicationThreadServerStreamListener$1MessagesAvailable.runInContext(ServerImpl.java:834)
2026/09/02 23:21:37.882244 [sandbox] 	at io.grpc.internal.ContextRunnable.run(ContextRunnable.java:37)
2026/09/02 23:21:37.882253 [sandbox] 	at io.grpc.internal.SerializingExecutor.run(SerializingExecutor.java:133)
2026/09/02 23:21:37.882263 [sandbox] 	at java.base/java.util.concurrent.ThreadPoolExecutor.runWorker(ThreadPoolExecutor.java:1144)
2026/09/02 23:21:37.882273 [sandbox] 	at java.base/java.util.concurrent.ThreadPoolExecutor$Worker.run(ThreadPoolExecutor.java:642)
2026/09/02 23:21:37.882296 [sandbox] 	at java.base/java.lang.Thread.run(Thread.java:1583)
2026/09/02 23:21:37.882344 [sandbox] Caused by: java.lang.ClassNotFoundException: com.google.common.base.Throwables
	... 8 more
2026/09/02 23:21:37.925529 download: job 10 (chapter 22800) failed: fetching page list: rpc error: code = Unknown desc = Application error processing RPC
2026/09/02 23:21:37.925723 [sandbox] Exception in thread "grpc-default-executor-26" 
2026/09/02 23:21:37.925791 [sandbox] java.lang.NoClassDefFoundError: com/google/common/base/Throwables
2026/09/02 23:21:37.925810 [sandbox] 	at io.grpc.internal.ServerCallImpl$ServerStreamListenerImpl.messagesAvailableInternal(ServerCallImpl.java:343)
2026/09/02 23:21:37.925818 [sandbox] 	at io.grpc.internal.ServerCallImpl$ServerStreamListenerImpl.messagesAvailable(ServerCallImpl.java:319)
2026/09/02 23:21:37.925837 [sandbox] 	at io.grpc.internal.ServerImpl$JumpToApplicationThreadServerStreamListener$1MessagesAvailable.runInContext(ServerImpl.java:834)
2026/09/02 23:21:37.925845 [sandbox] 	at io.grpc.internal.ContextRunnable.run(ContextRunnable.java:37)
2026/09/02 23:21:37.925852 [sandbox] 	at io.grpc.internal.SerializingExecutor.run(SerializingExecutor.java:133)
2026/09/02 23:21:37.925864 [sandbox] 	at java.base/java.util.concurrent.ThreadPoolExecutor.runWorker(ThreadPoolExecutor.java:1144)
2026/09/02 23:21:37.925873 [sandbox] 	at java.base/java.util.concurrent.ThreadPoolExecutor$Worker.run(ThreadPoolExecutor.java:642)
2026/09/02 23:21:37.925883 [sandbox] 	at java.base/java.lang.Thread.run(Thread.java:1583)
2026/09/02 23:21:37.925932 [sandbox] Caused by: java.lang.ClassNotFoundException: com.google.common.base.Throwables
	... 8 more
2026/09/02 23:21:37.968580 download: job 11 (chapter 22801) failed: fetching page list: rpc error: code = Unknown desc = Application error processing RPC
2026/09/02 23:21:37.968761 [sandbox] Exception in thread "grpc-default-executor-27" 
2026/09/02 23:21:37.968814 [sandbox] java.lang.NoClassDefFoundError: com/google/common/base/Throwables
2026/09/02 23:21:37.968833 [sandbox] 	at io.grpc.internal.ServerCallImpl$ServerStreamListenerImpl.messagesAvailableInternal(ServerCallImpl.java:343)
2026/09/02 23:21:37.968842 [sandbox] 	at io.grpc.internal.ServerCallImpl$ServerStreamListenerImpl.messagesAvailable(ServerCallImpl.java:319)
2026/09/02 23:21:37.968852 [sandbox] 	at io.grpc.internal.ServerImpl$JumpToApplicationThreadServerStreamListener$1MessagesAvailable.runInContext(ServerImpl.java:834)
2026/09/02 23:21:37.968859 [sandbox] 	at io.grpc.internal.ContextRunnable.run(ContextRunnable.java:37)
2026/09/02 23:21:37.968867 [sandbox] 	at io.grpc.internal.SerializingExecutor.run(SerializingExecutor.java:133)
2026/09/02 23:21:37.968879 [sandbox] 	at java.base/java.util.concurrent.ThreadPoolExecutor.runWorker(ThreadPoolExecutor.java:1144)
2026/09/02 23:21:37.968887 [sandbox] 	at java.base/java.util.concurrent.ThreadPoolExecutor$Worker.run(ThreadPoolExecutor.java:642)
2026/09/02 23:21:37.968900 [sandbox] 	at java.base/java.lang.Thread.run(Thread.java:1583)
2026/09/02 23:21:37.968940 [sandbox] Caused by: java.lang.ClassNotFoundException: com.google.common.base.Throwables
2026/09/02 23:21:37.968952 [sandbox] 	... 8 more
2026/09/02 23:21:38.012076 download: job 12 (chapter 22802) failed: fetching page list: rpc error: code = Unknown desc = Application error processing RPC
2026/09/02 23:21:38.012190 [sandbox] Exception in thread "grpc-default-executor-28" 
2026/09/02 23:21:38.012225 [sandbox] java.lang.NoClassDefFoundError: com/google/common/base/Throwables
2026/09/02 23:21:38.012268 [sandbox] 	at io.grpc.internal.ServerCallImpl$ServerStreamListenerImpl.messagesAvailableInternal(ServerCallImpl.java:343)
2026/09/02 23:21:38.012277 [sandbox] 	at io.grpc.internal.ServerCallImpl$ServerStreamListenerImpl.messagesAvailable(ServerCallImpl.java:319)
2026/09/02 23:21:38.012285 [sandbox] 	at io.grpc.internal.ServerImpl$JumpToApplicationThreadServerStreamListener$1MessagesAvailable.runInContext(ServerImpl.java:834)
2026/09/02 23:21:38.012296 [sandbox] 	at io.grpc.internal.ContextRunnable.run(ContextRunnable.java:37)
2026/09/02 23:21:38.012303 [sandbox] 	at io.grpc.internal.SerializingExecutor.run(SerializingExecutor.java:133)
2026/09/02 23:21:38.012317 [sandbox] 	at java.base/java.util.concurrent.ThreadPoolExecutor.runWorker(ThreadPoolExecutor.java:1144)
2026/09/02 23:21:38.012325 [sandbox] 	at java.base/java.util.concurrent.ThreadPoolExecutor$Worker.run(ThreadPoolExecutor.java:642)
2026/09/02 23:21:38.012336 [sandbox] 	at java.base/java.lang.Thread.run(Thread.java:1583)
2026/09/02 23:21:38.012398 [sandbox] Caused by: java.lang.ClassNotFoundException: com.google.common.base.Throwables
2026/09/02 23:21:38.012409 [sandbox] 	... 8 more
2026/09/02 23:21:38.055863 [sandbox] Exception in thread "grpc-default-executor-29" java.lang.NoClassDefFoundError: com/google/common/base/Throwables
	at io.grpc.internal.ServerCallImpl$ServerStreamListenerImpl.messagesAvailableInternal(ServerCallImpl.java:343)
	at io.grpc.internal.ServerCallImpl$ServerStreamListenerImpl.messagesAvailable(ServerCallImpl.java:319)
2026/09/02 23:21:38.055927 [sandbox] 	at io.grpc.internal.ServerImpl$JumpToApplicationThreadServerStreamListener$1MessagesAvailable.runInContext(ServerImpl.java:834)
	at io.grpc.internal.ContextRunnable.run(ContextRunnable.java:37)
	at io.grpc.internal.SerializingExecutor.run(SerializingExecutor.java:133)
	at java.base/java.util.concurrent.ThreadPoolExecutor.runWorker(ThreadPoolExecutor.java:1144)
	at java.base/java.util.concurrent.ThreadPoolExecutor$Worker.run(ThreadPoolExecutor.java:642)
	at java.base/java.lang.Thread.run(Thread.java:1583)
2026/09/02 23:21:38.055876 download: job 13 (chapter 22803) failed: fetching page list: rpc error: code = Unknown desc = Application error processing RPC
2026/09/02 23:21:38.055967 [sandbox] Caused by: java.lang.ClassNotFoundException: com.google.common.base.Throwables
	... 8 more
2026/09/02 23:21:38.100413 [sandbox] Exception in thread "grpc-default-executor-19" 
2026/09/02 23:21:38.100515 [sandbox] java.lang.NoClassDefFoundError: com/google/common/base/Throwables
	at io.grpc.internal.ServerCallImpl$ServerStreamListenerImpl.messagesAvailableInternal(ServerCallImpl.java:343)
	at io.grpc.internal.ServerCallImpl$ServerStreamListenerImpl.messagesAvailable(ServerCallImpl.java:319)
	at io.grpc.internal.ServerImpl$JumpToApplicationThreadServerStreamListener$1MessagesAvailable.runInContext(ServerImpl.java:834)
2026/09/02 23:21:38.100549 [sandbox] 	at io.grpc.internal.ContextRunnable.run(ContextRunnable.java:37)
	at io.grpc.internal.SerializingExecutor.run(SerializingExecutor.java:133)
	at java.base/java.util.concurrent.ThreadPoolExecutor.runWorker(ThreadPoolExecutor.java:1144)
	at java.base/java.util.concurrent.ThreadPoolExecutor$Worker.run(ThreadPoolExecutor.java:642)
2026/09/02 23:21:38.100561 [sandbox] 	at java.base/java.lang.Thread.run(Thread.java:1583)
2026/09/02 23:21:38.100445 download: job 14 (chapter 22804) failed: fetching page list: rpc error: code = Unknown desc = Application error processing RPC
2026/09/02 23:21:38.100622 [sandbox] Caused by: java.lang.ClassNotFoundException: com.google.common.base.Throwables
	... 8 more
2026/09/02 23:21:38.143442 [sandbox] Exception in thread "grpc-default-executor-30" 
2026/09/02 23:21:38.143497 [sandbox] java.lang.NoClassDefFoundError: com/google/common/base/Throwables
2026/09/02 23:21:38.143451 download: job 15 (chapter 22805) failed: fetching page list: rpc error: code = Unknown desc = Application error processing RPC
2026/09/02 23:21:38.143555 [sandbox] 	at io.grpc.internal.ServerCallImpl$ServerStreamListenerImpl.messagesAvailableInternal(ServerCallImpl.java:343)
2026/09/02 23:21:38.143572 [sandbox] 	at io.grpc.internal.ServerCallImpl$ServerStreamListenerImpl.messagesAvailable(ServerCallImpl.java:319)
	at io.grpc.internal.ServerImpl$JumpToApplicationThreadServerStreamListener$1MessagesAvailable.runInContext(ServerImpl.java:834)
2026/09/02 23:21:38.143583 [sandbox] 	at io.grpc.internal.ContextRunnable.run(ContextRunnable.java:37)
2026/09/02 23:21:38.143591 [sandbox] 	at io.grpc.internal.SerializingExecutor.run(SerializingExecutor.java:133)
2026/09/02 23:21:38.143603 [sandbox] 	at java.base/java.util.concurrent.ThreadPoolExecutor.runWorker(ThreadPoolExecutor.java:1144)
2026/09/02 23:21:38.143609 [sandbox] 	at java.base/java.util.concurrent.ThreadPoolExecutor$Worker.run(ThreadPoolExecutor.java:642)
2026/09/02 23:21:38.143620 [sandbox] 	at java.base/java.lang.Thread.run(Thread.java:1583)
2026/09/02 23:21:38.143663 [sandbox] Caused by: java.lang.ClassNotFoundException: com.google.common.base.Throwables
2026/09/02 23:21:38.143676 [sandbox] 	... 8 more
2026/09/02 23:21:38.187042 download: job 16 (chapter 22806) failed: fetching page list: rpc error: code = Unknown desc = Application error processing RPC
2026/09/02 23:21:38.187110 [sandbox] Exception in thread "grpc-default-executor-31" 
2026/09/02 23:21:38.187154 [sandbox] java.lang.NoClassDefFoundError: com/google/common/base/Throwables
2026/09/02 23:21:38.187192 [sandbox] 	at io.grpc.internal.ServerCallImpl$ServerStreamListenerImpl.messagesAvailableInternal(ServerCallImpl.java:343)
2026/09/02 23:21:38.187201 [sandbox] 	at io.grpc.internal.ServerCallImpl$ServerStreamListenerImpl.messagesAvailable(ServerCallImpl.java:319)
2026/09/02 23:21:38.187209 [sandbox] 	at io.grpc.internal.ServerImpl$JumpToApplicationThreadServerStreamListener$1MessagesAvailable.runInContext(ServerImpl.java:834)
2026/09/02 23:21:38.187217 [sandbox] 	at io.grpc.internal.ContextRunnable.run(ContextRunnable.java:37)
2026/09/02 23:21:38.187227 [sandbox] 	at io.grpc.internal.SerializingExecutor.run(SerializingExecutor.java:133)
2026/09/02 23:21:38.187239 [sandbox] 	at java.base/java.util.concurrent.ThreadPoolExecutor.runWorker(ThreadPoolExecutor.java:1144)
2026/09/02 23:21:38.187250 [sandbox] 	at java.base/java.util.concurrent.ThreadPoolExecutor$Worker.run(ThreadPoolExecutor.java:642)
2026/09/02 23:21:38.187258 [sandbox] 	at java.base/java.lang.Thread.run(Thread.java:1583)
2026/09/02 23:21:38.187296 [sandbox] Caused by: java.lang.ClassNotFoundException: com.google.common.base.Throwables
2026/09/02 23:21:38.187315 [sandbox] 	... 8 more
2026/09/02 23:21:38.230909 [sandbox] Exception in thread "grpc-default-executor-33" 
2026/09/02 23:21:38.230992 [sandbox] java.lang.NoClassDefFoundError: com/google/common/base/Throwables
2026/09/02 23:21:38.231005 [sandbox] 	at io.grpc.internal.ServerCallImpl$ServerStreamListenerImpl.messagesAvailableInternal(ServerCallImpl.java:343)
2026/09/02 23:21:38.230954 download: job 17 (chapter 22807) failed: fetching page list: rpc error: code = Unknown desc = Application error processing RPC
2026/09/02 23:21:38.231029 [sandbox] 	at io.grpc.internal.ServerCallImpl$ServerStreamListenerImpl.messagesAvailable(ServerCallImpl.java:319)
2026/09/02 23:21:38.231077 [sandbox] 	at io.grpc.internal.ServerImpl$JumpToApplicationThreadServerStreamListener$1MessagesAvailable.runInContext(ServerImpl.java:834)
	at io.grpc.internal.ContextRunnable.run(ContextRunnable.java:37)
	at io.grpc.internal.SerializingExecutor.run(SerializingExecutor.java:133)
	at java.base/java.util.concurrent.ThreadPoolExecutor.runWorker(ThreadPoolExecutor.java:1144)
	at java.base/java.util.concurrent.ThreadPoolExecutor$Worker.run(ThreadPoolExecutor.java:642)
2026/09/02 23:21:38.231091 [sandbox] 	at java.base/java.lang.Thread.run(Thread.java:1583)
2026/09/02 23:21:38.231132 [sandbox] Caused by: java.lang.ClassNotFoundException: com.google.common.base.Throwables
	... 8 more
2026/09/02 23:21:38.273070 download: job 18 (chapter 22808) failed: fetching page list: rpc error: code = Unknown desc = Application error processing RPC
2026/09/02 23:21:38.273185 [sandbox] Exception in thread "grpc-default-executor-34" 
2026/09/02 23:21:38.273253 [sandbox] java.lang.NoClassDefFoundError: com/google/common/base/Throwables
	at io.grpc.internal.ServerCallImpl$ServerStreamListenerImpl.messagesAvailableInternal(ServerCallImpl.java:343)
2026/09/02 23:21:38.273289 [sandbox] 	at io.grpc.internal.ServerCallImpl$ServerStreamListenerImpl.messagesAvailable(ServerCallImpl.java:319)
2026/09/02 23:21:38.273299 [sandbox] 	at io.grpc.internal.ServerImpl$JumpToApplicationThreadServerStreamListener$1MessagesAvailable.runInContext(ServerImpl.java:834)
2026/09/02 23:21:38.273310 [sandbox] 	at io.grpc.internal.ContextRunnable.run(ContextRunnable.java:37)
2026/09/02 23:21:38.273566 [sandbox] 	at io.grpc.internal.SerializingExecutor.run(SerializingExecutor.java:133)
2026/09/02 23:21:38.273585 [sandbox] 	at java.base/java.util.concurrent.ThreadPoolExecutor.runWorker(ThreadPoolExecutor.java:1144)
2026/09/02 23:21:38.273596 [sandbox] 	at java.base/java.util.concurrent.ThreadPoolExecutor$Worker.run(ThreadPoolExecutor.java:642)
2026/09/02 23:21:38.273609 [sandbox] 	at java.base/java.lang.Thread.run(Thread.java:1583)
2026/09/02 23:21:38.273675 [sandbox] Caused by: java.lang.ClassNotFoundException: com.google.common.base.Throwables
	... 8 more
2026/09/02 23:21:38.332202 download: job 19 (chapter 22809) failed: fetching page list: rpc error: code = Unknown desc = Application error processing RPC
2026/09/02 23:21:38.332376 [sandbox] Exception in thread "grpc-default-executor-35" 
2026/09/02 23:21:38.332442 [sandbox] java.lang.NoClassDefFoundError: com/google/common/base/Throwables
2026/09/02 23:21:38.332510 [sandbox] 	at io.grpc.internal.ServerCallImpl$ServerStreamListenerImpl.messagesAvailableInternal(ServerCallImpl.java:343)
	at io.grpc.internal.ServerCallImpl$ServerStreamListenerImpl.messagesAvailable(ServerCallImpl.java:319)
	at io.grpc.internal.ServerImpl$JumpToApplicationThreadServerStreamListener$1MessagesAvailable.runInContext(ServerImpl.java:834)
	at io.grpc.internal.ContextRunnable.run(ContextRunnable.java:37)
2026/09/02 23:21:38.332527 [sandbox] 	at io.grpc.internal.SerializingExecutor.run(SerializingExecutor.java:133)
	at java.base/java.util.concurrent.ThreadPoolExecutor.runWorker(ThreadPoolExecutor.java:1144)
2026/09/02 23:21:38.332534 [sandbox] 	at java.base/java.util.concurrent.ThreadPoolExecutor$Worker.run(ThreadPoolExecutor.java:642)
	at java.base/java.lang.Thread.run(Thread.java:1583)
2026/09/02 23:21:38.332574 [sandbox] Caused by: java.lang.ClassNotFoundException: com.google.common.base.Throwables
	... 8 more
2026/09/02 23:21:38.375256 download: job 20 (chapter 22810) failed: fetching page list: rpc error: code = Unknown desc = Application error processing RPC
2026/09/02 23:21:38.375329 [sandbox] Exception in thread "grpc-default-executor-36" 
2026/09/02 23:21:38.375464 [sandbox] java.lang.NoClassDefFoundError: com/google/common/base/Throwables
2026/09/02 23:21:38.375538 [sandbox] 	at io.grpc.internal.ServerCallImpl$ServerStreamListenerImpl.messagesAvailableInternal(ServerCallImpl.java:343)
2026/09/02 23:21:38.375546 [sandbox] 	at io.grpc.internal.ServerCallImpl$ServerStreamListenerImpl.messagesAvailable(ServerCallImpl.java:319)
2026/09/02 23:21:38.375557 [sandbox] 	at io.grpc.internal.ServerImpl$JumpToApplicationThreadServerStreamListener$1MessagesAvailable.runInContext(ServerImpl.java:834)
2026/09/02 23:21:38.375564 [sandbox] 	at io.grpc.internal.ContextRunnable.run(ContextRunnable.java:37)
	at io.grpc.internal.SerializingExecutor.run(SerializingExecutor.java:133)
2026/09/02 23:21:38.375574 [sandbox] 	at java.base/java.util.concurrent.ThreadPoolExecutor.runWorker(ThreadPoolExecutor.java:1144)
2026/09/02 23:21:38.375581 [sandbox] 	at java.base/java.util.concurrent.ThreadPoolExecutor$Worker.run(ThreadPoolExecutor.java:642)
2026/09/02 23:21:38.375586 [sandbox] 	at java.base/java.lang.Thread.run(Thread.java:1583)
2026/09/02 23:21:38.375640 [sandbox] Caused by: java.lang.ClassNotFoundException: com.google.common.base.Throwables
	... 8 more
2026/09/02 23:21:38.419207 download: job 21 (chapter 22811) failed: fetching page list: rpc error: code = Unknown desc = Application error processing RPC
2026/09/02 23:21:38.419224 [sandbox] Exception in thread "grpc-default-executor-37" 
2026/09/02 23:21:38.419438 [sandbox] java.lang.NoClassDefFoundError: com/google/common/base/Throwables
2026/09/02 23:21:38.419540 [sandbox] 	at io.grpc.internal.ServerCallImpl$ServerStreamListenerImpl.messagesAvailableInternal(ServerCallImpl.java:343)
2026/09/02 23:21:38.419551 [sandbox] 	at io.grpc.internal.ServerCallImpl$ServerStreamListenerImpl.messagesAvailable(ServerCallImpl.java:319)
	at io.grpc.internal.ServerImpl$JumpToApplicationThreadServerStreamListener$1MessagesAvailable.runInContext(ServerImpl.java:834)
2026/09/02 23:21:38.419558 [sandbox] 	at io.grpc.internal.ContextRunnable.run(ContextRunnable.java:37)
2026/09/02 23:21:38.419564 [sandbox] 	at io.grpc.internal.SerializingExecutor.run(SerializingExecutor.java:133)
2026/09/02 23:21:38.419680 [sandbox] 	at java.base/java.util.concurrent.ThreadPoolExecutor.runWorker(ThreadPoolExecutor.java:1144)
	at java.base/java.util.concurrent.ThreadPoolExecutor$Worker.run(ThreadPoolExecutor.java:642)
	at java.base/java.lang.Thread.run(Thread.java:1583)
2026/09/02 23:21:38.419759 [sandbox] Caused by: java.lang.ClassNotFoundException: com.google.common.base.Throwables
	... 8 more
2026/09/02 23:21:38.464124 [sandbox] Exception in thread "grpc-default-executor-38" 
2026/09/02 23:21:38.464223 [sandbox] java.lang.NoClassDefFoundError: com/google/common/base/Throwables
2026/09/02 23:21:38.464309 download: job 22 (chapter 22812) failed: fetching page list: rpc error: code = Unknown desc = Application error processing RPC
2026/09/02 23:21:38.464360 [sandbox] 	at io.grpc.internal.ServerCallImpl$ServerStreamListenerImpl.messagesAvailableInternal(ServerCallImpl.java:343)
	at io.grpc.internal.ServerCallImpl$ServerStreamListenerImpl.messagesAvailable(ServerCallImpl.java:319)
	at io.grpc.internal.ServerImpl$JumpToApplicationThreadServerStreamListener$1MessagesAvailable.runInContext(ServerImpl.java:834)
2026/09/02 23:21:38.464424 [sandbox] 	at io.grpc.internal.ContextRunnable.run(ContextRunnable.java:37)
	at io.grpc.internal.SerializingExecutor.run(SerializingExecutor.java:133)
	at java.base/java.util.concurrent.ThreadPoolExecutor.runWorker(ThreadPoolExecutor.java:1144)
	at java.base/java.util.concurrent.ThreadPoolExecutor$Worker.run(ThreadPoolExecutor.java:642)
	at java.base/java.lang.Thread.run(Thread.java:1583)
2026/09/02 23:21:38.464458 [sandbox] Caused by: java.lang.ClassNotFoundException: com.google.common.base.Throwables
	... 8 more
2026/09/02 23:21:38.506219 [sandbox] Exception in thread "grpc-default-executor-39" 
2026/09/02 23:21:38.506295 [sandbox] java.lang.NoClassDefFoundError: com/google/common/base/Throwables
2026/09/02 23:21:38.506229 download: job 23 (chapter 22813) failed: fetching page list: rpc error: code = Unknown desc = Application error processing RPC
2026/09/02 23:21:38.506376 [sandbox] 	at io.grpc.internal.ServerCallImpl$ServerStreamListenerImpl.messagesAvailableInternal(ServerCallImpl.java:343)
	at io.grpc.internal.ServerCallImpl$ServerStreamListenerImpl.messagesAvailable(ServerCallImpl.java:319)
	at io.grpc.internal.ServerImpl$JumpToApplicationThreadServerStreamListener$1MessagesAvailable.runInContext(ServerImpl.java:834)
	at io.grpc.internal.ContextRunnable.run(ContextRunnable.java:37)
2026/09/02 23:21:38.506423 [sandbox] 	at io.grpc.internal.SerializingExecutor.run(SerializingExecutor.java:133)
	at java.base/java.util.concurrent.ThreadPoolExecutor.runWorker(ThreadPoolExecutor.java:1144)
	at java.base/java.util.concurrent.ThreadPoolExecutor$Worker.run(ThreadPoolExecutor.java:642)
	at java.base/java.lang.Thread.run(Thread.java:1583)
Caused by: java.lang.ClassNotFoundException: com.google.common.base.Throwables
	... 8 more
2026/09/02 23:21:38.561408 download: job 24 (chapter 22814) failed: fetching page list: rpc error: code = Unknown desc = Application error processing RPC
2026/09/02 23:21:38.561552 [sandbox] Exception in thread "grpc-default-executor-40" java.lang.NoClassDefFoundError: com/google/common/base/Throwables
2026/09/02 23:21:38.561625 [sandbox] 	at io.grpc.internal.ServerCallImpl$ServerStreamListenerImpl.messagesAvailableInternal(ServerCallImpl.java:343)
	at io.grpc.internal.ServerCallImpl$ServerStreamListenerImpl.messagesAvailable(ServerCallImpl.java:319)
	at io.grpc.internal.ServerImpl$JumpToApplicationThreadServerStreamListener$1MessagesAvailable.runInContext(ServerImpl.java:834)
	at io.grpc.internal.ContextRunnable.run(ContextRunnable.java:37)
	at io.grpc.internal.SerializingExecutor.run(SerializingExecutor.java:133)
	at java.base/java.util.concurrent.ThreadPoolExecutor.runWorker(ThreadPoolExecutor.java:1144)
	at java.base/java.util.concurrent.ThreadPoolExecutor$Worker.run(ThreadPoolExecutor.java:642)
	at java.base/java.lang.Thread.run(Thread.java:1583)
Caused by: java.lang.ClassNotFoundException: com.google.common.base.Throwables
	... 8 more
2026/09/02 23:21:38.603616 [sandbox] Exception in thread "grpc-default-executor-41" 
2026/09/02 23:21:38.603698 [sandbox] java.lang.NoClassDefFoundError: com/google/common/base/Throwables
	at io.grpc.internal.ServerCallImpl$ServerStreamListenerImpl.messagesAvailableInternal(ServerCallImpl.java:343)
	at io.grpc.internal.ServerCallImpl$ServerStreamListenerImpl.messagesAvailable(ServerCallImpl.java:319)
	at io.grpc.internal.ServerImpl$JumpToApplicationThreadServerStreamListener$1MessagesAvailable.runInContext(ServerImpl.java:834)
	at io.grpc.internal.ContextRunnable.run(ContextRunnable.java:37)
	at io.grpc.internal.SerializingExecutor.run(SerializingExecutor.java:133)
	at java.base/java.util.concurrent.ThreadPoolExecutor.runWorker(ThreadPoolExecutor.java:1144)
2026/09/02 23:21:38.603720 [sandbox] 	at java.base/java.util.concurrent.ThreadPoolExecutor$Worker.run(ThreadPoolExecutor.java:642)
	at java.base/java.lang.Thread.run(Thread.java:1583)
2026/09/02 23:21:38.603618 download: job 25 (chapter 22815) failed: fetching page list: rpc error: code = Unknown desc = Application error processing RPC
2026/09/02 23:21:38.603769 [sandbox] Caused by: java.lang.ClassNotFoundException: com.google.common.base.Throwables
	... 8 more
2026/09/02 23:21:38.663904 download: job 26 (chapter 22816) failed: fetching page list: rpc error: code = Unknown desc = Application error processing RPC
2026/09/02 23:21:38.664032 [sandbox] Exception in thread "grpc-default-executor-42" 
2026/09/02 23:21:38.664082 [sandbox] java.lang.NoClassDefFoundError: com/google/common/base/Throwables
2026/09/02 23:21:38.664119 [sandbox] 	at io.grpc.internal.ServerCallImpl$ServerStreamListenerImpl.messagesAvailableInternal(ServerCallImpl.java:343)
2026/09/02 23:21:38.664170 [sandbox] 	at io.grpc.internal.ServerCallImpl$ServerStreamListenerImpl.messagesAvailable(ServerCallImpl.java:319)
	at io.grpc.internal.ServerImpl$JumpToApplicationThreadServerStreamListener$1MessagesAvailable.runInContext(ServerImpl.java:834)
	at io.grpc.internal.ContextRunnable.run(ContextRunnable.java:37)
	at io.grpc.internal.SerializingExecutor.run(SerializingExecutor.java:133)
	at java.base/java.util.concurrent.ThreadPoolExecutor.runWorker(ThreadPoolExecutor.java:1144)
	at java.base/java.util.concurrent.ThreadPoolExecutor$Worker.run(ThreadPoolExecutor.java:642)
	at java.base/java.lang.Thread.run(Thread.java:1583)
2026/09/02 23:21:38.664198 [sandbox] Caused by: java.lang.ClassNotFoundException: com.google.common.base.Throwables
2026/09/02 23:21:38.664206 [sandbox] 	... 8 more
2026/09/02 23:21:38.707631 download: job 27 (chapter 22817) failed: fetching page list: rpc error: code = Unknown desc = Application error processing RPC
2026/09/02 23:21:38.707640 [sandbox] Exception in thread "grpc-default-executor-43" 
2026/09/02 23:21:38.707833 [sandbox] java.lang.NoClassDefFoundError: com/google/common/base/Throwables
	at io.grpc.internal.ServerCallImpl$ServerStreamListenerImpl.messagesAvailableInternal(ServerCallImpl.java:343)
	at io.grpc.internal.ServerCallImpl$ServerStreamListenerImpl.messagesAvailable(ServerCallImpl.java:319)
	at io.grpc.internal.ServerImpl$JumpToApplicationThreadServerStreamListener$1MessagesAvailable.runInContext(ServerImpl.java:834)
	at io.grpc.internal.ContextRunnable.run(ContextRunnable.java:37)
	at io.grpc.internal.SerializingExecutor.run(SerializingExecutor.java:133)
	at java.base/java.util.concurrent.ThreadPoolExecutor.runWorker(ThreadPoolExecutor.java:1144)
	at java.base/java.util.concurrent.ThreadPoolExecutor$Worker.run(ThreadPoolExecutor.java:642)
	at java.base/java.lang.Thread.run(Thread.java:1583)
Caused by: java.lang.ClassNotFoundException: com.google.common.base.Throwables
	... 8 more
2026/09/02 23:21:38.768447 download: job 28 (chapter 22818) failed: fetching page list: rpc error: code = Unknown desc = Application error processing RPC
2026/09/02 23:21:38.768531 [sandbox] Exception in thread "grpc-default-executor-44" 
2026/09/02 23:21:38.768574 [sandbox] java.lang.NoClassDefFoundError: com/google/common/base/Throwables
	at io.grpc.internal.ServerCallImpl$ServerStreamListenerImpl.messagesAvailableInternal(ServerCallImpl.java:343)
2026/09/02 23:21:38.768593 [sandbox] 	at io.grpc.internal.ServerCallImpl$ServerStreamListenerImpl.messagesAvailable(ServerCallImpl.java:319)
	at io.grpc.internal.ServerImpl$JumpToApplicationThreadServerStreamListener$1MessagesAvailable.runInContext(ServerImpl.java:834)
	at io.grpc.internal.ContextRunnable.run(ContextRunnable.java:37)
	at io.grpc.internal.SerializingExecutor.run(SerializingExecutor.java:133)
	at java.base/java.util.concurrent.ThreadPoolExecutor.runWorker(ThreadPoolExecutor.java:1144)
2026/09/02 23:21:38.768616 [sandbox] 	at java.base/java.util.concurrent.ThreadPoolExecutor$Worker.run(ThreadPoolExecutor.java:642)
	at java.base/java.lang.Thread.run(Thread.java:1583)
2026/09/02 23:21:38.768625 [sandbox] Caused by: java.lang.ClassNotFoundException: com.google.common.base.Throwables
2026/09/02 23:21:38.768632 [sandbox] 	... 8 more
2026/09/02 23:21:38.827916 [sandbox] Exception in thread "grpc-default-executor-45" java.lang.NoClassDefFoundError: com/google/common/base/Throwables
2026/09/02 23:21:38.827956 [sandbox] 	at io.grpc.internal.ServerCallImpl$ServerStreamListenerImpl.messagesAvailableInternal(ServerCallImpl.java:343)
	at io.grpc.internal.ServerCallImpl$ServerStreamListenerImpl.messagesAvailable(ServerCallImpl.java:319)
	at io.grpc.internal.ServerImpl$JumpToApplicationThreadServerStreamListener$1MessagesAvailable.runInContext(ServerImpl.java:834)
	at io.grpc.internal.ContextRunnable.run(ContextRunnable.java:37)
	at io.grpc.internal.SerializingExecutor.run(SerializingExecutor.java:133)
	at java.base/java.util.concurrent.ThreadPoolExecutor.runWorker(ThreadPoolExecutor.java:1144)
2026/09/02 23:21:38.827983 [sandbox] 	at java.base/java.util.concurrent.ThreadPoolExecutor$Worker.run(ThreadPoolExecutor.java:642)
	at java.base/java.lang.Thread.run(Thread.java:1583)
2026/09/02 23:21:38.827967 download: job 29 (chapter 22819) failed: fetching page list: rpc error: code = Unknown desc = Application error processing RPC
2026/09/02 23:21:38.828079 [sandbox] Caused by: java.lang.ClassNotFoundException: com.google.common.base.Throwables
	... 8 more
2026/09/02 23:21:38.870438 download: job 30 (chapter 22820) failed: fetching page list: rpc error: code = Unknown desc = Application error processing RPC
2026/09/02 23:21:38.870592 [sandbox] Exception in thread "grpc-default-executor-46" 
2026/09/02 23:21:38.870636 [sandbox] java.lang.NoClassDefFoundError: com/google/common/base/Throwables
2026/09/02 23:21:38.870645 [sandbox] 	at io.grpc.internal.ServerCallImpl$ServerStreamListenerImpl.messagesAvailableInternal(ServerCallImpl.java:343)
2026/09/02 23:21:38.870655 [sandbox] 	at io.grpc.internal.ServerCallImpl$ServerStreamListenerImpl.messagesAvailable(ServerCallImpl.java:319)
	at io.grpc.internal.ServerImpl$JumpToApplicationThreadServerStreamListener$1MessagesAvailable.runInContext(ServerImpl.java:834)
	at io.grpc.internal.ContextRunnable.run(ContextRunnable.java:37)
2026/09/02 23:21:38.870665 [sandbox] 	at io.grpc.internal.SerializingExecutor.run(SerializingExecutor.java:133)
	at java.base/java.util.concurrent.ThreadPoolExecutor.runWorker(ThreadPoolExecutor.java:1144)
	at java.base/java.util.concurrent.ThreadPoolExecutor$Worker.run(ThreadPoolExecutor.java:642)
2026/09/02 23:21:38.870671 [sandbox] 	at java.base/java.lang.Thread.run(Thread.java:1583)
2026/09/02 23:21:38.870744 [sandbox] Caused by: java.lang.ClassNotFoundException: com.google.common.base.Throwables
	... 8 more
2026/09/02 23:21:38.912673 download: job 31 (chapter 22821) failed: fetching page list: rpc error: code = Unknown desc = Application error processing RPC
2026/09/02 23:21:38.912702 [sandbox] Exception in thread "grpc-default-executor-47" 
2026/09/02 23:21:38.912860 [sandbox] java.lang.NoClassDefFoundError: com/google/common/base/Throwables
	at io.grpc.internal.ServerCallImpl$ServerStreamListenerImpl.messagesAvailableInternal(ServerCallImpl.java:343)
	at io.grpc.internal.ServerCallImpl$ServerStreamListenerImpl.messagesAvailable(ServerCallImpl.java:319)
	at io.grpc.internal.ServerImpl$JumpToApplicationThreadServerStreamListener$1MessagesAvailable.runInContext(ServerImpl.java:834)
	at io.grpc.internal.ContextRunnable.run(ContextRunnable.java:37)
	at io.grpc.internal.SerializingExecutor.run(SerializingExecutor.java:133)
	at java.base/java.util.concurrent.ThreadPoolExecutor.runWorker(ThreadPoolExecutor.java:1144)
	at java.base/java.util.concurrent.ThreadPoolExecutor$Worker.run(ThreadPoolExecutor.java:642)
	at java.base/java.lang.Thread.run(Thread.java:1583)
Caused by: java.lang.ClassNotFoundException: com.google.common.base.Throwables
	... 8 more
2026/09/02 23:21:38.956592 [sandbox] Exception in thread "grpc-default-executor-48" 
2026/09/02 23:21:38.956669 [sandbox] java.lang.NoClassDefFoundError: com/google/common/base/Throwables
	at io.grpc.internal.ServerCallImpl$ServerStreamListenerImpl.messagesAvailableInternal(ServerCallImpl.java:343)
2026/09/02 23:21:38.956592 download: job 32 (chapter 22822) failed: fetching page list: rpc error: code = Unknown desc = Application error processing RPC
2026/09/02 23:21:38.956684 [sandbox] 	at io.grpc.internal.ServerCallImpl$ServerStreamListenerImpl.messagesAvailable(ServerCallImpl.java:319)
	at io.grpc.internal.ServerImpl$JumpToApplicationThreadServerStreamListener$1MessagesAvailable.runInContext(ServerImpl.java:834)
	at io.grpc.internal.ContextRunnable.run(ContextRunnable.java:37)
	at io.grpc.internal.SerializingExecutor.run(SerializingExecutor.java:133)
2026/09/02 23:21:38.956803 [sandbox] 	at java.base/java.util.concurrent.ThreadPoolExecutor.runWorker(ThreadPoolExecutor.java:1144)
	at java.base/java.util.concurrent.ThreadPoolExecutor$Worker.run(ThreadPoolExecutor.java:642)
	at java.base/java.lang.Thread.run(Thread.java:1583)
Caused by: java.lang.ClassNotFoundException: com.google.common.base.Throwables
	... 8 more
2026/09/02 23:21:39.017157 download: job 33 (chapter 22823) failed: fetching page list: rpc error: code = Unknown desc = Application error processing RPC
2026/09/02 23:21:39.017194 [sandbox] Exception in thread "grpc-default-executor-49" 
2026/09/02 23:21:39.017384 [sandbox] java.lang.NoClassDefFoundError: com/google/common/base/Throwables
	at io.grpc.internal.ServerCallImpl$ServerStreamListenerImpl.messagesAvailableInternal(ServerCallImpl.java:343)
	at io.grpc.internal.ServerCallImpl$ServerStreamListenerImpl.messagesAvailable(ServerCallImpl.java:319)
	at io.grpc.internal.ServerImpl$JumpToApplicationThreadServerStreamListener$1MessagesAvailable.runInContext(ServerImpl.java:834)
	at io.grpc.internal.ContextRunnable.run(ContextRunnable.java:37)
	at io.grpc.internal.SerializingExecutor.run(SerializingExecutor.java:133)
	at java.base/java.util.concurrent.ThreadPoolExecutor.runWorker(ThreadPoolExecutor.java:1144)
	at java.base/java.util.concurrent.ThreadPoolExecutor$Worker.run(ThreadPoolExecutor.java:642)
	at java.base/java.lang.Thread.run(Thread.java:1583)
Caused by: java.lang.ClassNotFoundException: com.google.common.base.Throwables
	... 8 more
2026/09/02 23:21:39.060183 [sandbox] Exception in thread "grpc-default-executor-50" 
2026/09/02 23:21:39.060238 [sandbox] java.lang.NoClassDefFoundError: com/google/common/base/Throwables
2026/09/02 23:21:39.060204 download: job 34 (chapter 22824) failed: fetching page list: rpc error: code = Unknown desc = Application error processing RPC
2026/09/02 23:21:39.060268 [sandbox] 	at io.grpc.internal.ServerCallImpl$ServerStreamListenerImpl.messagesAvailableInternal(ServerCallImpl.java:343)
	at io.grpc.internal.ServerCallImpl$ServerStreamListenerImpl.messagesAvailable(ServerCallImpl.java:319)
2026/09/02 23:21:39.060350 [sandbox] 	at io.grpc.internal.ServerImpl$JumpToApplicationThreadServerStreamListener$1MessagesAvailable.runInContext(ServerImpl.java:834)
	at io.grpc.internal.ContextRunnable.run(ContextRunnable.java:37)
	at io.grpc.internal.SerializingExecutor.run(SerializingExecutor.java:133)
	at java.base/java.util.concurrent.ThreadPoolExecutor.runWorker(ThreadPoolExecutor.java:1144)
	at java.base/java.util.concurrent.ThreadPoolExecutor$Worker.run(ThreadPoolExecutor.java:642)
	at java.base/java.lang.Thread.run(Thread.java:1583)
Caused by: java.lang.ClassNotFoundException: com.google.common.base.Throwables
	... 8 more
2026/09/02 23:21:39.103966 download: job 35 (chapter 22825) failed: fetching page list: rpc error: code = Unknown desc = Application error processing RPC
2026/09/02 23:21:39.104018 [sandbox] Exception in thread "grpc-default-executor-51" 
2026/09/02 23:21:39.104093 [sandbox] java.lang.NoClassDefFoundError: com/google/common/base/Throwables
	at io.grpc.internal.ServerCallImpl$ServerStreamListenerImpl.messagesAvailableInternal(ServerCallImpl.java:343)
	at io.grpc.internal.ServerCallImpl$ServerStreamListenerImpl.messagesAvailable(ServerCallImpl.java:319)
	at io.grpc.internal.ServerImpl$JumpToApplicationThreadServerStreamListener$1MessagesAvailable.runInContext(ServerImpl.java:834)
2026/09/02 23:21:39.104110 [sandbox] 	at io.grpc.internal.ContextRunnable.run(ContextRunnable.java:37)
	at io.grpc.internal.SerializingExecutor.run(SerializingExecutor.java:133)
	at java.base/java.util.concurrent.ThreadPoolExecutor.runWorker(ThreadPoolExecutor.java:1144)
	at java.base/java.util.concurrent.ThreadPoolExecutor$Worker.run(ThreadPoolExecutor.java:642)
	at java.base/java.lang.Thread.run(Thread.java:1583)
2026/09/02 23:21:39.104129 [sandbox] Caused by: java.lang.ClassNotFoundException: com.google.common.base.Throwables
2026/09/02 23:21:39.104140 [sandbox] 	... 8 more
2026/09/02 23:21:39.163673 download: job 36 (chapter 22826) failed: fetching page list: rpc error: code = Unknown desc = Application error processing RPC
2026/09/02 23:21:39.163706 [sandbox] Exception in thread "grpc-default-executor-52" 
2026/09/02 23:21:39.163864 [sandbox] java.lang.NoClassDefFoundError: com/google/common/base/Throwables
	at io.grpc.internal.ServerCallImpl$ServerStreamListenerImpl.messagesAvailableInternal(ServerCallImpl.java:343)
	at io.grpc.internal.ServerCallImpl$ServerStreamListenerImpl.messagesAvailable(ServerCallImpl.java:319)
	at io.grpc.internal.ServerImpl$JumpToApplicationThreadServerStreamListener$1MessagesAvailable.runInContext(ServerImpl.java:834)
	at io.grpc.internal.ContextRunnable.run(ContextRunnable.java:37)
	at io.grpc.internal.SerializingExecutor.run(SerializingExecutor.java:133)
	at java.base/java.util.concurrent.ThreadPoolExecutor.runWorker(ThreadPoolExecutor.java:1144)
	at java.base/java.util.concurrent.ThreadPoolExecutor$Worker.run(ThreadPoolExecutor.java:642)
	at java.base/java.lang.Thread.run(Thread.java:1583)
Caused by: java.lang.ClassNotFoundException: com.google.common.base.Throwables
	... 8 more
2026/09/02 23:21:39.223233 download: job 37 (chapter 22827) failed: fetching page list: rpc error: code = Unknown desc = Application error processing RPC
2026/09/02 23:21:39.223256 [sandbox] Exception in thread "grpc-default-executor-53" 
2026/09/02 23:21:39.223365 [sandbox] java.lang.NoClassDefFoundError: com/google/common/base/Throwables
	at io.grpc.internal.ServerCallImpl$ServerStreamListenerImpl.messagesAvailableInternal(ServerCallImpl.java:343)
	at io.grpc.internal.ServerCallImpl$ServerStreamListenerImpl.messagesAvailable(ServerCallImpl.java:319)
	at io.grpc.internal.ServerImpl$JumpToApplicationThreadServerStreamListener$1MessagesAvailable.runInContext(ServerImpl.java:834)
	at io.grpc.internal.ContextRunnable.run(ContextRunnable.java:37)
	at io.grpc.internal.SerializingExecutor.run(SerializingExecutor.java:133)
	at java.base/java.util.concurrent.ThreadPoolExecutor.runWorker(ThreadPoolExecutor.java:1144)
	at java.base/java.util.concurrent.ThreadPoolExecutor$Worker.run(ThreadPoolExecutor.java:642)
	at java.base/java.lang.Thread.run(Thread.java:1583)
2026/09/02 23:21:39.223385 [sandbox] Caused by: java.lang.ClassNotFoundException: com.google.common.base.Throwables
	... 8 more
2026/09/02 23:21:39.266683 [sandbox] Exception in thread "grpc-default-executor-54" 
2026/09/02 23:21:39.266749 [sandbox] java.lang.NoClassDefFoundError: com/google/common/base/Throwables
	at io.grpc.internal.ServerCallImpl$ServerStreamListenerImpl.messagesAvailableInternal(ServerCallImpl.java:343)
	at io.grpc.internal.ServerCallImpl$ServerStreamListenerImpl.messagesAvailable(ServerCallImpl.java:319)
	at io.grpc.internal.ServerImpl$JumpToApplicationThreadServerStreamListener$1MessagesAvailable.runInContext(ServerImpl.java:834)
	at io.grpc.internal.ContextRunnable.run(ContextRunnable.java:37)
	at io.grpc.internal.SerializingExecutor.run(SerializingExecutor.java:133)
	at java.base/java.util.concurrent.ThreadPoolExecutor.runWorker(ThreadPoolExecutor.java:1144)
2026/09/02 23:21:39.266768 [sandbox] 	at java.base/java.util.concurrent.ThreadPoolExecutor$Worker.run(ThreadPoolExecutor.java:642)
	at java.base/java.lang.Thread.run(Thread.java:1583)
2026/09/02 23:21:39.266781 [sandbox] Caused by: java.lang.ClassNotFoundException: com.google.common.base.Throwables
	... 8 more
2026/09/02 23:21:39.267339 download: job 38 (chapter 22828) failed: fetching page list: rpc error: code = Unknown desc = Application error processing RPC
2026/09/02 23:21:39.310876 [sandbox] Exception in thread "grpc-default-executor-55" java.lang.NoClassDefFoundError: com/google/common/base/Throwables
2026/09/02 23:21:39.310942 [sandbox] 	at io.grpc.internal.ServerCallImpl$ServerStreamListenerImpl.messagesAvailableInternal(ServerCallImpl.java:343)
	at io.grpc.internal.ServerCallImpl$ServerStreamListenerImpl.messagesAvailable(ServerCallImpl.java:319)
	at io.grpc.internal.ServerImpl$JumpToApplicationThreadServerStreamListener$1MessagesAvailable.runInContext(ServerImpl.java:834)
	at io.grpc.internal.ContextRunnable.run(ContextRunnable.java:37)
	at io.grpc.internal.SerializingExecutor.run(SerializingExecutor.java:133)
	at java.base/java.util.concurrent.ThreadPoolExecutor.runWorker(ThreadPoolExecutor.java:1144)
	at java.base/java.util.concurrent.ThreadPoolExecutor$Worker.run(ThreadPoolExecutor.java:642)
	at java.base/java.lang.Thread.run(Thread.java:1583)
2026/09/02 23:21:39.310976 [sandbox] Caused by: java.lang.ClassNotFoundException: com.google.common.base.Throwables
	... 8 more
2026/09/02 23:21:39.311387 download: job 39 (chapter 22829) failed: fetching page list: rpc error: code = Unknown desc = Application error processing RPC
2026/09/02 23:21:39.354329 download: job 40 (chapter 22830) failed: fetching page list: rpc error: code = Unknown desc = Application error processing RPC
2026/09/02 23:21:39.354504 [sandbox] Exception in thread "grpc-default-executor-56" java.lang.NoClassDefFoundError: com/google/common/base/Throwables
2026/09/02 23:21:39.354559 [sandbox] 	at io.grpc.internal.ServerCallImpl$ServerStreamListenerImpl.messagesAvailableInternal(ServerCallImpl.java:343)
	at io.grpc.internal.ServerCallImpl$ServerStreamListenerImpl.messagesAvailable(ServerCallImpl.java:319)
	at io.grpc.internal.ServerImpl$JumpToApplicationThreadServerStreamListener$1MessagesAvailable.runInContext(ServerImpl.java:834)
	at io.grpc.internal.ContextRunnable.run(ContextRunnable.java:37)
	at io.grpc.internal.SerializingExecutor.run(SerializingExecutor.java:133)
	at java.base/java.util.concurrent.ThreadPoolExecutor.runWorker(ThreadPoolExecutor.java:1144)
	at java.base/java.util.concurrent.ThreadPoolExecutor$Worker.run(ThreadPoolExecutor.java:642)
	at java.base/java.lang.Thread.run(Thread.java:1583)
2026/09/02 23:21:39.354578 [sandbox] Caused by: java.lang.ClassNotFoundException: com.google.common.base.Throwables
	... 8 more
2026/09/02 23:21:39.399469 download: job 41 (chapter 22831) failed: fetching page list: rpc error: code = Unknown desc = Application error processing RPC
2026/09/02 23:21:39.399602 [sandbox] Exception in thread "grpc-default-executor-57" 
2026/09/02 23:21:39.399641 [sandbox] java.lang.NoClassDefFoundError: com/google/common/base/Throwables
2026/09/02 23:21:39.399674 [sandbox] 	at io.grpc.internal.ServerCallImpl$ServerStreamListenerImpl.messagesAvailableInternal(ServerCallImpl.java:343)
	at io.grpc.internal.ServerCallImpl$ServerStreamListenerImpl.messagesAvailable(ServerCallImpl.java:319)
2026/09/02 23:21:39.399689 [sandbox] 	at io.grpc.internal.ServerImpl$JumpToApplicationThreadServerStreamListener$1MessagesAvailable.runInContext(ServerImpl.java:834)
	at io.grpc.internal.ContextRunnable.run(ContextRunnable.java:37)
	at io.grpc.internal.SerializingExecutor.run(SerializingExecutor.java:133)
	at java.base/java.util.concurrent.ThreadPoolExecutor.runWorker(ThreadPoolExecutor.java:1144)
	at java.base/java.util.concurrent.ThreadPoolExecutor$Worker.run(ThreadPoolExecutor.java:642)
2026/09/02 23:21:39.399702 [sandbox] 	at java.base/java.lang.Thread.run(Thread.java:1583)
2026/09/02 23:21:39.399759 [sandbox] Caused by: java.lang.ClassNotFoundException: com.google.common.base.Throwables
	... 8 more
2026/09/02 23:21:39.443565 download: job 42 (chapter 22832) failed: fetching page list: rpc error: code = Unknown desc = Application error processing RPC
2026/09/02 23:21:39.443690 [sandbox] Exception in thread "grpc-default-executor-58" 
2026/09/02 23:21:39.443730 [sandbox] java.lang.NoClassDefFoundError: com/google/common/base/Throwables
2026/09/02 23:21:39.443753 [sandbox] 	at io.grpc.internal.ServerCallImpl$ServerStreamListenerImpl.messagesAvailableInternal(ServerCallImpl.java:343)
2026/09/02 23:21:39.443762 [sandbox] 	at io.grpc.internal.ServerCallImpl$ServerStreamListenerImpl.messagesAvailable(ServerCallImpl.java:319)
	at io.grpc.internal.ServerImpl$JumpToApplicationThreadServerStreamListener$1MessagesAvailable.runInContext(ServerImpl.java:834)
	at io.grpc.internal.ContextRunnable.run(ContextRunnable.java:37)
2026/09/02 23:21:39.443773 [sandbox] 	at io.grpc.internal.SerializingExecutor.run(SerializingExecutor.java:133)
	at java.base/java.util.concurrent.ThreadPoolExecutor.runWorker(ThreadPoolExecutor.java:1144)
	at java.base/java.util.concurrent.ThreadPoolExecutor$Worker.run(ThreadPoolExecutor.java:642)
2026/09/02 23:21:39.443789 [sandbox] 	at java.base/java.lang.Thread.run(Thread.java:1583)
2026/09/02 23:21:39.443805 [sandbox] Caused by: java.lang.ClassNotFoundException: com.google.common.base.Throwables
	... 8 more
2026/09/02 23:21:39.486975 download: job 43 (chapter 22833) failed: fetching page list: rpc error: code = Unknown desc = Application error processing RPC
2026/09/02 23:21:39.487150 [sandbox] Exception in thread "grpc-default-executor-59" 
2026/09/02 23:21:39.487183 [sandbox] java.lang.NoClassDefFoundError: com/google/common/base/Throwables
2026/09/02 23:21:39.487219 [sandbox] 	at io.grpc.internal.ServerCallImpl$ServerStreamListenerImpl.messagesAvailableInternal(ServerCallImpl.java:343)
	at io.grpc.internal.ServerCallImpl$ServerStreamListenerImpl.messagesAvailable(ServerCallImpl.java:319)
2026/09/02 23:21:39.487233 [sandbox] 	at io.grpc.internal.ServerImpl$JumpToApplicationThreadServerStreamListener$1MessagesAvailable.runInContext(ServerImpl.java:834)
	at io.grpc.internal.ContextRunnable.run(ContextRunnable.java:37)
	at io.grpc.internal.SerializingExecutor.run(SerializingExecutor.java:133)
	at java.base/java.util.concurrent.ThreadPoolExecutor.runWorker(ThreadPoolExecutor.java:1144)
	at java.base/java.util.concurrent.ThreadPoolExecutor$Worker.run(ThreadPoolExecutor.java:642)
	at java.base/java.lang.Thread.run(Thread.java:1583)
2026/09/02 23:21:39.487260 [sandbox] Caused by: java.lang.ClassNotFoundException: com.google.common.base.Throwables
	... 8 more
2026/09/02 23:21:39.547565 download: job 44 (chapter 22834) failed: fetching page list: rpc error: code = Unknown desc = Application error processing RPC
2026/09/02 23:21:39.547697 [sandbox] Exception in thread "grpc-default-executor-60" 
2026/09/02 23:21:39.547753 [sandbox] java.lang.NoClassDefFoundError: com/google/common/base/Throwables
	at io.grpc.internal.ServerCallImpl$ServerStreamListenerImpl.messagesAvailableInternal(ServerCallImpl.java:343)
2026/09/02 23:21:39.547765 [sandbox] 	at io.grpc.internal.ServerCallImpl$ServerStreamListenerImpl.messagesAvailable(ServerCallImpl.java:319)
	at io.grpc.internal.ServerImpl$JumpToApplicationThreadServerStreamListener$1MessagesAvailable.runInContext(ServerImpl.java:834)
	at io.grpc.internal.ContextRunnable.run(ContextRunnable.java:37)
	at io.grpc.internal.SerializingExecutor.run(SerializingExecutor.java:133)
2026/09/02 23:21:39.547778 [sandbox] 	at java.base/java.util.concurrent.ThreadPoolExecutor.runWorker(ThreadPoolExecutor.java:1144)
	at java.base/java.util.concurrent.ThreadPoolExecutor$Worker.run(ThreadPoolExecutor.java:642)
	at java.base/java.lang.Thread.run(Thread.java:1583)
2026/09/02 23:21:39.547798 [sandbox] Caused by: java.lang.ClassNotFoundException: com.google.common.base.Throwables
2026/09/02 23:21:39.547805 [sandbox] 	... 8 more
2026/09/02 23:21:39.608731 download: job 45 (chapter 22835) failed: fetching page list: rpc error: code = Unknown desc = Application error processing RPC
2026/09/02 23:21:39.608839 [sandbox] Exception in thread "grpc-default-executor-61" java.lang.NoClassDefFoundError: com/google/common/base/Throwables
2026/09/02 23:21:39.608872 [sandbox] 	at io.grpc.internal.ServerCallImpl$ServerStreamListenerImpl.messagesAvailableInternal(ServerCallImpl.java:343)
2026/09/02 23:21:39.608884 [sandbox] 	at io.grpc.internal.ServerCallImpl$ServerStreamListenerImpl.messagesAvailable(ServerCallImpl.java:319)
	at io.grpc.internal.ServerImpl$JumpToApplicationThreadServerStreamListener$1MessagesAvailable.runInContext(ServerImpl.java:834)
	at io.grpc.internal.ContextRunnable.run(ContextRunnable.java:37)
	at io.grpc.internal.SerializingExecutor.run(SerializingExecutor.java:133)
	at java.base/java.util.concurrent.ThreadPoolExecutor.runWorker(ThreadPoolExecutor.java:1144)
2026/09/02 23:21:39.608896 [sandbox] 	at java.base/java.util.concurrent.ThreadPoolExecutor$Worker.run(ThreadPoolExecutor.java:642)
	at java.base/java.lang.Thread.run(Thread.java:1583)
2026/09/02 23:21:39.608905 [sandbox] Caused by: java.lang.ClassNotFoundException: com.google.common.base.Throwables
2026/09/02 23:21:39.608922 [sandbox] 	... 8 more
2026/09/02 23:21:39.669132 download: job 46 (chapter 22836) failed: fetching page list: rpc error: code = Unknown desc = Application error processing RPC
2026/09/02 23:21:39.669189 [sandbox] Exception in thread "grpc-default-executor-62" 
2026/09/02 23:21:39.669252 [sandbox] java.lang.NoClassDefFoundError: com/google/common/base/Throwables
	at io.grpc.internal.ServerCallImpl$ServerStreamListenerImpl.messagesAvailableInternal(ServerCallImpl.java:343)
	at io.grpc.internal.ServerCallImpl$ServerStreamListenerImpl.messagesAvailable(ServerCallImpl.java:319)
	at io.grpc.internal.ServerImpl$JumpToApplicationThreadServerStreamListener$1MessagesAvailable.runInContext(ServerImpl.java:834)
	at io.grpc.internal.ContextRunnable.run(ContextRunnable.java:37)
	at io.grpc.internal.SerializingExecutor.run(SerializingExecutor.java:133)
	at java.base/java.util.concurrent.ThreadPoolExecutor.runWorker(ThreadPoolExecutor.java:1144)
	at java.base/java.util.concurrent.ThreadPoolExecutor$Worker.run(ThreadPoolExecutor.java:642)
2026/09/02 23:21:39.669274 [sandbox] 	at java.base/java.lang.Thread.run(Thread.java:1583)
2026/09/02 23:21:39.669283 [sandbox] Caused by: java.lang.ClassNotFoundException: com.google.common.base.Throwables
	... 8 more
2026/09/02 23:21:39.713795 download: job 47 (chapter 22837) failed: fetching page list: rpc error: code = Unknown desc = Application error processing RPC
2026/09/02 23:21:39.713871 [sandbox] Exception in thread "grpc-default-executor-63" 
2026/09/02 23:21:39.713903 [sandbox] java.lang.NoClassDefFoundError: com/google/common/base/Throwables
2026/09/02 23:21:39.713915 [sandbox] 	at io.grpc.internal.ServerCallImpl$ServerStreamListenerImpl.messagesAvailableInternal(ServerCallImpl.java:343)
	at io.grpc.internal.ServerCallImpl$ServerStreamListenerImpl.messagesAvailable(ServerCallImpl.java:319)
2026/09/02 23:21:39.713936 [sandbox] 	at io.grpc.internal.ServerImpl$JumpToApplicationThreadServerStreamListener$1MessagesAvailable.runInContext(ServerImpl.java:834)
	at io.grpc.internal.ContextRunnable.run(ContextRunnable.java:37)
	at io.grpc.internal.SerializingExecutor.run(SerializingExecutor.java:133)
	at java.base/java.util.concurrent.ThreadPoolExecutor.runWorker(ThreadPoolExecutor.java:1144)
	at java.base/java.util.concurrent.ThreadPoolExecutor$Worker.run(ThreadPoolExecutor.java:642)
	at java.base/java.lang.Thread.run(Thread.java:1583)
2026/09/02 23:21:39.713955 [sandbox] Caused by: java.lang.ClassNotFoundException: com.google.common.base.Throwables
	... 8 more
2026/09/02 23:21:39.757252 download: job 48 (chapter 22838) failed: fetching page list: rpc error: code = Unknown desc = Application error processing RPC
2026/09/02 23:21:39.757360 [sandbox] Exception in thread "grpc-default-executor-64" 
2026/09/02 23:21:39.757408 [sandbox] java.lang.NoClassDefFoundError: com/google/common/base/Throwables
2026/09/02 23:21:39.757423 [sandbox] 	at io.grpc.internal.ServerCallImpl$ServerStreamListenerImpl.messagesAvailableInternal(ServerCallImpl.java:343)
	at io.grpc.internal.ServerCallImpl$ServerStreamListenerImpl.messagesAvailable(ServerCallImpl.java:319)
	at io.grpc.internal.ServerImpl$JumpToApplicationThreadServerStreamListener$1MessagesAvailable.runInContext(ServerImpl.java:834)
2026/09/02 23:21:39.757432 [sandbox] 	at io.grpc.internal.ContextRunnable.run(ContextRunnable.java:37)
	at io.grpc.internal.SerializingExecutor.run(SerializingExecutor.java:133)
	at java.base/java.util.concurrent.ThreadPoolExecutor.runWorker(ThreadPoolExecutor.java:1144)
	at java.base/java.util.concurrent.ThreadPoolExecutor$Worker.run(ThreadPoolExecutor.java:642)
2026/09/02 23:21:39.757441 [sandbox] 	at java.base/java.lang.Thread.run(Thread.java:1583)
2026/09/02 23:21:39.757471 [sandbox] Caused by: java.lang.ClassNotFoundException: com.google.common.base.Throwables
	... 8 more
2026/09/02 23:21:39.800903 download: job 49 (chapter 22839) failed: fetching page list: rpc error: code = Unknown desc = Application error processing RPC
2026/09/02 23:21:39.801055 [sandbox] Exception in thread "grpc-default-executor-65" java.lang.NoClassDefFoundError: com/google/common/base/Throwables
2026/09/02 23:21:39.801133 [sandbox] 	at io.grpc.internal.ServerCallImpl$ServerStreamListenerImpl.messagesAvailableInternal(ServerCallImpl.java:343)
	at io.grpc.internal.ServerCallImpl$ServerStreamListenerImpl.messagesAvailable(ServerCallImpl.java:319)
	at io.grpc.internal.ServerImpl$JumpToApplicationThreadServerStreamListener$1MessagesAvailable.runInContext(ServerImpl.java:834)
	at io.grpc.internal.ContextRunnable.run(ContextRunnable.java:37)
	at io.grpc.internal.SerializingExecutor.run(SerializingExecutor.java:133)
	at java.base/java.util.concurrent.ThreadPoolExecutor.runWorker(ThreadPoolExecutor.java:1144)
	at java.base/java.util.concurrent.ThreadPoolExecutor$Worker.run(ThreadPoolExecutor.java:642)
	at java.base/java.lang.Thread.run(Thread.java:1583)
2026/09/02 23:21:39.801171 [sandbox] Caused by: java.lang.ClassNotFoundException: com.google.common.base.Throwables
	... 8 more
2026/09/02 23:21:39.846470 download: job 50 (chapter 22840) failed: fetching page list: rpc error: code = Unknown desc = Application error processing RPC
2026/09/02 23:21:39.846629 [sandbox] Exception in thread "grpc-default-executor-66" 
2026/09/02 23:21:39.846677 [sandbox] java.lang.NoClassDefFoundError: com/google/common/base/Throwables
2026/09/02 23:21:39.846693 [sandbox] 	at io.grpc.internal.ServerCallImpl$ServerStreamListenerImpl.messagesAvailableInternal(ServerCallImpl.java:343)
	at io.grpc.internal.ServerCallImpl$ServerStreamListenerImpl.messagesAvailable(ServerCallImpl.java:319)
2026/09/02 23:21:39.846707 [sandbox] 	at io.grpc.internal.ServerImpl$JumpToApplicationThreadServerStreamListener$1MessagesAvailable.runInContext(ServerImpl.java:834)
	at io.grpc.internal.ContextRunnable.run(ContextRunnable.java:37)
	at io.grpc.internal.SerializingExecutor.run(SerializingExecutor.java:133)
	at java.base/java.util.concurrent.ThreadPoolExecutor.runWorker(ThreadPoolExecutor.java:1144)
	at java.base/java.util.concurrent.ThreadPoolExecutor$Worker.run(ThreadPoolExecutor.java:642)
2026/09/02 23:21:39.846720 [sandbox] 	at java.base/java.lang.Thread.run(Thread.java:1583)
2026/09/02 23:21:39.846737 [sandbox] Caused by: java.lang.ClassNotFoundException: com.google.common.base.Throwables
	... 8 more
2026/09/02 23:21:39.890811 download: job 51 (chapter 22841) failed: fetching page list: rpc error: code = Unknown desc = Application error processing RPC
2026/09/02 23:21:39.890904 [sandbox] Exception in thread "grpc-default-executor-67" 
2026/09/02 23:21:39.890952 [sandbox] java.lang.NoClassDefFoundError: com/google/common/base/Throwables
2026/09/02 23:21:39.891079 [sandbox] 	at io.grpc.internal.ServerCallImpl$ServerStreamListenerImpl.messagesAvailableInternal(ServerCallImpl.java:343)
	at io.grpc.internal.ServerCallImpl$ServerStreamListenerImpl.messagesAvailable(ServerCallImpl.java:319)
	at io.grpc.internal.ServerImpl$JumpToApplicationThreadServerStreamListener$1MessagesAvailable.runInContext(ServerImpl.java:834)
	at io.grpc.internal.ContextRunnable.run(ContextRunnable.java:37)
	at io.grpc.internal.SerializingExecutor.run(SerializingExecutor.java:133)
	at java.base/java.util.concurrent.ThreadPoolExecutor.runWorker(ThreadPoolExecutor.java:1144)
	at java.base/java.util.concurrent.ThreadPoolExecutor$Worker.run(ThreadPoolExecutor.java:642)
	at java.base/java.lang.Thread.run(Thread.java:1583)
2026/09/02 23:21:39.891107 [sandbox] Caused by: java.lang.ClassNotFoundException: com.google.common.base.Throwables
	... 8 more
2026/09/02 23:21:39.950706 download: job 52 (chapter 22842) failed: fetching page list: rpc error: code = Unknown desc = Application error processing RPC
2026/09/02 23:21:39.950853 [sandbox] Exception in thread "grpc-default-executor-68" java.lang.NoClassDefFoundError: com/google/common/base/Throwables
	at io.grpc.internal.ServerCallImpl$ServerStreamListenerImpl.messagesAvailableInternal(ServerCallImpl.java:343)
	at io.grpc.internal.ServerCallImpl$ServerStreamListenerImpl.messagesAvailable(ServerCallImpl.java:319)
	at io.grpc.internal.ServerImpl$JumpToApplicationThreadServerStreamListener$1MessagesAvailable.runInContext(ServerImpl.java:834)
	at io.grpc.internal.ContextRunnable.run(ContextRunnable.java:37)
	at io.grpc.internal.SerializingExecutor.run(SerializingExecutor.java:133)
	at java.base/java.util.concurrent.ThreadPoolExecutor.runWorker(ThreadPoolExecutor.java:1144)
2026/09/02 23:21:39.950970 [sandbox] 	at java.base/java.util.concurrent.ThreadPoolExecutor$Worker.run(ThreadPoolExecutor.java:642)
	at java.base/java.lang.Thread.run(Thread.java:1583)
Caused by: java.lang.ClassNotFoundException: com.google.common.base.Throwables
	... 8 more
2026/09/02 23:21:39.996868 download: job 53 (chapter 22843) failed: fetching page list: rpc error: code = Unknown desc = Application error processing RPC
2026/09/02 23:21:39.997050 [sandbox] Exception in thread "grpc-default-executor-69" java.lang.NoClassDefFoundError: com/google/common/base/Throwables
2026/09/02 23:21:39.997127 [sandbox] 	at io.grpc.internal.ServerCallImpl$ServerStreamListenerImpl.messagesAvailableInternal(ServerCallImpl.java:343)
	at io.grpc.internal.ServerCallImpl$ServerStreamListenerImpl.messagesAvailable(ServerCallImpl.java:319)
	at io.grpc.internal.ServerImpl$JumpToApplicationThreadServerStreamListener$1MessagesAvailable.runInContext(ServerImpl.java:834)
	at io.grpc.internal.ContextRunnable.run(ContextRunnable.java:37)
	at io.grpc.internal.SerializingExecutor.run(SerializingExecutor.java:133)
	at java.base/java.util.concurrent.ThreadPoolExecutor.runWorker(ThreadPoolExecutor.java:1144)
	at java.base/java.util.concurrent.ThreadPoolExecutor$Worker.run(ThreadPoolExecutor.java:642)
	at java.base/java.lang.Thread.run(Thread.java:1583)
2026/09/02 23:21:39.997147 [sandbox] Caused by: java.lang.ClassNotFoundException: com.google.common.base.Throwables
	... 8 more
2026/09/02 23:21:40.041609 download: job 54 (chapter 22844) failed: fetching page list: rpc error: code = Unknown desc = Application error processing RPC
2026/09/02 23:21:40.041690 [sandbox] Exception in thread "grpc-default-executor-70" 
2026/09/02 23:21:40.041762 [sandbox] java.lang.NoClassDefFoundError: com/google/common/base/Throwables
	at io.grpc.internal.ServerCallImpl$ServerStreamListenerImpl.messagesAvailableInternal(ServerCallImpl.java:343)
	at io.grpc.internal.ServerCallImpl$ServerStreamListenerImpl.messagesAvailable(ServerCallImpl.java:319)
	at io.grpc.internal.ServerImpl$JumpToApplicationThreadServerStreamListener$1MessagesAvailable.runInContext(ServerImpl.java:834)
2026/09/02 23:21:40.041779 [sandbox] 	at io.grpc.internal.ContextRunnable.run(ContextRunnable.java:37)
	at io.grpc.internal.SerializingExecutor.run(SerializingExecutor.java:133)
	at java.base/java.util.concurrent.ThreadPoolExecutor.runWorker(ThreadPoolExecutor.java:1144)
	at java.base/java.util.concurrent.ThreadPoolExecutor$Worker.run(ThreadPoolExecutor.java:642)
	at java.base/java.lang.Thread.run(Thread.java:1583)
2026/09/02 23:21:40.041800 [sandbox] Caused by: java.lang.ClassNotFoundException: com.google.common.base.Throwables
2026/09/02 23:21:40.041808 [sandbox] 	... 8 more
2026/09/02 23:21:40.089022 download: job 55 (chapter 22845) failed: fetching page list: rpc error: code = Unknown desc = Application error processing RPC
2026/09/02 23:21:40.089046 [sandbox] Exception in thread "grpc-default-executor-71" 
2026/09/02 23:21:40.089228 [sandbox] java.lang.NoClassDefFoundError: com/google/common/base/Throwables
	at io.grpc.internal.ServerCallImpl$ServerStreamListenerImpl.messagesAvailableInternal(ServerCallImpl.java:343)
	at io.grpc.internal.ServerCallImpl$ServerStreamListenerImpl.messagesAvailable(ServerCallImpl.java:319)
	at io.grpc.internal.ServerImpl$JumpToApplicationThreadServerStreamListener$1MessagesAvailable.runInContext(ServerImpl.java:834)
	at io.grpc.internal.ContextRunnable.run(ContextRunnable.java:37)
	at io.grpc.internal.SerializingExecutor.run(SerializingExecutor.java:133)
	at java.base/java.util.concurrent.ThreadPoolExecutor.runWorker(ThreadPoolExecutor.java:1144)
	at java.base/java.util.concurrent.ThreadPoolExecutor$Worker.run(ThreadPoolExecutor.java:642)
	at java.base/java.lang.Thread.run(Thread.java:1583)
Caused by: java.lang.ClassNotFoundException: com.google.common.base.Throwables
	... 8 more
2026/09/02 23:21:40.132646 download: job 56 (chapter 22846) failed: fetching page list: rpc error: code = Unknown desc = Application error processing RPC
2026/09/02 23:21:40.132685 [sandbox] Exception in thread "grpc-default-executor-72" 
2026/09/02 23:21:40.132836 [sandbox] java.lang.NoClassDefFoundError: com/google/common/base/Throwables
	at io.grpc.internal.ServerCallImpl$ServerStreamListenerImpl.messagesAvailableInternal(ServerCallImpl.java:343)
	at io.grpc.internal.ServerCallImpl$ServerStreamListenerImpl.messagesAvailable(ServerCallImpl.java:319)
	at io.grpc.internal.ServerImpl$JumpToApplicationThreadServerStreamListener$1MessagesAvailable.runInContext(ServerImpl.java:834)
	at io.grpc.internal.ContextRunnable.run(ContextRunnable.java:37)
	at io.grpc.internal.SerializingExecutor.run(SerializingExecutor.java:133)
	at java.base/java.util.concurrent.ThreadPoolExecutor.runWorker(ThreadPoolExecutor.java:1144)
	at java.base/java.util.concurrent.ThreadPoolExecutor$Worker.run(ThreadPoolExecutor.java:642)
	at java.base/java.lang.Thread.run(Thread.java:1583)
Caused by: java.lang.ClassNotFoundException: com.google.common.base.Throwables
	... 8 more
2026/09/02 23:21:40.180881 download: job 57 (chapter 22847) failed: fetching page list: rpc error: code = Unknown desc = Application error processing RPC
2026/09/02 23:21:40.181000 [sandbox] Exception in thread "grpc-default-executor-73" 
2026/09/02 23:21:40.181044 [sandbox] java.lang.NoClassDefFoundError: com/google/common/base/Throwables
2026/09/02 23:21:40.181065 [sandbox] 	at io.grpc.internal.ServerCallImpl$ServerStreamListenerImpl.messagesAvailableInternal(ServerCallImpl.java:343)
2026/09/02 23:21:40.181078 [sandbox] 	at io.grpc.internal.ServerCallImpl$ServerStreamListenerImpl.messagesAvailable(ServerCallImpl.java:319)
	at io.grpc.internal.ServerImpl$JumpToApplicationThreadServerStreamListener$1MessagesAvailable.runInContext(ServerImpl.java:834)
	at io.grpc.internal.ContextRunnable.run(ContextRunnable.java:37)
2026/09/02 23:21:40.181090 [sandbox] 	at io.grpc.internal.SerializingExecutor.run(SerializingExecutor.java:133)
	at java.base/java.util.concurrent.ThreadPoolExecutor.runWorker(ThreadPoolExecutor.java:1144)
	at java.base/java.util.concurrent.ThreadPoolExecutor$Worker.run(ThreadPoolExecutor.java:642)
	at java.base/java.lang.Thread.run(Thread.java:1583)
2026/09/02 23:21:40.181115 [sandbox] Caused by: java.lang.ClassNotFoundException: com.google.common.base.Throwables
	... 8 more
2026/09/02 23:21:40.240653 download: job 58 (chapter 22848) failed: fetching page list: rpc error: code = Unknown desc = Application error processing RPC
2026/09/02 23:21:40.240785 [sandbox] Exception in thread "grpc-default-executor-74" 
2026/09/02 23:21:40.240821 [sandbox] java.lang.NoClassDefFoundError: com/google/common/base/Throwables
2026/09/02 23:21:40.240852 [sandbox] 	at io.grpc.internal.ServerCallImpl$ServerStreamListenerImpl.messagesAvailableInternal(ServerCallImpl.java:343)
	at io.grpc.internal.ServerCallImpl$ServerStreamListenerImpl.messagesAvailable(ServerCallImpl.java:319)
2026/09/02 23:21:40.240862 [sandbox] 	at io.grpc.internal.ServerImpl$JumpToApplicationThreadServerStreamListener$1MessagesAvailable.runInContext(ServerImpl.java:834)
	at io.grpc.internal.ContextRunnable.run(ContextRunnable.java:37)
	at io.grpc.internal.SerializingExecutor.run(SerializingExecutor.java:133)
	at java.base/java.util.concurrent.ThreadPoolExecutor.runWorker(ThreadPoolExecutor.java:1144)
2026/09/02 23:21:40.240873 [sandbox] 	at java.base/java.util.concurrent.ThreadPoolExecutor$Worker.run(ThreadPoolExecutor.java:642)
	at java.base/java.lang.Thread.run(Thread.java:1583)
2026/09/02 23:21:40.240895 [sandbox] Caused by: java.lang.ClassNotFoundException: com.google.common.base.Throwables
	... 8 more
2026/09/02 23:21:40.300593 download: job 59 (chapter 22849) failed: fetching page list: rpc error: code = Unknown desc = Application error processing RPC
2026/09/02 23:21:40.300672 [sandbox] Exception in thread "grpc-default-executor-75" 
2026/09/02 23:21:40.300741 [sandbox] java.lang.NoClassDefFoundError: com/google/common/base/Throwables
	at io.grpc.internal.ServerCallImpl$ServerStreamListenerImpl.messagesAvailableInternal(ServerCallImpl.java:343)
	at io.grpc.internal.ServerCallImpl$ServerStreamListenerImpl.messagesAvailable(ServerCallImpl.java:319)
	at io.grpc.internal.ServerImpl$JumpToApplicationThreadServerStreamListener$1MessagesAvailable.runInContext(ServerImpl.java:834)
	at io.grpc.internal.ContextRunnable.run(ContextRunnable.java:37)
	at io.grpc.internal.SerializingExecutor.run(SerializingExecutor.java:133)
	at java.base/java.util.concurrent.ThreadPoolExecutor.runWorker(ThreadPoolExecutor.java:1144)
2026/09/02 23:21:40.300782 [sandbox] 	at java.base/java.util.concurrent.ThreadPoolExecutor$Worker.run(ThreadPoolExecutor.java:642)
	at java.base/java.lang.Thread.run(Thread.java:1583)
Caused by: java.lang.ClassNotFoundException: com.google.common.base.Throwables
	... 8 more
2026/09/02 23:21:40.346521 download: job 60 (chapter 22850) failed: fetching page list: rpc error: code = Unknown desc = Application error processing RPC
2026/09/02 23:21:40.346633 [sandbox] Exception in thread "grpc-default-executor-76" 
2026/09/02 23:21:40.346682 [sandbox] java.lang.NoClassDefFoundError: com/google/common/base/Throwables
	at io.grpc.internal.ServerCallImpl$ServerStreamListenerImpl.messagesAvailableInternal(ServerCallImpl.java:343)
	at io.grpc.internal.ServerCallImpl$ServerStreamListenerImpl.messagesAvailable(ServerCallImpl.java:319)
2026/09/02 23:21:40.346697 [sandbox] 	at io.grpc.internal.ServerImpl$JumpToApplicationThreadServerStreamListener$1MessagesAvailable.runInContext(ServerImpl.java:834)
	at io.grpc.internal.ContextRunnable.run(ContextRunnable.java:37)
	at io.grpc.internal.SerializingExecutor.run(SerializingExecutor.java:133)
	at java.base/java.util.concurrent.ThreadPoolExecutor.runWorker(ThreadPoolExecutor.java:1144)
	at java.base/java.util.concurrent.ThreadPoolExecutor$Worker.run(ThreadPoolExecutor.java:642)
	at java.base/java.lang.Thread.run(Thread.java:1583)
2026/09/02 23:21:40.346721 [sandbox] Caused by: java.lang.ClassNotFoundException: com.google.common.base.Throwables
2026/09/02 23:21:40.346729 [sandbox] 	... 8 more
2026/09/02 23:21:40.391570 download: job 61 (chapter 22851) failed: fetching page list: rpc error: code = Unknown desc = Application error processing RPC
2026/09/02 23:21:40.391725 [sandbox] Exception in thread "grpc-default-executor-77" 
2026/09/02 23:21:40.391809 [sandbox] java.lang.NoClassDefFoundError: com/google/common/base/Throwables
	at io.grpc.internal.ServerCallImpl$ServerStreamListenerImpl.messagesAvailableInternal(ServerCallImpl.java:343)
	at io.grpc.internal.ServerCallImpl$ServerStreamListenerImpl.messagesAvailable(ServerCallImpl.java:319)
	at io.grpc.internal.ServerImpl$JumpToApplicationThreadServerStreamListener$1MessagesAvailable.runInContext(ServerImpl.java:834)
	at io.grpc.internal.ContextRunnable.run(ContextRunnable.java:37)
	at io.grpc.internal.SerializingExecutor.run(SerializingExecutor.java:133)
	at java.base/java.util.concurrent.ThreadPoolExecutor.runWorker(ThreadPoolExecutor.java:1144)
	at java.base/java.util.concurrent.ThreadPoolExecutor$Worker.run(ThreadPoolExecutor.java:642)
	at java.base/java.lang.Thread.run(Thread.java:1583)
2026/09/02 23:21:40.391836 [sandbox] Caused by: java.lang.ClassNotFoundException: com.google.common.base.Throwables
	... 8 more
2026/09/02 23:21:40.435221 download: job 62 (chapter 22852) failed: fetching page list: rpc error: code = Unknown desc = Application error processing RPC
2026/09/02 23:21:40.435418 [sandbox] Exception in thread "grpc-default-executor-78" 
2026/09/02 23:21:40.435451 [sandbox] java.lang.NoClassDefFoundError: com/google/common/base/Throwables
2026/09/02 23:21:40.435495 [sandbox] 	at io.grpc.internal.ServerCallImpl$ServerStreamListenerImpl.messagesAvailableInternal(ServerCallImpl.java:343)
	at io.grpc.internal.ServerCallImpl$ServerStreamListenerImpl.messagesAvailable(ServerCallImpl.java:319)
2026/09/02 23:21:40.435508 [sandbox] 	at io.grpc.internal.ServerImpl$JumpToApplicationThreadServerStreamListener$1MessagesAvailable.runInContext(ServerImpl.java:834)
	at io.grpc.internal.ContextRunnable.run(ContextRunnable.java:37)
	at io.grpc.internal.SerializingExecutor.run(SerializingExecutor.java:133)
2026/09/02 23:21:40.435523 [sandbox] 	at java.base/java.util.concurrent.ThreadPoolExecutor.runWorker(ThreadPoolExecutor.java:1144)
	at java.base/java.util.concurrent.ThreadPoolExecutor$Worker.run(ThreadPoolExecutor.java:642)
	at java.base/java.lang.Thread.run(Thread.java:1583)
2026/09/02 23:21:40.435540 [sandbox] Caused by: java.lang.ClassNotFoundException: com.google.common.base.Throwables
2026/09/02 23:21:40.435546 [sandbox] 	... 8 more
2026/09/02 23:21:40.494932 download: job 63 (chapter 22853) failed: fetching page list: rpc error: code = Unknown desc = Application error processing RPC
2026/09/02 23:21:40.495033 [sandbox] Exception in thread "grpc-default-executor-79" 
2026/09/02 23:21:40.495099 [sandbox] java.lang.NoClassDefFoundError: com/google/common/base/Throwables
2026/09/02 23:21:40.495143 [sandbox] 	at io.grpc.internal.ServerCallImpl$ServerStreamListenerImpl.messagesAvailableInternal(ServerCallImpl.java:343)
	at io.grpc.internal.ServerCallImpl$ServerStreamListenerImpl.messagesAvailable(ServerCallImpl.java:319)
2026/09/02 23:21:40.495157 [sandbox] 	at io.grpc.internal.ServerImpl$JumpToApplicationThreadServerStreamListener$1MessagesAvailable.runInContext(ServerImpl.java:834)
	at io.grpc.internal.ContextRunnable.run(ContextRunnable.java:37)
	at io.grpc.internal.SerializingExecutor.run(SerializingExecutor.java:133)
	at java.base/java.util.concurrent.ThreadPoolExecutor.runWorker(ThreadPoolExecutor.java:1144)
2026/09/02 23:21:40.495177 [sandbox] 	at java.base/java.util.concurrent.ThreadPoolExecutor$Worker.run(ThreadPoolExecutor.java:642)
	at java.base/java.lang.Thread.run(Thread.java:1583)
2026/09/02 23:21:40.495185 [sandbox] Caused by: java.lang.ClassNotFoundException: com.google.common.base.Throwables
2026/09/02 23:21:40.495193 [sandbox] 	... 8 more
2026/09/02 23:21:40.556413 download: job 64 (chapter 22854) failed: fetching page list: rpc error: code = Unknown desc = Application error processing RPC
2026/09/02 23:21:40.556577 [sandbox] Exception in thread "grpc-default-executor-80" 
2026/09/02 23:21:40.556656 [sandbox] java.lang.NoClassDefFoundError: com/google/common/base/Throwables
2026/09/02 23:21:40.556710 [sandbox] 	at io.grpc.internal.ServerCallImpl$ServerStreamListenerImpl.messagesAvailableInternal(ServerCallImpl.java:343)
	at io.grpc.internal.ServerCallImpl$ServerStreamListenerImpl.messagesAvailable(ServerCallImpl.java:319)
2026/09/02 23:21:40.556721 [sandbox] 	at io.grpc.internal.ServerImpl$JumpToApplicationThreadServerStreamListener$1MessagesAvailable.runInContext(ServerImpl.java:834)
	at io.grpc.internal.ContextRunnable.run(ContextRunnable.java:37)
	at io.grpc.internal.SerializingExecutor.run(SerializingExecutor.java:133)
	at java.base/java.util.concurrent.ThreadPoolExecutor.runWorker(ThreadPoolExecutor.java:1144)
	at java.base/java.util.concurrent.ThreadPoolExecutor$Worker.run(ThreadPoolExecutor.java:642)
2026/09/02 23:21:40.556730 [sandbox] 	at java.base/java.lang.Thread.run(Thread.java:1583)
2026/09/02 23:21:40.556751 [sandbox] Caused by: java.lang.ClassNotFoundException: com.google.common.base.Throwables
	... 8 more
2026/09/02 23:21:40.615823 download: job 65 (chapter 22855) failed: fetching page list: rpc error: code = Unknown desc = Application error processing RPC
2026/09/02 23:21:40.615887 [sandbox] Exception in thread "grpc-default-executor-81" 
2026/09/02 23:21:40.615933 [sandbox] java.lang.NoClassDefFoundError: com/google/common/base/Throwables
2026/09/02 23:21:40.615969 [sandbox] 	at io.grpc.internal.ServerCallImpl$ServerStreamListenerImpl.messagesAvailableInternal(ServerCallImpl.java:343)
	at io.grpc.internal.ServerCallImpl$ServerStreamListenerImpl.messagesAvailable(ServerCallImpl.java:319)
	at io.grpc.internal.ServerImpl$JumpToApplicationThreadServerStreamListener$1MessagesAvailable.runInContext(ServerImpl.java:834)
2026/09/02 23:21:40.616004 [sandbox] 	at io.grpc.internal.ContextRunnable.run(ContextRunnable.java:37)
	at io.grpc.internal.SerializingExecutor.run(SerializingExecutor.java:133)
	at java.base/java.util.concurrent.ThreadPoolExecutor.runWorker(ThreadPoolExecutor.java:1144)
	at java.base/java.util.concurrent.ThreadPoolExecutor$Worker.run(ThreadPoolExecutor.java:642)
	at java.base/java.lang.Thread.run(Thread.java:1583)
2026/09/02 23:21:40.616030 [sandbox] Caused by: java.lang.ClassNotFoundException: com.google.common.base.Throwables
	... 8 more
2026/09/02 23:21:40.659769 download: job 66 (chapter 22856) failed: fetching page list: rpc error: code = Unknown desc = Application error processing RPC
2026/09/02 23:21:40.659903 [sandbox] Exception in thread "grpc-default-executor-82" 
2026/09/02 23:21:40.659944 [sandbox] java.lang.NoClassDefFoundError: com/google/common/base/Throwables
2026/09/02 23:21:40.659965 [sandbox] 	at io.grpc.internal.ServerCallImpl$ServerStreamListenerImpl.messagesAvailableInternal(ServerCallImpl.java:343)
	at io.grpc.internal.ServerCallImpl$ServerStreamListenerImpl.messagesAvailable(ServerCallImpl.java:319)
	at io.grpc.internal.ServerImpl$JumpToApplicationThreadServerStreamListener$1MessagesAvailable.runInContext(ServerImpl.java:834)
2026/09/02 23:21:40.659981 [sandbox] 	at io.grpc.internal.ContextRunnable.run(ContextRunnable.java:37)
	at io.grpc.internal.SerializingExecutor.run(SerializingExecutor.java:133)
	at java.base/java.util.concurrent.ThreadPoolExecutor.runWorker(ThreadPoolExecutor.java:1144)
	at java.base/java.util.concurrent.ThreadPoolExecutor$Worker.run(ThreadPoolExecutor.java:642)
	at java.base/java.lang.Thread.run(Thread.java:1583)
2026/09/02 23:21:40.660003 [sandbox] Caused by: java.lang.ClassNotFoundException: com.google.common.base.Throwables
	... 8 more
2026/09/02 23:21:40.704592 download: job 67 (chapter 22857) failed: fetching page list: rpc error: code = Unknown desc = Application error processing RPC
2026/09/02 23:21:40.704648 [sandbox] Exception in thread "grpc-default-executor-83" 
2026/09/02 23:21:40.704723 [sandbox] java.lang.NoClassDefFoundError: com/google/common/base/Throwables
	at io.grpc.internal.ServerCallImpl$ServerStreamListenerImpl.messagesAvailableInternal(ServerCallImpl.java:343)
	at io.grpc.internal.ServerCallImpl$ServerStreamListenerImpl.messagesAvailable(ServerCallImpl.java:319)
	at io.grpc.internal.ServerImpl$JumpToApplicationThreadServerStreamListener$1MessagesAvailable.runInContext(ServerImpl.java:834)
	at io.grpc.internal.ContextRunnable.run(ContextRunnable.java:37)
	at io.grpc.internal.SerializingExecutor.run(SerializingExecutor.java:133)
2026/09/02 23:21:40.704743 [sandbox] 	at java.base/java.util.concurrent.ThreadPoolExecutor.runWorker(ThreadPoolExecutor.java:1144)
	at java.base/java.util.concurrent.ThreadPoolExecutor$Worker.run(ThreadPoolExecutor.java:642)
	at java.base/java.lang.Thread.run(Thread.java:1583)
2026/09/02 23:21:40.704758 [sandbox] Caused by: java.lang.ClassNotFoundException: com.google.common.base.Throwables
	... 8 more
2026/09/02 23:21:40.749726 download: job 68 (chapter 22858) failed: fetching page list: rpc error: code = Unknown desc = Application error processing RPC
2026/09/02 23:21:40.749762 [sandbox] Exception in thread "grpc-default-executor-84" 
2026/09/02 23:21:40.749838 [sandbox] java.lang.NoClassDefFoundError: com/google/common/base/Throwables
	at io.grpc.internal.ServerCallImpl$ServerStreamListenerImpl.messagesAvailableInternal(ServerCallImpl.java:343)
	at io.grpc.internal.ServerCallImpl$ServerStreamListenerImpl.messagesAvailable(ServerCallImpl.java:319)
	at io.grpc.internal.ServerImpl$JumpToApplicationThreadServerStreamListener$1MessagesAvailable.runInContext(ServerImpl.java:834)
	at io.grpc.internal.ContextRunnable.run(ContextRunnable.java:37)
	at io.grpc.internal.SerializingExecutor.run(SerializingExecutor.java:133)
	at java.base/java.util.concurrent.ThreadPoolExecutor.runWorker(ThreadPoolExecutor.java:1144)
2026/09/02 23:21:40.749866 [sandbox] 	at java.base/java.util.concurrent.ThreadPoolExecutor$Worker.run(ThreadPoolExecutor.java:642)
	at java.base/java.lang.Thread.run(Thread.java:1583)
Caused by: java.lang.ClassNotFoundException: com.google.common.base.Throwables
2026/09/02 23:21:40.749899 [sandbox] 	... 8 more
2026/09/02 23:21:40.795735 download: job 69 (chapter 22859) failed: fetching page list: rpc error: code = Unknown desc = Application error processing RPC
2026/09/02 23:21:40.795809 [sandbox] Exception in thread "grpc-default-executor-85" java.lang.NoClassDefFoundError: com/google/common/base/Throwables
2026/09/02 23:21:40.795867 [sandbox] 	at io.grpc.internal.ServerCallImpl$ServerStreamListenerImpl.messagesAvailableInternal(ServerCallImpl.java:343)
	at io.grpc.internal.ServerCallImpl$ServerStreamListenerImpl.messagesAvailable(ServerCallImpl.java:319)
2026/09/02 23:21:40.795887 [sandbox] 	at io.grpc.internal.ServerImpl$JumpToApplicationThreadServerStreamListener$1MessagesAvailable.runInContext(ServerImpl.java:834)
	at io.grpc.internal.ContextRunnable.run(ContextRunnable.java:37)
	at io.grpc.internal.SerializingExecutor.run(SerializingExecutor.java:133)
	at java.base/java.util.concurrent.ThreadPoolExecutor.runWorker(ThreadPoolExecutor.java:1144)
	at java.base/java.util.concurrent.ThreadPoolExecutor$Worker.run(ThreadPoolExecutor.java:642)
	at java.base/java.lang.Thread.run(Thread.java:1583)
2026/09/02 23:21:40.795908 [sandbox] Caused by: java.lang.ClassNotFoundException: com.google.common.base.Throwables
2026/09/02 23:21:40.795917 [sandbox] 	... 8 more
2026/09/02 23:21:40.840977 download: job 70 (chapter 22860) failed: fetching page list: rpc error: code = Unknown desc = Application error processing RPC
2026/09/02 23:21:40.841123 [sandbox] Exception in thread "grpc-default-executor-86" java.lang.NoClassDefFoundError: com/google/common/base/Throwables
2026/09/02 23:21:40.841190 [sandbox] 	at io.grpc.internal.ServerCallImpl$ServerStreamListenerImpl.messagesAvailableInternal(ServerCallImpl.java:343)
	at io.grpc.internal.ServerCallImpl$ServerStreamListenerImpl.messagesAvailable(ServerCallImpl.java:319)
	at io.grpc.internal.ServerImpl$JumpToApplicationThreadServerStreamListener$1MessagesAvailable.runInContext(ServerImpl.java:834)
	at io.grpc.internal.ContextRunnable.run(ContextRunnable.java:37)
	at io.grpc.internal.SerializingExecutor.run(SerializingExecutor.java:133)
	at java.base/java.util.concurrent.ThreadPoolExecutor.runWorker(ThreadPoolExecutor.java:1144)
	at java.base/java.util.concurrent.ThreadPoolExecutor$Worker.run(ThreadPoolExecutor.java:642)
	at java.base/java.lang.Thread.run(Thread.java:1583)
2026/09/02 23:21:40.841218 [sandbox] Caused by: java.lang.ClassNotFoundException: com.google.common.base.Throwables
	... 8 more
2026/09/02 23:21:40.886889 download: job 71 (chapter 22861) failed: fetching page list: rpc error: code = Unknown desc = Application error processing RPC
2026/09/02 23:21:40.886975 [sandbox] Exception in thread "grpc-default-executor-87" java.lang.NoClassDefFoundError: com/google/common/base/Throwables
2026/09/02 23:21:40.887059 [sandbox] 	at io.grpc.internal.ServerCallImpl$ServerStreamListenerImpl.messagesAvailableInternal(ServerCallImpl.java:343)
	at io.grpc.internal.ServerCallImpl$ServerStreamListenerImpl.messagesAvailable(ServerCallImpl.java:319)
	at io.grpc.internal.ServerImpl$JumpToApplicationThreadServerStreamListener$1MessagesAvailable.runInContext(ServerImpl.java:834)
	at io.grpc.internal.ContextRunnable.run(ContextRunnable.java:37)
	at io.grpc.internal.SerializingExecutor.run(SerializingExecutor.java:133)
	at java.base/java.util.concurrent.ThreadPoolExecutor.runWorker(ThreadPoolExecutor.java:1144)
	at java.base/java.util.concurrent.ThreadPoolExecutor$Worker.run(ThreadPoolExecutor.java:642)
	at java.base/java.lang.Thread.run(Thread.java:1583)
Caused by: java.lang.ClassNotFoundException: com.google.common.base.Throwables
	... 8 more
2026/09/02 23:21:40.931811 download: job 72 (chapter 22862) failed: fetching page list: rpc error: code = Unknown desc = Application error processing RPC
2026/09/02 23:21:40.931978 [sandbox] Exception in thread "grpc-default-executor-88" java.lang.NoClassDefFoundError: com/google/common/base/Throwables
2026/09/02 23:21:40.932049 [sandbox] 	at io.grpc.internal.ServerCallImpl$ServerStreamListenerImpl.messagesAvailableInternal(ServerCallImpl.java:343)
	at io.grpc.internal.ServerCallImpl$ServerStreamListenerImpl.messagesAvailable(ServerCallImpl.java:319)
	at io.grpc.internal.ServerImpl$JumpToApplicationThreadServerStreamListener$1MessagesAvailable.runInContext(ServerImpl.java:834)
	at io.grpc.internal.ContextRunnable.run(ContextRunnable.java:37)
	at io.grpc.internal.SerializingExecutor.run(SerializingExecutor.java:133)
	at java.base/java.util.concurrent.ThreadPoolExecutor.runWorker(ThreadPoolExecutor.java:1144)
	at java.base/java.util.concurrent.ThreadPoolExecutor$Worker.run(ThreadPoolExecutor.java:642)
	at java.base/java.lang.Thread.run(Thread.java:1583)
Caused by: java.lang.ClassNotFoundException: com.google.common.base.Throwables
	... 8 more
2026/09/02 23:21:40.993450 download: job 73 (chapter 22863) failed: fetching page list: rpc error: code = Unknown desc = Application error processing RPC
2026/09/02 23:21:40.993677 [sandbox] Exception in thread "grpc-default-executor-89" java.lang.NoClassDefFoundError: com/google/common/base/Throwables
2026/09/02 23:21:40.993715 [sandbox] 	at io.grpc.internal.ServerCallImpl$ServerStreamListenerImpl.messagesAvailableInternal(ServerCallImpl.java:343)
2026/09/02 23:21:40.993734 [sandbox] 	at io.grpc.internal.ServerCallImpl$ServerStreamListenerImpl.messagesAvailable(ServerCallImpl.java:319)
	at io.grpc.internal.ServerImpl$JumpToApplicationThreadServerStreamListener$1MessagesAvailable.runInContext(ServerImpl.java:834)
	at io.grpc.internal.ContextRunnable.run(ContextRunnable.java:37)
	at io.grpc.internal.SerializingExecutor.run(SerializingExecutor.java:133)
	at java.base/java.util.concurrent.ThreadPoolExecutor.runWorker(ThreadPoolExecutor.java:1144)
2026/09/02 23:21:40.993753 [sandbox] 	at java.base/java.util.concurrent.ThreadPoolExecutor$Worker.run(ThreadPoolExecutor.java:642)
	at java.base/java.lang.Thread.run(Thread.java:1583)
2026/09/02 23:21:40.993762 [sandbox] Caused by: java.lang.ClassNotFoundException: com.google.common.base.Throwables
2026/09/02 23:21:40.993803 [sandbox] 	... 8 more
2026/09/02 23:21:41.039567 download: job 74 (chapter 22864) failed: fetching page list: rpc error: code = Unknown desc = Application error processing RPC
2026/09/02 23:21:41.039680 [sandbox] Exception in thread "grpc-default-executor-90" 
2026/09/02 23:21:41.039714 [sandbox] java.lang.NoClassDefFoundError: com/google/common/base/Throwables
2026/09/02 23:21:41.039747 [sandbox] 	at io.grpc.internal.ServerCallImpl$ServerStreamListenerImpl.messagesAvailableInternal(ServerCallImpl.java:343)
	at io.grpc.internal.ServerCallImpl$ServerStreamListenerImpl.messagesAvailable(ServerCallImpl.java:319)
2026/09/02 23:21:41.039759 [sandbox] 	at io.grpc.internal.ServerImpl$JumpToApplicationThreadServerStreamListener$1MessagesAvailable.runInContext(ServerImpl.java:834)
	at io.grpc.internal.ContextRunnable.run(ContextRunnable.java:37)
	at io.grpc.internal.SerializingExecutor.run(SerializingExecutor.java:133)
	at java.base/java.util.concurrent.ThreadPoolExecutor.runWorker(ThreadPoolExecutor.java:1144)
2026/09/02 23:21:41.039768 [sandbox] 	at java.base/java.util.concurrent.ThreadPoolExecutor$Worker.run(ThreadPoolExecutor.java:642)
	at java.base/java.lang.Thread.run(Thread.java:1583)
2026/09/02 23:21:41.039795 [sandbox] Caused by: java.lang.ClassNotFoundException: com.google.common.base.Throwables
	... 8 more
2026/09/02 23:21:41.083582 download: job 75 (chapter 22865) failed: fetching page list: rpc error: code = Unknown desc = Application error processing RPC
2026/09/02 23:21:41.083644 [sandbox] Exception in thread "grpc-default-executor-91" 
2026/09/02 23:21:41.083814 [sandbox] java.lang.NoClassDefFoundError: com/google/common/base/Throwables
	at io.grpc.internal.ServerCallImpl$ServerStreamListenerImpl.messagesAvailableInternal(ServerCallImpl.java:343)
	at io.grpc.internal.ServerCallImpl$ServerStreamListenerImpl.messagesAvailable(ServerCallImpl.java:319)
	at io.grpc.internal.ServerImpl$JumpToApplicationThreadServerStreamListener$1MessagesAvailable.runInContext(ServerImpl.java:834)
	at io.grpc.internal.ContextRunnable.run(ContextRunnable.java:37)
	at io.grpc.internal.SerializingExecutor.run(SerializingExecutor.java:133)
	at java.base/java.util.concurrent.ThreadPoolExecutor.runWorker(ThreadPoolExecutor.java:1144)
	at java.base/java.util.concurrent.ThreadPoolExecutor$Worker.run(ThreadPoolExecutor.java:642)
	at java.base/java.lang.Thread.run(Thread.java:1583)
Caused by: java.lang.ClassNotFoundException: com.google.common.base.Throwables
	... 8 more
2026/09/02 23:21:41.143884 download: job 76 (chapter 22866) failed: fetching page list: rpc error: code = Unknown desc = Application error processing RPC
2026/09/02 23:21:41.144067 [sandbox] Exception in thread "grpc-default-executor-92" 
2026/09/02 23:21:41.144113 [sandbox] java.lang.NoClassDefFoundError: com/google/common/base/Throwables
2026/09/02 23:21:41.144141 [sandbox] 	at io.grpc.internal.ServerCallImpl$ServerStreamListenerImpl.messagesAvailableInternal(ServerCallImpl.java:343)
	at io.grpc.internal.ServerCallImpl$ServerStreamListenerImpl.messagesAvailable(ServerCallImpl.java:319)
2026/09/02 23:21:41.144153 [sandbox] 	at io.grpc.internal.ServerImpl$JumpToApplicationThreadServerStreamListener$1MessagesAvailable.runInContext(ServerImpl.java:834)
	at io.grpc.internal.ContextRunnable.run(ContextRunnable.java:37)
	at io.grpc.internal.SerializingExecutor.run(SerializingExecutor.java:133)
	at java.base/java.util.concurrent.ThreadPoolExecutor.runWorker(ThreadPoolExecutor.java:1144)
	at java.base/java.util.concurrent.ThreadPoolExecutor$Worker.run(ThreadPoolExecutor.java:642)
	at java.base/java.lang.Thread.run(Thread.java:1583)
2026/09/02 23:21:41.144174 [sandbox] Caused by: java.lang.ClassNotFoundException: com.google.common.base.Throwables
	... 8 more
2026/09/02 23:21:41.204470 download: job 77 (chapter 22867) failed: fetching page list: rpc error: code = Unknown desc = Application error processing RPC
2026/09/02 23:21:41.204522 [sandbox] Exception in thread "grpc-default-executor-93" 
2026/09/02 23:21:41.204668 [sandbox] java.lang.NoClassDefFoundError: com/google/common/base/Throwables
	at io.grpc.internal.ServerCallImpl$ServerStreamListenerImpl.messagesAvailableInternal(ServerCallImpl.java:343)
	at io.grpc.internal.ServerCallImpl$ServerStreamListenerImpl.messagesAvailable(ServerCallImpl.java:319)
	at io.grpc.internal.ServerImpl$JumpToApplicationThreadServerStreamListener$1MessagesAvailable.runInContext(ServerImpl.java:834)
	at io.grpc.internal.ContextRunnable.run(ContextRunnable.java:37)
	at io.grpc.internal.SerializingExecutor.run(SerializingExecutor.java:133)
	at java.base/java.util.concurrent.ThreadPoolExecutor.runWorker(ThreadPoolExecutor.java:1144)
	at java.base/java.util.concurrent.ThreadPoolExecutor$Worker.run(ThreadPoolExecutor.java:642)
	at java.base/java.lang.Thread.run(Thread.java:1583)
Caused by: java.lang.ClassNotFoundException: com.google.common.base.Throwables
	... 8 more
2026/09/02 23:21:41.249400 download: job 78 (chapter 22868) failed: fetching page list: rpc error: code = Unknown desc = Application error processing RPC
2026/09/02 23:21:41.249507 [sandbox] Exception in thread "grpc-default-executor-94" 
2026/09/02 23:21:41.249550 [sandbox] java.lang.NoClassDefFoundError: com/google/common/base/Throwables
2026/09/02 23:21:41.249576 [sandbox] 	at io.grpc.internal.ServerCallImpl$ServerStreamListenerImpl.messagesAvailableInternal(ServerCallImpl.java:343)
	at io.grpc.internal.ServerCallImpl$ServerStreamListenerImpl.messagesAvailable(ServerCallImpl.java:319)
2026/09/02 23:21:41.249589 [sandbox] 	at io.grpc.internal.ServerImpl$JumpToApplicationThreadServerStreamListener$1MessagesAvailable.runInContext(ServerImpl.java:834)
	at io.grpc.internal.ContextRunnable.run(ContextRunnable.java:37)
	at io.grpc.internal.SerializingExecutor.run(SerializingExecutor.java:133)
2026/09/02 23:21:41.249600 [sandbox] 	at java.base/java.util.concurrent.ThreadPoolExecutor.runWorker(ThreadPoolExecutor.java:1144)
	at java.base/java.util.concurrent.ThreadPoolExecutor$Worker.run(ThreadPoolExecutor.java:642)
	at java.base/java.lang.Thread.run(Thread.java:1583)
2026/09/02 23:21:41.249623 [sandbox] Caused by: java.lang.ClassNotFoundException: com.google.common.base.Throwables
2026/09/02 23:21:41.249645 [sandbox] 	... 8 more
2026/09/02 23:21:41.311747 download: job 79 (chapter 22869) failed: fetching page list: rpc error: code = Unknown desc = Application error processing RPC
2026/09/02 23:21:41.311913 [sandbox] Exception in thread "grpc-default-executor-95" java.lang.NoClassDefFoundError: com/google/common/base/Throwables
2026/09/02 23:21:41.311954 [sandbox] 	at io.grpc.internal.ServerCallImpl$ServerStreamListenerImpl.messagesAvailableInternal(ServerCallImpl.java:343)
	at io.grpc.internal.ServerCallImpl$ServerStreamListenerImpl.messagesAvailable(ServerCallImpl.java:319)
	at io.grpc.internal.ServerImpl$JumpToApplicationThreadServerStreamListener$1MessagesAvailable.runInContext(ServerImpl.java:834)
	at io.grpc.internal.ContextRunnable.run(ContextRunnable.java:37)
	at io.grpc.internal.SerializingExecutor.run(SerializingExecutor.java:133)
	at java.base/java.util.concurrent.ThreadPoolExecutor.runWorker(ThreadPoolExecutor.java:1144)
	at java.base/java.util.concurrent.ThreadPoolExecutor$Worker.run(ThreadPoolExecutor.java:642)
	at java.base/java.lang.Thread.run(Thread.java:1583)
2026/09/02 23:21:41.311973 [sandbox] Caused by: java.lang.ClassNotFoundException: com.google.common.base.Throwables
	... 8 more
2026/09/02 23:21:41.356469 download: job 80 (chapter 22870) failed: fetching page list: rpc error: code = Unknown desc = Application error processing RPC
2026/09/02 23:21:41.356610 [sandbox] Exception in thread "grpc-default-executor-96" java.lang.NoClassDefFoundError: com/google/common/base/Throwables
2026/09/02 23:21:41.356652 [sandbox] 	at io.grpc.internal.ServerCallImpl$ServerStreamListenerImpl.messagesAvailableInternal(ServerCallImpl.java:343)
2026/09/02 23:21:41.356666 [sandbox] 	at io.grpc.internal.ServerCallImpl$ServerStreamListenerImpl.messagesAvailable(ServerCallImpl.java:319)
	at io.grpc.internal.ServerImpl$JumpToApplicationThreadServerStreamListener$1MessagesAvailable.runInContext(ServerImpl.java:834)
	at io.grpc.internal.ContextRunnable.run(ContextRunnable.java:37)
	at io.grpc.internal.SerializingExecutor.run(SerializingExecutor.java:133)
2026/09/02 23:21:41.356679 [sandbox] 	at java.base/java.util.concurrent.ThreadPoolExecutor.runWorker(ThreadPoolExecutor.java:1144)
	at java.base/java.util.concurrent.ThreadPoolExecutor$Worker.run(ThreadPoolExecutor.java:642)
	at java.base/java.lang.Thread.run(Thread.java:1583)
2026/09/02 23:21:41.356708 [sandbox] Caused by: java.lang.ClassNotFoundException: com.google.common.base.Throwables
	... 8 more
2026/09/02 23:21:41.416309 download: job 81 (chapter 22871) failed: fetching page list: rpc error: code = Unknown desc = Application error processing RPC
2026/09/02 23:21:41.416502 [sandbox] Exception in thread "grpc-default-executor-97" java.lang.NoClassDefFoundError: com/google/common/base/Throwables
2026/09/02 23:21:41.416554 [sandbox] 	at io.grpc.internal.ServerCallImpl$ServerStreamListenerImpl.messagesAvailableInternal(ServerCallImpl.java:343)
	at io.grpc.internal.ServerCallImpl$ServerStreamListenerImpl.messagesAvailable(ServerCallImpl.java:319)
	at io.grpc.internal.ServerImpl$JumpToApplicationThreadServerStreamListener$1MessagesAvailable.runInContext(ServerImpl.java:834)
	at io.grpc.internal.ContextRunnable.run(ContextRunnable.java:37)
	at io.grpc.internal.SerializingExecutor.run(SerializingExecutor.java:133)
	at java.base/java.util.concurrent.ThreadPoolExecutor.runWorker(ThreadPoolExecutor.java:1144)
	at java.base/java.util.concurrent.ThreadPoolExecutor$Worker.run(ThreadPoolExecutor.java:642)
2026/09/02 23:21:41.416588 [sandbox] 	at java.base/java.lang.Thread.run(Thread.java:1583)
Caused by: java.lang.ClassNotFoundException: com.google.common.base.Throwables
	... 8 more
2026/09/02 23:21:41.462337 download: job 82 (chapter 22872) failed: fetching page list: rpc error: code = Unknown desc = Application error processing RPC
2026/09/02 23:21:41.462463 [sandbox] Exception in thread "grpc-default-executor-98" java.lang.NoClassDefFoundError: com/google/common/base/Throwables
2026/09/02 23:21:41.462515 [sandbox] 	at io.grpc.internal.ServerCallImpl$ServerStreamListenerImpl.messagesAvailableInternal(ServerCallImpl.java:343)
	at io.grpc.internal.ServerCallImpl$ServerStreamListenerImpl.messagesAvailable(ServerCallImpl.java:319)
	at io.grpc.internal.ServerImpl$JumpToApplicationThreadServerStreamListener$1MessagesAvailable.runInContext(ServerImpl.java:834)
	at io.grpc.internal.ContextRunnable.run(ContextRunnable.java:37)
2026/09/02 23:21:41.462541 [sandbox] 	at io.grpc.internal.SerializingExecutor.run(SerializingExecutor.java:133)
	at java.base/java.util.concurrent.ThreadPoolExecutor.runWorker(ThreadPoolExecutor.java:1144)
	at java.base/java.util.concurrent.ThreadPoolExecutor$Worker.run(ThreadPoolExecutor.java:642)
	at java.base/java.lang.Thread.run(Thread.java:1583)
2026/09/02 23:21:41.462552 [sandbox] Caused by: java.lang.ClassNotFoundException: com.google.common.base.Throwables
	... 8 more
2026/09/02 23:21:41.524634 download: job 83 (chapter 22873) failed: fetching page list: rpc error: code = Unknown desc = Application error processing RPC
2026/09/02 23:21:41.524741 [sandbox] Exception in thread "grpc-default-executor-99" 
2026/09/02 23:21:41.524781 [sandbox] java.lang.NoClassDefFoundError: com/google/common/base/Throwables
2026/09/02 23:21:41.524812 [sandbox] 	at io.grpc.internal.ServerCallImpl$ServerStreamListenerImpl.messagesAvailableInternal(ServerCallImpl.java:343)
	at io.grpc.internal.ServerCallImpl$ServerStreamListenerImpl.messagesAvailable(ServerCallImpl.java:319)
2026/09/02 23:21:41.524832 [sandbox] 	at io.grpc.internal.ServerImpl$JumpToApplicationThreadServerStreamListener$1MessagesAvailable.runInContext(ServerImpl.java:834)
	at io.grpc.internal.ContextRunnable.run(ContextRunnable.java:37)
	at io.grpc.internal.SerializingExecutor.run(SerializingExecutor.java:133)
	at java.base/java.util.concurrent.ThreadPoolExecutor.runWorker(ThreadPoolExecutor.java:1144)
	at java.base/java.util.concurrent.ThreadPoolExecutor$Worker.run(ThreadPoolExecutor.java:642)
	at java.base/java.lang.Thread.run(Thread.java:1583)
2026/09/02 23:21:41.524858 [sandbox] Caused by: java.lang.ClassNotFoundException: com.google.common.base.Throwables
	... 8 more
2026/09/02 23:21:41.591390 download: job 84 (chapter 22874) failed: fetching page list: rpc error: code = Unknown desc = Application error processing RPC
2026/09/02 23:21:41.591499 [sandbox] Exception in thread "grpc-default-executor-100" 
2026/09/02 23:21:41.591585 [sandbox] java.lang.NoClassDefFoundError: com/google/common/base/Throwables
	at io.grpc.internal.ServerCallImpl$ServerStreamListenerImpl.messagesAvailableInternal(ServerCallImpl.java:343)
2026/09/02 23:21:41.591610 [sandbox] 	at io.grpc.internal.ServerCallImpl$ServerStreamListenerImpl.messagesAvailable(ServerCallImpl.java:319)
	at io.grpc.internal.ServerImpl$JumpToApplicationThreadServerStreamListener$1MessagesAvailable.runInContext(ServerImpl.java:834)
	at io.grpc.internal.ContextRunnable.run(ContextRunnable.java:37)
	at io.grpc.internal.SerializingExecutor.run(SerializingExecutor.java:133)
	at java.base/java.util.concurrent.ThreadPoolExecutor.runWorker(ThreadPoolExecutor.java:1144)
2026/09/02 23:21:41.591635 [sandbox] 	at java.base/java.util.concurrent.ThreadPoolExecutor$Worker.run(ThreadPoolExecutor.java:642)
	at java.base/java.lang.Thread.run(Thread.java:1583)
2026/09/02 23:21:41.591655 [sandbox] Caused by: java.lang.ClassNotFoundException: com.google.common.base.Throwables
	... 8 more
2026/09/02 23:21:41.646743 [sandbox] Exception in thread "grpc-default-executor-101" java.lang.NoClassDefFoundError: com/google/common/base/Throwables
	at io.grpc.internal.ServerCallImpl$ServerStreamListenerImpl.messagesAvailableInternal(ServerCallImpl.java:343)
	at io.grpc.internal.ServerCallImpl$ServerStreamListenerImpl.messagesAvailable(ServerCallImpl.java:319)
	at io.grpc.internal.ServerImpl$JumpToApplicationThreadServerStreamListener$1MessagesAvailable.runInContext(ServerImpl.java:834)
	at io.grpc.internal.ContextRunnable.run(ContextRunnable.java:37)
	at io.grpc.internal.SerializingExecutor.run(SerializingExecutor.java:133)
	at java.base/java.util.concurrent.ThreadPoolExecutor.runWorker(ThreadPoolExecutor.java:1144)
	at java.base/java.util.concurrent.ThreadPoolExecutor$Worker.run(ThreadPoolExecutor.java:642)
	at java.base/java.lang.Thread.run(Thread.java:1583)
Caused by: java.lang.ClassNotFoundException: com.google.common.base.Throwables
	... 8 more
2026/09/02 23:21:41.646761 download: job 85 (chapter 22875) failed: fetching page list: rpc error: code = Unknown desc = Application error processing RPC
2026/09/02 23:21:41.728324 download: job 86 (chapter 22876) failed: fetching page list: rpc error: code = Unknown desc = Application error processing RPC
2026/09/02 23:21:41.728354 [sandbox] Exception in thread "grpc-default-executor-32" 
2026/09/02 23:21:41.728422 [sandbox] java.lang.NoClassDefFoundError: com/google/common/base/Throwables
	at io.grpc.internal.ServerCallImpl$ServerStreamListenerImpl.messagesAvailableInternal(ServerCallImpl.java:343)
	at io.grpc.internal.ServerCallImpl$ServerStreamListenerImpl.messagesAvailable(ServerCallImpl.java:319)
	at io.grpc.internal.ServerImpl$JumpToApplicationThreadServerStreamListener$1MessagesAvailable.runInContext(ServerImpl.java:834)
	at io.grpc.internal.ContextRunnable.run(ContextRunnable.java:37)
	at io.grpc.internal.SerializingExecutor.run(SerializingExecutor.java:133)
	at java.base/java.util.concurrent.ThreadPoolExecutor.runWorker(ThreadPoolExecutor.java:1144)
	at java.base/java.util.concurrent.ThreadPoolExecutor$Worker.run(ThreadPoolExecutor.java:642)
2026/09/02 23:21:41.728440 [sandbox] 	at java.base/java.lang.Thread.run(Thread.java:1583)
2026/09/02 23:21:41.728449 [sandbox] Caused by: java.lang.ClassNotFoundException: com.google.common.base.Throwables
	... 8 more
2026/09/02 23:21:41.806628 download: job 87 (chapter 22877) failed: fetching page list: rpc error: code = Unknown desc = Application error processing RPC
2026/09/02 23:21:41.806736 [sandbox] Exception in thread "grpc-default-executor-103" 
2026/09/02 23:21:41.806763 [sandbox] java.lang.NoClassDefFoundError: com/google/common/base/Throwables
2026/09/02 23:21:41.806798 [sandbox] 	at io.grpc.internal.ServerCallImpl$ServerStreamListenerImpl.messagesAvailableInternal(ServerCallImpl.java:343)
	at io.grpc.internal.ServerCallImpl$ServerStreamListenerImpl.messagesAvailable(ServerCallImpl.java:319)
2026/09/02 23:21:41.806867 [sandbox] 	at io.grpc.internal.ServerImpl$JumpToApplicationThreadServerStreamListener$1MessagesAvailable.runInContext(ServerImpl.java:834)
	at io.grpc.internal.ContextRunnable.run(ContextRunnable.java:37)
	at io.grpc.internal.SerializingExecutor.run(SerializingExecutor.java:133)
	at java.base/java.util.concurrent.ThreadPoolExecutor.runWorker(ThreadPoolExecutor.java:1144)
	at java.base/java.util.concurrent.ThreadPoolExecutor$Worker.run(ThreadPoolExecutor.java:642)
	at java.base/java.lang.Thread.run(Thread.java:1583)
Caused by: java.lang.ClassNotFoundException: com.google.common.base.Throwables
	... 8 more
2026/09/02 23:21:41.868238 download: job 88 (chapter 22878) failed: fetching page list: rpc error: code = Unknown desc = Application error processing RPC
2026/09/02 23:21:41.868378 [sandbox] Exception in thread "grpc-default-executor-104" java.lang.NoClassDefFoundError: com/google/common/base/Throwables
2026/09/02 23:21:41.868434 [sandbox] 	at io.grpc.internal.ServerCallImpl$ServerStreamListenerImpl.messagesAvailableInternal(ServerCallImpl.java:343)
	at io.grpc.internal.ServerCallImpl$ServerStreamListenerImpl.messagesAvailable(ServerCallImpl.java:319)
	at io.grpc.internal.ServerImpl$JumpToApplicationThreadServerStreamListener$1MessagesAvailable.runInContext(ServerImpl.java:834)
	at io.grpc.internal.ContextRunnable.run(ContextRunnable.java:37)
	at io.grpc.internal.SerializingExecutor.run(SerializingExecutor.java:133)
2026/09/02 23:21:41.868456 [sandbox] 	at java.base/java.util.concurrent.ThreadPoolExecutor.runWorker(ThreadPoolExecutor.java:1144)
	at java.base/java.util.concurrent.ThreadPoolExecutor$Worker.run(ThreadPoolExecutor.java:642)
	at java.base/java.lang.Thread.run(Thread.java:1583)
2026/09/02 23:21:41.868484 [sandbox] Caused by: java.lang.ClassNotFoundException: com.google.common.base.Throwables
	... 8 more
2026/09/02 23:21:41.918726 download: job 89 (chapter 22879) failed: fetching page list: rpc error: code = Unknown desc = Application error processing RPC
2026/09/02 23:21:41.918842 [sandbox] Exception in thread "grpc-default-executor-105" 
2026/09/02 23:21:41.918883 [sandbox] java.lang.NoClassDefFoundError: com/google/common/base/Throwables
2026/09/02 23:21:41.918893 [sandbox] 	at io.grpc.internal.ServerCallImpl$ServerStreamListenerImpl.messagesAvailableInternal(ServerCallImpl.java:343)
2026/09/02 23:21:41.918904 [sandbox] 	at io.grpc.internal.ServerCallImpl$ServerStreamListenerImpl.messagesAvailable(ServerCallImpl.java:319)
	at io.grpc.internal.ServerImpl$JumpToApplicationThreadServerStreamListener$1MessagesAvailable.runInContext(ServerImpl.java:834)
2026/09/02 23:21:41.918924 [sandbox] 	at io.grpc.internal.ContextRunnable.run(ContextRunnable.java:37)
	at io.grpc.internal.SerializingExecutor.run(SerializingExecutor.java:133)
	at java.base/java.util.concurrent.ThreadPoolExecutor.runWorker(ThreadPoolExecutor.java:1144)
	at java.base/java.util.concurrent.ThreadPoolExecutor$Worker.run(ThreadPoolExecutor.java:642)
	at java.base/java.lang.Thread.run(Thread.java:1583)
2026/09/02 23:21:41.919004 [sandbox] Caused by: java.lang.ClassNotFoundException: com.google.common.base.Throwables
	... 8 more
2026/09/02 23:21:41.962464 download: job 90 (chapter 22880) failed: fetching page list: rpc error: code = Unknown desc = Application error processing RPC
2026/09/02 23:21:41.962552 [sandbox] Exception in thread "grpc-default-executor-106" 
2026/09/02 23:21:41.962630 [sandbox] java.lang.NoClassDefFoundError: com/google/common/base/Throwables
2026/09/02 23:21:41.962660 [sandbox] 	at io.grpc.internal.ServerCallImpl$ServerStreamListenerImpl.messagesAvailableInternal(ServerCallImpl.java:343)
	at io.grpc.internal.ServerCallImpl$ServerStreamListenerImpl.messagesAvailable(ServerCallImpl.java:319)
2026/09/02 23:21:41.962672 [sandbox] 	at io.grpc.internal.ServerImpl$JumpToApplicationThreadServerStreamListener$1MessagesAvailable.runInContext(ServerImpl.java:834)
	at io.grpc.internal.ContextRunnable.run(ContextRunnable.java:37)
	at io.grpc.internal.SerializingExecutor.run(SerializingExecutor.java:133)
	at java.base/java.util.concurrent.ThreadPoolExecutor.runWorker(ThreadPoolExecutor.java:1144)
2026/09/02 23:21:41.962685 [sandbox] 	at java.base/java.util.concurrent.ThreadPoolExecutor$Worker.run(ThreadPoolExecutor.java:642)
	at java.base/java.lang.Thread.run(Thread.java:1583)
2026/09/02 23:21:41.962711 [sandbox] Caused by: java.lang.ClassNotFoundException: com.google.common.base.Throwables
	... 8 more
2026/09/02 23:21:42.012131 download: job 91 (chapter 22881) failed: fetching page list: rpc error: code = Unknown desc = Application error processing RPC
2026/09/02 23:21:42.012308 [sandbox] Exception in thread "grpc-default-executor-107" 
2026/09/02 23:21:42.012366 [sandbox] java.lang.NoClassDefFoundError: com/google/common/base/Throwables
	at io.grpc.internal.ServerCallImpl$ServerStreamListenerImpl.messagesAvailableInternal(ServerCallImpl.java:343)
2026/09/02 23:21:42.012382 [sandbox] 	at io.grpc.internal.ServerCallImpl$ServerStreamListenerImpl.messagesAvailable(ServerCallImpl.java:319)
	at io.grpc.internal.ServerImpl$JumpToApplicationThreadServerStreamListener$1MessagesAvailable.runInContext(ServerImpl.java:834)
	at io.grpc.internal.ContextRunnable.run(ContextRunnable.java:37)
	at io.grpc.internal.SerializingExecutor.run(SerializingExecutor.java:133)
2026/09/02 23:21:42.012400 [sandbox] 	at java.base/java.util.concurrent.ThreadPoolExecutor.runWorker(ThreadPoolExecutor.java:1144)
	at java.base/java.util.concurrent.ThreadPoolExecutor$Worker.run(ThreadPoolExecutor.java:642)
	at java.base/java.lang.Thread.run(Thread.java:1583)
2026/09/02 23:21:42.012413 [sandbox] Caused by: java.lang.ClassNotFoundException: com.google.common.base.Throwables
2026/09/02 23:21:42.012422 [sandbox] 	... 8 more
2026/09/02 23:21:42.058803 download: job 92 (chapter 22882) failed: fetching page list: rpc error: code = Unknown desc = Application error processing RPC
2026/09/02 23:21:42.059199 [sandbox] Exception in thread "grpc-default-executor-108" java.lang.NoClassDefFoundError: com/google/common/base/Throwables
	at io.grpc.internal.ServerCallImpl$ServerStreamListenerImpl.messagesAvailableInternal(ServerCallImpl.java:343)
	at io.grpc.internal.ServerCallImpl$ServerStreamListenerImpl.messagesAvailable(ServerCallImpl.java:319)
	at io.grpc.internal.ServerImpl$JumpToApplicationThreadServerStreamListener$1MessagesAvailable.runInContext(ServerImpl.java:834)
	at io.grpc.internal.ContextRunnable.run(ContextRunnable.java:37)
	at io.grpc.internal.SerializingExecutor.run(SerializingExecutor.java:133)
	at java.base/java.util.concurrent.ThreadPoolExecutor.runWorker(ThreadPoolExecutor.java:1144)
	at java.base/java.util.concurrent.ThreadPoolExecutor$Worker.run(ThreadPoolExecutor.java:642)
	at java.base/java.lang.Thread.run(Thread.java:1583)
Caused by: java.lang.ClassNotFoundException: com.google.common.base.Throwables
	... 8 more
2026/09/02 23:21:42.108641 download: job 93 (chapter 22883) failed: fetching page list: rpc error: code = Unknown desc = Application error processing RPC
2026/09/02 23:21:42.108759 [sandbox] Exception in thread "grpc-default-executor-109" 
2026/09/02 23:21:42.108815 [sandbox] java.lang.NoClassDefFoundError: com/google/common/base/Throwables
	at io.grpc.internal.ServerCallImpl$ServerStreamListenerImpl.messagesAvailableInternal(ServerCallImpl.java:343)
2026/09/02 23:21:42.108830 [sandbox] 	at io.grpc.internal.ServerCallImpl$ServerStreamListenerImpl.messagesAvailable(ServerCallImpl.java:319)
	at io.grpc.internal.ServerImpl$JumpToApplicationThreadServerStreamListener$1MessagesAvailable.runInContext(ServerImpl.java:834)
	at io.grpc.internal.ContextRunnable.run(ContextRunnable.java:37)
	at io.grpc.internal.SerializingExecutor.run(SerializingExecutor.java:133)
	at java.base/java.util.concurrent.ThreadPoolExecutor.runWorker(ThreadPoolExecutor.java:1144)
2026/09/02 23:21:42.108850 [sandbox] 	at java.base/java.util.concurrent.ThreadPoolExecutor$Worker.run(ThreadPoolExecutor.java:642)
	at java.base/java.lang.Thread.run(Thread.java:1583)
2026/09/02 23:21:42.108860 [sandbox] Caused by: java.lang.ClassNotFoundException: com.google.common.base.Throwables
2026/09/02 23:21:42.108874 [sandbox] 	... 8 more
2026/09/02 23:21:42.157466 download: job 94 (chapter 22884) failed: fetching page list: rpc error: code = Unknown desc = Application error processing RPC
2026/09/02 23:21:42.157575 [sandbox] Exception in thread "grpc-default-executor-110" 
2026/09/02 23:21:42.157631 [sandbox] java.lang.NoClassDefFoundError: com/google/common/base/Throwables
2026/09/02 23:21:42.157646 [sandbox] 	at io.grpc.internal.ServerCallImpl$ServerStreamListenerImpl.messagesAvailableInternal(ServerCallImpl.java:343)
	at io.grpc.internal.ServerCallImpl$ServerStreamListenerImpl.messagesAvailable(ServerCallImpl.java:319)
	at io.grpc.internal.ServerImpl$JumpToApplicationThreadServerStreamListener$1MessagesAvailable.runInContext(ServerImpl.java:834)
	at io.grpc.internal.ContextRunnable.run(ContextRunnable.java:37)
2026/09/02 23:21:42.157666 [sandbox] 	at io.grpc.internal.SerializingExecutor.run(SerializingExecutor.java:133)
	at java.base/java.util.concurrent.ThreadPoolExecutor.runWorker(ThreadPoolExecutor.java:1144)
	at java.base/java.util.concurrent.ThreadPoolExecutor$Worker.run(ThreadPoolExecutor.java:642)
	at java.base/java.lang.Thread.run(Thread.java:1583)
2026/09/02 23:21:42.157681 [sandbox] Caused by: java.lang.ClassNotFoundException: com.google.common.base.Throwables
2026/09/02 23:21:42.157688 [sandbox] 	... 8 more
2026/09/02 23:21:42.221792 download: job 95 (chapter 22885) failed: fetching page list: rpc error: code = Unknown desc = Application error processing RPC
2026/09/02 23:21:42.222021 [sandbox] Exception in thread "grpc-default-executor-111" 
2026/09/02 23:21:42.222046 [sandbox] java.lang.NoClassDefFoundError: com/google/common/base/Throwables
2026/09/02 23:21:42.222071 [sandbox] 	at io.grpc.internal.ServerCallImpl$ServerStreamListenerImpl.messagesAvailableInternal(ServerCallImpl.java:343)
2026/09/02 23:21:42.222095 [sandbox] 	at io.grpc.internal.ServerCallImpl$ServerStreamListenerImpl.messagesAvailable(ServerCallImpl.java:319)
	at io.grpc.internal.ServerImpl$JumpToApplicationThreadServerStreamListener$1MessagesAvailable.runInContext(ServerImpl.java:834)
	at io.grpc.internal.ContextRunnable.run(ContextRunnable.java:37)
	at io.grpc.internal.SerializingExecutor.run(SerializingExecutor.java:133)
	at java.base/java.util.concurrent.ThreadPoolExecutor.runWorker(ThreadPoolExecutor.java:1144)
	at java.base/java.util.concurrent.ThreadPoolExecutor$Worker.run(ThreadPoolExecutor.java:642)
	at java.base/java.lang.Thread.run(Thread.java:1583)
2026/09/02 23:21:42.222127 [sandbox] Caused by: java.lang.ClassNotFoundException: com.google.common.base.Throwables
	... 8 more
2026/09/02 23:21:42.284814 download: job 96 (chapter 22886) failed: fetching page list: rpc error: code = Unknown desc = Application error processing RPC
2026/09/02 23:21:42.284990 [sandbox] Exception in thread "grpc-default-executor-112" java.lang.NoClassDefFoundError: com/google/common/base/Throwables
2026/09/02 23:21:42.285068 [sandbox] 	at io.grpc.internal.ServerCallImpl$ServerStreamListenerImpl.messagesAvailableInternal(ServerCallImpl.java:343)
	at io.grpc.internal.ServerCallImpl$ServerStreamListenerImpl.messagesAvailable(ServerCallImpl.java:319)
	at io.grpc.internal.ServerImpl$JumpToApplicationThreadServerStreamListener$1MessagesAvailable.runInContext(ServerImpl.java:834)
	at io.grpc.internal.ContextRunnable.run(ContextRunnable.java:37)
	at io.grpc.internal.SerializingExecutor.run(SerializingExecutor.java:133)
	at java.base/java.util.concurrent.ThreadPoolExecutor.runWorker(ThreadPoolExecutor.java:1144)
	at java.base/java.util.concurrent.ThreadPoolExecutor$Worker.run(ThreadPoolExecutor.java:642)
	at java.base/java.lang.Thread.run(Thread.java:1583)
Caused by: java.lang.ClassNotFoundException: com.google.common.base.Throwables
	... 8 more
2026/09/02 23:21:42.350201 download: job 97 (chapter 22887) failed: fetching page list: rpc error: code = Unknown desc = Application error processing RPC
2026/09/02 23:21:42.350246 [sandbox] Exception in thread "grpc-default-executor-113" 
2026/09/02 23:21:42.350362 [sandbox] java.lang.NoClassDefFoundError: com/google/common/base/Throwables
	at io.grpc.internal.ServerCallImpl$ServerStreamListenerImpl.messagesAvailableInternal(ServerCallImpl.java:343)
	at io.grpc.internal.ServerCallImpl$ServerStreamListenerImpl.messagesAvailable(ServerCallImpl.java:319)
	at io.grpc.internal.ServerImpl$JumpToApplicationThreadServerStreamListener$1MessagesAvailable.runInContext(ServerImpl.java:834)
	at io.grpc.internal.ContextRunnable.run(ContextRunnable.java:37)
	at io.grpc.internal.SerializingExecutor.run(SerializingExecutor.java:133)
	at java.base/java.util.concurrent.ThreadPoolExecutor.runWorker(ThreadPoolExecutor.java:1144)
	at java.base/java.util.concurrent.ThreadPoolExecutor$Worker.run(ThreadPoolExecutor.java:642)
	at java.base/java.lang.Thread.run(Thread.java:1583)
2026/09/02 23:21:42.350387 [sandbox] Caused by: java.lang.ClassNotFoundException: com.google.common.base.Throwables
	... 8 more
2026/09/02 23:21:42.414481 download: job 98 (chapter 22888) failed: fetching page list: rpc error: code = Unknown desc = Application error processing RPC
2026/09/02 23:21:42.414620 [sandbox] Exception in thread "grpc-default-executor-114" 
2026/09/02 23:21:42.414670 [sandbox] java.lang.NoClassDefFoundError: com/google/common/base/Throwables
2026/09/02 23:21:42.414715 [sandbox] 	at io.grpc.internal.ServerCallImpl$ServerStreamListenerImpl.messagesAvailableInternal(ServerCallImpl.java:343)
	at io.grpc.internal.ServerCallImpl$ServerStreamListenerImpl.messagesAvailable(ServerCallImpl.java:319)
2026/09/02 23:21:42.414729 [sandbox] 	at io.grpc.internal.ServerImpl$JumpToApplicationThreadServerStreamListener$1MessagesAvailable.runInContext(ServerImpl.java:834)
	at io.grpc.internal.ContextRunnable.run(ContextRunnable.java:37)
	at io.grpc.internal.SerializingExecutor.run(SerializingExecutor.java:133)
	at java.base/java.util.concurrent.ThreadPoolExecutor.runWorker(ThreadPoolExecutor.java:1144)
	at java.base/java.util.concurrent.ThreadPoolExecutor$Worker.run(ThreadPoolExecutor.java:642)
2026/09/02 23:21:42.414748 [sandbox] 	at java.base/java.lang.Thread.run(Thread.java:1583)
2026/09/02 23:21:42.414766 [sandbox] Caused by: java.lang.ClassNotFoundException: com.google.common.base.Throwables
	... 8 more
2026/09/02 23:21:42.477413 download: job 99 (chapter 22889) failed: fetching page list: rpc error: code = Unknown desc = Application error processing RPC
2026/09/02 23:21:42.477515 [sandbox] Exception in thread "grpc-default-executor-115" java.lang.NoClassDefFoundError: com/google/common/base/Throwables
2026/09/02 23:21:42.477575 [sandbox] 	at io.grpc.internal.ServerCallImpl$ServerStreamListenerImpl.messagesAvailableInternal(ServerCallImpl.java:343)
	at io.grpc.internal.ServerCallImpl$ServerStreamListenerImpl.messagesAvailable(ServerCallImpl.java:319)
	at io.grpc.internal.ServerImpl$JumpToApplicationThreadServerStreamListener$1MessagesAvailable.runInContext(ServerImpl.java:834)
	at io.grpc.internal.ContextRunnable.run(ContextRunnable.java:37)
	at io.grpc.internal.SerializingExecutor.run(SerializingExecutor.java:133)
	at java.base/java.util.concurrent.ThreadPoolExecutor.runWorker(ThreadPoolExecutor.java:1144)
	at java.base/java.util.concurrent.ThreadPoolExecutor$Worker.run(ThreadPoolExecutor.java:642)
	at java.base/java.lang.Thread.run(Thread.java:1583)
2026/09/02 23:21:42.477632 [sandbox] Caused by: java.lang.ClassNotFoundException: com.google.common.base.Throwables
	... 8 more
2026/09/02 23:21:42.541812 download: job 100 (chapter 22890) failed: fetching page list: rpc error: code = Unknown desc = Application error processing RPC
2026/09/02 23:21:42.541834 [sandbox] Exception in thread "grpc-default-executor-116" 
2026/09/02 23:21:42.542004 [sandbox] java.lang.NoClassDefFoundError: com/google/common/base/Throwables
	at io.grpc.internal.ServerCallImpl$ServerStreamListenerImpl.messagesAvailableInternal(ServerCallImpl.java:343)
	at io.grpc.internal.ServerCallImpl$ServerStreamListenerImpl.messagesAvailable(ServerCallImpl.java:319)
	at io.grpc.internal.ServerImpl$JumpToApplicationThreadServerStreamListener$1MessagesAvailable.runInContext(ServerImpl.java:834)
	at io.grpc.internal.ContextRunnable.run(ContextRunnable.java:37)
	at io.grpc.internal.SerializingExecutor.run(SerializingExecutor.java:133)
	at java.base/java.util.concurrent.ThreadPoolExecutor.runWorker(ThreadPoolExecutor.java:1144)
	at java.base/java.util.concurrent.ThreadPoolExecutor$Worker.run(ThreadPoolExecutor.java:642)
	at java.base/java.lang.Thread.run(Thread.java:1583)
Caused by: java.lang.ClassNotFoundException: com.google.common.base.Throwables
	... 8 more
2026/09/02 23:21:42.603307 download: job 101 (chapter 22891) failed: fetching page list: rpc error: code = Unknown desc = Application error processing RPC
2026/09/02 23:21:42.603482 [sandbox] Exception in thread "grpc-default-executor-117" java.lang.NoClassDefFoundError: com/google/common/base/Throwables
2026/09/02 23:21:42.603543 [sandbox] 	at io.grpc.internal.ServerCallImpl$ServerStreamListenerImpl.messagesAvailableInternal(ServerCallImpl.java:343)
	at io.grpc.internal.ServerCallImpl$ServerStreamListenerImpl.messagesAvailable(ServerCallImpl.java:319)
	at io.grpc.internal.ServerImpl$JumpToApplicationThreadServerStreamListener$1MessagesAvailable.runInContext(ServerImpl.java:834)
	at io.grpc.internal.ContextRunnable.run(ContextRunnable.java:37)
	at io.grpc.internal.SerializingExecutor.run(SerializingExecutor.java:133)
	at java.base/java.util.concurrent.ThreadPoolExecutor.runWorker(ThreadPoolExecutor.java:1144)
	at java.base/java.util.concurrent.ThreadPoolExecutor$Worker.run(ThreadPoolExecutor.java:642)
	at java.base/java.lang.Thread.run(Thread.java:1583)
2026/09/02 23:21:42.603562 [sandbox] Caused by: java.lang.ClassNotFoundException: com.google.common.base.Throwables
	... 8 more
2026/09/02 23:21:42.653657 download: job 102 (chapter 22892) failed: fetching page list: rpc error: code = Unknown desc = Application error processing RPC
2026/09/02 23:21:42.653805 [sandbox] Exception in thread "grpc-default-executor-118" 
2026/09/02 23:21:42.653913 [sandbox] java.lang.NoClassDefFoundError: com/google/common/base/Throwables
	at io.grpc.internal.ServerCallImpl$ServerStreamListenerImpl.messagesAvailableInternal(ServerCallImpl.java:343)
	at io.grpc.internal.ServerCallImpl$ServerStreamListenerImpl.messagesAvailable(ServerCallImpl.java:319)
	at io.grpc.internal.ServerImpl$JumpToApplicationThreadServerStreamListener$1MessagesAvailable.runInContext(ServerImpl.java:834)
	at io.grpc.internal.ContextRunnable.run(ContextRunnable.java:37)
	at io.grpc.internal.SerializingExecutor.run(SerializingExecutor.java:133)
	at java.base/java.util.concurrent.ThreadPoolExecutor.runWorker(ThreadPoolExecutor.java:1144)
	at java.base/java.util.concurrent.ThreadPoolExecutor$Worker.run(ThreadPoolExecutor.java:642)
	at java.base/java.lang.Thread.run(Thread.java:1583)
2026/09/02 23:21:42.653933 [sandbox] Caused by: java.lang.ClassNotFoundException: com.google.common.base.Throwables
	... 8 more
2026/09/02 23:21:42.717926 [sandbox] Exception in thread "grpc-default-executor-119" 
2026/09/02 23:21:42.717940 download: job 103 (chapter 22893) failed: fetching page list: rpc error: code = Unknown desc = Application error processing RPC
2026/09/02 23:21:42.718010 [sandbox] java.lang.NoClassDefFoundError: com/google/common/base/Throwables
	at io.grpc.internal.ServerCallImpl$ServerStreamListenerImpl.messagesAvailableInternal(ServerCallImpl.java:343)
	at io.grpc.internal.ServerCallImpl$ServerStreamListenerImpl.messagesAvailable(ServerCallImpl.java:319)
	at io.grpc.internal.ServerImpl$JumpToApplicationThreadServerStreamListener$1MessagesAvailable.runInContext(ServerImpl.java:834)
	at io.grpc.internal.ContextRunnable.run(ContextRunnable.java:37)
	at io.grpc.internal.SerializingExecutor.run(SerializingExecutor.java:133)
	at java.base/java.util.concurrent.ThreadPoolExecutor.runWorker(ThreadPoolExecutor.java:1144)
2026/09/02 23:21:42.718172 [sandbox] 	at java.base/java.util.concurrent.ThreadPoolExecutor$Worker.run(ThreadPoolExecutor.java:642)
	at java.base/java.lang.Thread.run(Thread.java:1583)
Caused by: java.lang.ClassNotFoundException: com.google.common.base.Throwables
	... 8 more
2026/09/02 23:21:42.765081 download: job 104 (chapter 22894) failed: fetching page list: rpc error: code = Unknown desc = Application error processing RPC
2026/09/02 23:21:42.765171 [sandbox] Exception in thread "grpc-default-executor-120" java.lang.NoClassDefFoundError: com/google/common/base/Throwables
2026/09/02 23:21:42.765650 [sandbox] 	at io.grpc.internal.ServerCallImpl$ServerStreamListenerImpl.messagesAvailableInternal(ServerCallImpl.java:343)
	at io.grpc.internal.ServerCallImpl$ServerStreamListenerImpl.messagesAvailable(ServerCallImpl.java:319)
	at io.grpc.internal.ServerImpl$JumpToApplicationThreadServerStreamListener$1MessagesAvailable.runInContext(ServerImpl.java:834)
	at io.grpc.internal.ContextRunnable.run(ContextRunnable.java:37)
	at io.grpc.internal.SerializingExecutor.run(SerializingExecutor.java:133)
	at java.base/java.util.concurrent.ThreadPoolExecutor.runWorker(ThreadPoolExecutor.java:1144)
	at java.base/java.util.concurrent.ThreadPoolExecutor$Worker.run(ThreadPoolExecutor.java:642)
	at java.base/java.lang.Thread.run(Thread.java:1583)
Caused by: java.lang.ClassNotFoundException: com.google.common.base.Throwables
	... 8 more
2026/09/02 23:21:42.811869 download: job 105 (chapter 22895) failed: fetching page list: rpc error: code = Unknown desc = Application error processing RPC
2026/09/02 23:21:42.811974 [sandbox] Exception in thread "grpc-default-executor-121" 
2026/09/02 23:21:42.812042 [sandbox] java.lang.NoClassDefFoundError: com/google/common/base/Throwables
	at io.grpc.internal.ServerCallImpl$ServerStreamListenerImpl.messagesAvailableInternal(ServerCallImpl.java:343)
	at io.grpc.internal.ServerCallImpl$ServerStreamListenerImpl.messagesAvailable(ServerCallImpl.java:319)
2026/09/02 23:21:42.812063 [sandbox] 	at io.grpc.internal.ServerImpl$JumpToApplicationThreadServerStreamListener$1MessagesAvailable.runInContext(ServerImpl.java:834)
	at io.grpc.internal.ContextRunnable.run(ContextRunnable.java:37)
	at io.grpc.internal.SerializingExecutor.run(SerializingExecutor.java:133)
	at java.base/java.util.concurrent.ThreadPoolExecutor.runWorker(ThreadPoolExecutor.java:1144)
	at java.base/java.util.concurrent.ThreadPoolExecutor$Worker.run(ThreadPoolExecutor.java:642)
	at java.base/java.lang.Thread.run(Thread.java:1583)
2026/09/02 23:21:42.812097 [sandbox] Caused by: java.lang.ClassNotFoundException: com.google.common.base.Throwables
	... 8 more
2026/09/02 23:21:42.876434 download: job 106 (chapter 22896) failed: fetching page list: rpc error: code = Unknown desc = Application error processing RPC
2026/09/02 23:21:42.876466 [sandbox] Exception in thread "grpc-default-executor-122" 
2026/09/02 23:21:42.876666 [sandbox] java.lang.NoClassDefFoundError: com/google/common/base/Throwables
	at io.grpc.internal.ServerCallImpl$ServerStreamListenerImpl.messagesAvailableInternal(ServerCallImpl.java:343)
	at io.grpc.internal.ServerCallImpl$ServerStreamListenerImpl.messagesAvailable(ServerCallImpl.java:319)
	at io.grpc.internal.ServerImpl$JumpToApplicationThreadServerStreamListener$1MessagesAvailable.runInContext(ServerImpl.java:834)
	at io.grpc.internal.ContextRunnable.run(ContextRunnable.java:37)
	at io.grpc.internal.SerializingExecutor.run(SerializingExecutor.java:133)
	at java.base/java.util.concurrent.ThreadPoolExecutor.runWorker(ThreadPoolExecutor.java:1144)
	at java.base/java.util.concurrent.ThreadPoolExecutor$Worker.run(ThreadPoolExecutor.java:642)
	at java.base/java.lang.Thread.run(Thread.java:1583)
Caused by: java.lang.ClassNotFoundException: com.google.common.base.Throwables
	... 8 more
2026/09/02 23:21:42.925478 download: job 107 (chapter 22897) failed: fetching page list: rpc error: code = Unknown desc = Application error processing RPC
2026/09/02 23:21:42.925590 [sandbox] Exception in thread "grpc-default-executor-123" java.lang.NoClassDefFoundError: com/google/common/base/Throwables
2026/09/02 23:21:42.925660 [sandbox] 	at io.grpc.internal.ServerCallImpl$ServerStreamListenerImpl.messagesAvailableInternal(ServerCallImpl.java:343)
	at io.grpc.internal.ServerCallImpl$ServerStreamListenerImpl.messagesAvailable(ServerCallImpl.java:319)
	at io.grpc.internal.ServerImpl$JumpToApplicationThreadServerStreamListener$1MessagesAvailable.runInContext(ServerImpl.java:834)
	at io.grpc.internal.ContextRunnable.run(ContextRunnable.java:37)
	at io.grpc.internal.SerializingExecutor.run(SerializingExecutor.java:133)
	at java.base/java.util.concurrent.ThreadPoolExecutor.runWorker(ThreadPoolExecutor.java:1144)
	at java.base/java.util.concurrent.ThreadPoolExecutor$Worker.run(ThreadPoolExecutor.java:642)
	at java.base/java.lang.Thread.run(Thread.java:1583)
2026/09/02 23:21:42.925690 [sandbox] Caused by: java.lang.ClassNotFoundException: com.google.common.base.Throwables
	... 8 more
2026/09/02 23:21:42.973559 download: job 108 (chapter 22898) failed: fetching page list: rpc error: code = Unknown desc = Application error processing RPC
2026/09/02 23:21:42.973761 [sandbox] Exception in thread "grpc-default-executor-124" 
2026/09/02 23:21:42.973796 [sandbox] java.lang.NoClassDefFoundError: com/google/common/base/Throwables
2026/09/02 23:21:42.973805 [sandbox] 	at io.grpc.internal.ServerCallImpl$ServerStreamListenerImpl.messagesAvailableInternal(ServerCallImpl.java:343)
2026/09/02 23:21:42.973816 [sandbox] 	at io.grpc.internal.ServerCallImpl$ServerStreamListenerImpl.messagesAvailable(ServerCallImpl.java:319)
	at io.grpc.internal.ServerImpl$JumpToApplicationThreadServerStreamListener$1MessagesAvailable.runInContext(ServerImpl.java:834)
	at io.grpc.internal.ContextRunnable.run(ContextRunnable.java:37)
2026/09/02 23:21:42.973825 [sandbox] 	at io.grpc.internal.SerializingExecutor.run(SerializingExecutor.java:133)
	at java.base/java.util.concurrent.ThreadPoolExecutor.runWorker(ThreadPoolExecutor.java:1144)
	at java.base/java.util.concurrent.ThreadPoolExecutor$Worker.run(ThreadPoolExecutor.java:642)
2026/09/02 23:21:42.973843 [sandbox] 	at java.base/java.lang.Thread.run(Thread.java:1583)
2026/09/02 23:21:42.973865 [sandbox] Caused by: java.lang.ClassNotFoundException: com.google.common.base.Throwables
	... 8 more
2026/09/02 23:21:43.038231 download: job 109 (chapter 22899) failed: fetching page list: rpc error: code = Unknown desc = Application error processing RPC
2026/09/02 23:21:43.038387 [sandbox] Exception in thread "grpc-default-executor-125" 
2026/09/02 23:21:43.038439 [sandbox] java.lang.NoClassDefFoundError: com/google/common/base/Throwables
	at io.grpc.internal.ServerCallImpl$ServerStreamListenerImpl.messagesAvailableInternal(ServerCallImpl.java:343)
	at io.grpc.internal.ServerCallImpl$ServerStreamListenerImpl.messagesAvailable(ServerCallImpl.java:319)
2026/09/02 23:21:43.038455 [sandbox] 	at io.grpc.internal.ServerImpl$JumpToApplicationThreadServerStreamListener$1MessagesAvailable.runInContext(ServerImpl.java:834)
	at io.grpc.internal.ContextRunnable.run(ContextRunnable.java:37)
	at io.grpc.internal.SerializingExecutor.run(SerializingExecutor.java:133)
	at java.base/java.util.concurrent.ThreadPoolExecutor.runWorker(ThreadPoolExecutor.java:1144)
	at java.base/java.util.concurrent.ThreadPoolExecutor$Worker.run(ThreadPoolExecutor.java:642)
2026/09/02 23:21:43.038473 [sandbox] 	at java.base/java.lang.Thread.run(Thread.java:1583)
2026/09/02 23:21:43.038481 [sandbox] Caused by: java.lang.ClassNotFoundException: com.google.common.base.Throwables
2026/09/02 23:21:43.038496 [sandbox] 	... 8 more
2026/09/02 23:21:43.085810 download: job 110 (chapter 22900) failed: fetching page list: rpc error: code = Unknown desc = Application error processing RPC
2026/09/02 23:21:43.085962 [sandbox] Exception in thread "grpc-default-executor-126" java.lang.NoClassDefFoundError: com/google/common/base/Throwables
2026/09/02 23:21:43.086036 [sandbox] 	at io.grpc.internal.ServerCallImpl$ServerStreamListenerImpl.messagesAvailableInternal(ServerCallImpl.java:343)
	at io.grpc.internal.ServerCallImpl$ServerStreamListenerImpl.messagesAvailable(ServerCallImpl.java:319)
	at io.grpc.internal.ServerImpl$JumpToApplicationThreadServerStreamListener$1MessagesAvailable.runInContext(ServerImpl.java:834)
	at io.grpc.internal.ContextRunnable.run(ContextRunnable.java:37)
	at io.grpc.internal.SerializingExecutor.run(SerializingExecutor.java:133)
	at java.base/java.util.concurrent.ThreadPoolExecutor.runWorker(ThreadPoolExecutor.java:1144)
	at java.base/java.util.concurrent.ThreadPoolExecutor$Worker.run(ThreadPoolExecutor.java:642)
	at java.base/java.lang.Thread.run(Thread.java:1583)
Caused by: java.lang.ClassNotFoundException: com.google.common.base.Throwables
	... 8 more
2026/09/02 23:21:43.144200 [sandbox] Exception in thread "grpc-default-executor-127" 
2026/09/02 23:21:43.144289 [sandbox] java.lang.NoClassDefFoundError: com/google/common/base/Throwables
	at io.grpc.internal.ServerCallImpl$ServerStreamListenerImpl.messagesAvailableInternal(ServerCallImpl.java:343)
	at io.grpc.internal.ServerCallImpl$ServerStreamListenerImpl.messagesAvailable(ServerCallImpl.java:319)
	at io.grpc.internal.ServerImpl$JumpToApplicationThreadServerStreamListener$1MessagesAvailable.runInContext(ServerImpl.java:834)
	at io.grpc.internal.ContextRunnable.run(ContextRunnable.java:37)
	at io.grpc.internal.SerializingExecutor.run(SerializingExecutor.java:133)
	at java.base/java.util.concurrent.ThreadPoolExecutor.runWorker(ThreadPoolExecutor.java:1144)
	at java.base/java.util.concurrent.ThreadPoolExecutor$Worker.run(ThreadPoolExecutor.java:642)
2026/09/02 23:21:43.144210 download: job 111 (chapter 22901) failed: fetching page list: rpc error: code = Unknown desc = Application error processing RPC
2026/09/02 23:21:43.144317 [sandbox] 	at java.base/java.lang.Thread.run(Thread.java:1583)
Caused by: java.lang.ClassNotFoundException: com.google.common.base.Throwables
2026/09/02 23:21:43.144476 [sandbox] 	... 8 more
2026/09/02 23:21:43.205279 download: job 112 (chapter 22902) failed: fetching page list: rpc error: code = Unknown desc = Application error processing RPC
2026/09/02 23:21:43.205377 [sandbox] Exception in thread "grpc-default-executor-128" 
2026/09/02 23:21:43.205445 [sandbox] java.lang.NoClassDefFoundError: com/google/common/base/Throwables
	at io.grpc.internal.ServerCallImpl$ServerStreamListenerImpl.messagesAvailableInternal(ServerCallImpl.java:343)
	at io.grpc.internal.ServerCallImpl$ServerStreamListenerImpl.messagesAvailable(ServerCallImpl.java:319)
	at io.grpc.internal.ServerImpl$JumpToApplicationThreadServerStreamListener$1MessagesAvailable.runInContext(ServerImpl.java:834)
	at io.grpc.internal.ContextRunnable.run(ContextRunnable.java:37)
	at io.grpc.internal.SerializingExecutor.run(SerializingExecutor.java:133)
2026/09/02 23:21:43.205473 [sandbox] 	at java.base/java.util.concurrent.ThreadPoolExecutor.runWorker(ThreadPoolExecutor.java:1144)
	at java.base/java.util.concurrent.ThreadPoolExecutor$Worker.run(ThreadPoolExecutor.java:642)
	at java.base/java.lang.Thread.run(Thread.java:1583)
2026/09/02 23:21:43.205489 [sandbox] Caused by: java.lang.ClassNotFoundException: com.google.common.base.Throwables
	... 8 more
2026/09/02 23:21:43.252721 download: job 113 (chapter 22903) failed: fetching page list: rpc error: code = Unknown desc = Application error processing RPC
2026/09/02 23:21:43.252765 [sandbox] Exception in thread "grpc-default-executor-129" 
2026/09/02 23:21:43.252943 [sandbox] java.lang.NoClassDefFoundError: com/google/common/base/Throwables
	at io.grpc.internal.ServerCallImpl$ServerStreamListenerImpl.messagesAvailableInternal(ServerCallImpl.java:343)
	at io.grpc.internal.ServerCallImpl$ServerStreamListenerImpl.messagesAvailable(ServerCallImpl.java:319)
	at io.grpc.internal.ServerImpl$JumpToApplicationThreadServerStreamListener$1MessagesAvailable.runInContext(ServerImpl.java:834)
	at io.grpc.internal.ContextRunnable.run(ContextRunnable.java:37)
	at io.grpc.internal.SerializingExecutor.run(SerializingExecutor.java:133)
	at java.base/java.util.concurrent.ThreadPoolExecutor.runWorker(ThreadPoolExecutor.java:1144)
	at java.base/java.util.concurrent.ThreadPoolExecutor$Worker.run(ThreadPoolExecutor.java:642)
	at java.base/java.lang.Thread.run(Thread.java:1583)
Caused by: java.lang.ClassNotFoundException: com.google.common.base.Throwables
	... 8 more
2026/09/02 23:21:43.318729 download: job 114 (chapter 22904) failed: fetching page list: rpc error: code = Unknown desc = Application error processing RPC
2026/09/02 23:21:43.318820 [sandbox] Exception in thread "grpc-default-executor-130" java.lang.NoClassDefFoundError: com/google/common/base/Throwables
2026/09/02 23:21:43.318878 [sandbox] 	at io.grpc.internal.ServerCallImpl$ServerStreamListenerImpl.messagesAvailableInternal(ServerCallImpl.java:343)
	at io.grpc.internal.ServerCallImpl$ServerStreamListenerImpl.messagesAvailable(ServerCallImpl.java:319)
	at io.grpc.internal.ServerImpl$JumpToApplicationThreadServerStreamListener$1MessagesAvailable.runInContext(ServerImpl.java:834)
2026/09/02 23:21:43.318899 [sandbox] 	at io.grpc.internal.ContextRunnable.run(ContextRunnable.java:37)
	at io.grpc.internal.SerializingExecutor.run(SerializingExecutor.java:133)
	at java.base/java.util.concurrent.ThreadPoolExecutor.runWorker(ThreadPoolExecutor.java:1144)
	at java.base/java.util.concurrent.ThreadPoolExecutor$Worker.run(ThreadPoolExecutor.java:642)
	at java.base/java.lang.Thread.run(Thread.java:1583)
2026/09/02 23:21:43.318913 [sandbox] Caused by: java.lang.ClassNotFoundException: com.google.common.base.Throwables
2026/09/02 23:21:43.318922 [sandbox] 	... 8 more
2026/09/02 23:21:43.366958 download: job 115 (chapter 22905) failed: fetching page list: rpc error: code = Unknown desc = Application error processing RPC
2026/09/02 23:21:43.367103 [sandbox] Exception in thread "grpc-default-executor-131" java.lang.NoClassDefFoundError: com/google/common/base/Throwables
2026/09/02 23:21:43.367143 [sandbox] 	at io.grpc.internal.ServerCallImpl$ServerStreamListenerImpl.messagesAvailableInternal(ServerCallImpl.java:343)
2026/09/02 23:21:43.367155 [sandbox] 	at io.grpc.internal.ServerCallImpl$ServerStreamListenerImpl.messagesAvailable(ServerCallImpl.java:319)
	at io.grpc.internal.ServerImpl$JumpToApplicationThreadServerStreamListener$1MessagesAvailable.runInContext(ServerImpl.java:834)
	at io.grpc.internal.ContextRunnable.run(ContextRunnable.java:37)
2026/09/02 23:21:43.367173 [sandbox] 	at io.grpc.internal.SerializingExecutor.run(SerializingExecutor.java:133)
	at java.base/java.util.concurrent.ThreadPoolExecutor.runWorker(ThreadPoolExecutor.java:1144)
	at java.base/java.util.concurrent.ThreadPoolExecutor$Worker.run(ThreadPoolExecutor.java:642)
	at java.base/java.lang.Thread.run(Thread.java:1583)
2026/09/02 23:21:43.367199 [sandbox] Caused by: java.lang.ClassNotFoundException: com.google.common.base.Throwables
	... 8 more
2026/09/02 23:21:43.432458 download: job 116 (chapter 22906) failed: fetching page list: rpc error: code = Unknown desc = Application error processing RPC
2026/09/02 23:21:43.432644 [sandbox] Exception in thread "grpc-default-executor-132" java.lang.NoClassDefFoundError: com/google/common/base/Throwables
2026/09/02 23:21:43.432695 [sandbox] 	at io.grpc.internal.ServerCallImpl$ServerStreamListenerImpl.messagesAvailableInternal(ServerCallImpl.java:343)
	at io.grpc.internal.ServerCallImpl$ServerStreamListenerImpl.messagesAvailable(ServerCallImpl.java:319)
	at io.grpc.internal.ServerImpl$JumpToApplicationThreadServerStreamListener$1MessagesAvailable.runInContext(ServerImpl.java:834)
	at io.grpc.internal.ContextRunnable.run(ContextRunnable.java:37)
	at io.grpc.internal.SerializingExecutor.run(SerializingExecutor.java:133)
	at java.base/java.util.concurrent.ThreadPoolExecutor.runWorker(ThreadPoolExecutor.java:1144)
	at java.base/java.util.concurrent.ThreadPoolExecutor$Worker.run(ThreadPoolExecutor.java:642)
	at java.base/java.lang.Thread.run(Thread.java:1583)
2026/09/02 23:21:43.432722 [sandbox] Caused by: java.lang.ClassNotFoundException: com.google.common.base.Throwables
	... 8 more
2026/09/02 23:21:43.481974 download: job 117 (chapter 22907) failed: fetching page list: rpc error: code = Unknown desc = Application error processing RPC
2026/09/02 23:21:43.482161 [sandbox] Exception in thread "grpc-default-executor-133" java.lang.NoClassDefFoundError: com/google/common/base/Throwables
2026/09/02 23:21:43.482207 [sandbox] 	at io.grpc.internal.ServerCallImpl$ServerStreamListenerImpl.messagesAvailableInternal(ServerCallImpl.java:343)
	at io.grpc.internal.ServerCallImpl$ServerStreamListenerImpl.messagesAvailable(ServerCallImpl.java:319)
	at io.grpc.internal.ServerImpl$JumpToApplicationThreadServerStreamListener$1MessagesAvailable.runInContext(ServerImpl.java:834)
	at io.grpc.internal.ContextRunnable.run(ContextRunnable.java:37)
	at io.grpc.internal.SerializingExecutor.run(SerializingExecutor.java:133)
2026/09/02 23:21:43.482231 [sandbox] 	at java.base/java.util.concurrent.ThreadPoolExecutor.runWorker(ThreadPoolExecutor.java:1144)
	at java.base/java.util.concurrent.ThreadPoolExecutor$Worker.run(ThreadPoolExecutor.java:642)
	at java.base/java.lang.Thread.run(Thread.java:1583)
2026/09/02 23:21:43.482243 [sandbox] Caused by: java.lang.ClassNotFoundException: com.google.common.base.Throwables
2026/09/02 23:21:43.482250 [sandbox] 	... 8 more
2026/09/02 23:21:43.546746 download: job 118 (chapter 22908) failed: fetching page list: rpc error: code = Unknown desc = Application error processing RPC
2026/09/02 23:21:43.546851 [sandbox] Exception in thread "grpc-default-executor-134" java.lang.NoClassDefFoundError: com/google/common/base/Throwables
2026/09/02 23:21:43.546897 [sandbox] 	at io.grpc.internal.ServerCallImpl$ServerStreamListenerImpl.messagesAvailableInternal(ServerCallImpl.java:343)
	at io.grpc.internal.ServerCallImpl$ServerStreamListenerImpl.messagesAvailable(ServerCallImpl.java:319)
	at io.grpc.internal.ServerImpl$JumpToApplicationThreadServerStreamListener$1MessagesAvailable.runInContext(ServerImpl.java:834)
	at io.grpc.internal.ContextRunnable.run(ContextRunnable.java:37)
	at io.grpc.internal.SerializingExecutor.run(SerializingExecutor.java:133)
2026/09/02 23:21:43.546921 [sandbox] 	at java.base/java.util.concurrent.ThreadPoolExecutor.runWorker(ThreadPoolExecutor.java:1144)
	at java.base/java.util.concurrent.ThreadPoolExecutor$Worker.run(ThreadPoolExecutor.java:642)
	at java.base/java.lang.Thread.run(Thread.java:1583)
2026/09/02 23:21:43.546946 [sandbox] Caused by: java.lang.ClassNotFoundException: com.google.common.base.Throwables
	... 8 more
2026/09/02 23:21:43.609179 download: job 119 (chapter 22909) failed: fetching page list: rpc error: code = Unknown desc = Application error processing RPC
2026/09/02 23:21:43.609332 [sandbox] Exception in thread "grpc-default-executor-135" java.lang.NoClassDefFoundError: com/google/common/base/Throwables
2026/09/02 23:21:43.609419 [sandbox] 	at io.grpc.internal.ServerCallImpl$ServerStreamListenerImpl.messagesAvailableInternal(ServerCallImpl.java:343)
	at io.grpc.internal.ServerCallImpl$ServerStreamListenerImpl.messagesAvailable(ServerCallImpl.java:319)
	at io.grpc.internal.ServerImpl$JumpToApplicationThreadServerStreamListener$1MessagesAvailable.runInContext(ServerImpl.java:834)
	at io.grpc.internal.ContextRunnable.run(ContextRunnable.java:37)
	at io.grpc.internal.SerializingExecutor.run(SerializingExecutor.java:133)
	at java.base/java.util.concurrent.ThreadPoolExecutor.runWorker(ThreadPoolExecutor.java:1144)
	at java.base/java.util.concurrent.ThreadPoolExecutor$Worker.run(ThreadPoolExecutor.java:642)
	at java.base/java.lang.Thread.run(Thread.java:1583)
Caused by: java.lang.ClassNotFoundException: com.google.common.base.Throwables
	... 8 more
2026/09/02 23:21:43.675203 download: job 120 (chapter 22910) failed: fetching page list: rpc error: code = Unknown desc = Application error processing RPC
2026/09/02 23:21:43.675271 [sandbox] Exception in thread "grpc-default-executor-136" 
2026/09/02 23:21:43.675304 [sandbox] java.lang.NoClassDefFoundError: com/google/common/base/Throwables
2026/09/02 23:21:43.675314 [sandbox] 	at io.grpc.internal.ServerCallImpl$ServerStreamListenerImpl.messagesAvailableInternal(ServerCallImpl.java:343)
2026/09/02 23:21:43.675343 [sandbox] 	at io.grpc.internal.ServerCallImpl$ServerStreamListenerImpl.messagesAvailable(ServerCallImpl.java:319)
	at io.grpc.internal.ServerImpl$JumpToApplicationThreadServerStreamListener$1MessagesAvailable.runInContext(ServerImpl.java:834)
	at io.grpc.internal.ContextRunnable.run(ContextRunnable.java:37)
	at io.grpc.internal.SerializingExecutor.run(SerializingExecutor.java:133)
2026/09/02 23:21:43.675355 [sandbox] 	at java.base/java.util.concurrent.ThreadPoolExecutor.runWorker(ThreadPoolExecutor.java:1144)
	at java.base/java.util.concurrent.ThreadPoolExecutor$Worker.run(ThreadPoolExecutor.java:642)
	at java.base/java.lang.Thread.run(Thread.java:1583)
2026/09/02 23:21:43.675394 [sandbox] Caused by: java.lang.ClassNotFoundException: com.google.common.base.Throwables
	... 8 more
2026/09/02 23:21:43.739192 [sandbox] Exception in thread "grpc-default-executor-137" 
2026/09/02 23:21:43.739201 download: job 121 (chapter 22911) failed: fetching page list: rpc error: code = Unknown desc = Application error processing RPC
2026/09/02 23:21:43.739288 [sandbox] java.lang.NoClassDefFoundError: com/google/common/base/Throwables
2026/09/02 23:21:43.739350 [sandbox] 	at io.grpc.internal.ServerCallImpl$ServerStreamListenerImpl.messagesAvailableInternal(ServerCallImpl.java:343)
	at io.grpc.internal.ServerCallImpl$ServerStreamListenerImpl.messagesAvailable(ServerCallImpl.java:319)
	at io.grpc.internal.ServerImpl$JumpToApplicationThreadServerStreamListener$1MessagesAvailable.runInContext(ServerImpl.java:834)
	at io.grpc.internal.ContextRunnable.run(ContextRunnable.java:37)
	at io.grpc.internal.SerializingExecutor.run(SerializingExecutor.java:133)
	at java.base/java.util.concurrent.ThreadPoolExecutor.runWorker(ThreadPoolExecutor.java:1144)
	at java.base/java.util.concurrent.ThreadPoolExecutor$Worker.run(ThreadPoolExecutor.java:642)
	at java.base/java.lang.Thread.run(Thread.java:1583)
2026/09/02 23:21:43.739398 [sandbox] Caused by: java.lang.ClassNotFoundException: com.google.common.base.Throwables
	... 8 more
2026/09/02 23:21:43.790721 download: job 122 (chapter 22912) failed: fetching page list: rpc error: code = Unknown desc = Application error processing RPC
2026/09/02 23:21:43.790866 [sandbox] Exception in thread "grpc-default-executor-138" java.lang.NoClassDefFoundError: com/google/common/base/Throwables
2026/09/02 23:21:43.790936 [sandbox] 	at io.grpc.internal.ServerCallImpl$ServerStreamListenerImpl.messagesAvailableInternal(ServerCallImpl.java:343)
	at io.grpc.internal.ServerCallImpl$ServerStreamListenerImpl.messagesAvailable(ServerCallImpl.java:319)
	at io.grpc.internal.ServerImpl$JumpToApplicationThreadServerStreamListener$1MessagesAvailable.runInContext(ServerImpl.java:834)
	at io.grpc.internal.ContextRunnable.run(ContextRunnable.java:37)
	at io.grpc.internal.SerializingExecutor.run(SerializingExecutor.java:133)
	at java.base/java.util.concurrent.ThreadPoolExecutor.runWorker(ThreadPoolExecutor.java:1144)
	at java.base/java.util.concurrent.ThreadPoolExecutor$Worker.run(ThreadPoolExecutor.java:642)
	at java.base/java.lang.Thread.run(Thread.java:1583)
2026/09/02 23:21:43.790956 [sandbox] Caused by: java.lang.ClassNotFoundException: com.google.common.base.Throwables
	... 8 more
2026/09/02 23:21:43.854011 download: job 123 (chapter 22913) failed: fetching page list: rpc error: code = Unknown desc = Application error processing RPC
2026/09/02 23:21:43.854077 [sandbox] Exception in thread "grpc-default-executor-139" 
2026/09/02 23:21:43.854112 [sandbox] java.lang.NoClassDefFoundError: com/google/common/base/Throwables
2026/09/02 23:21:43.854123 [sandbox] 	at io.grpc.internal.ServerCallImpl$ServerStreamListenerImpl.messagesAvailableInternal(ServerCallImpl.java:343)
2026/09/02 23:21:43.854132 [sandbox] 	at io.grpc.internal.ServerCallImpl$ServerStreamListenerImpl.messagesAvailable(ServerCallImpl.java:319)
	at io.grpc.internal.ServerImpl$JumpToApplicationThreadServerStreamListener$1MessagesAvailable.runInContext(ServerImpl.java:834)
2026/09/02 23:21:43.854143 [sandbox] 	at io.grpc.internal.ContextRunnable.run(ContextRunnable.java:37)
	at io.grpc.internal.SerializingExecutor.run(SerializingExecutor.java:133)
	at java.base/java.util.concurrent.ThreadPoolExecutor.runWorker(ThreadPoolExecutor.java:1144)
	at java.base/java.util.concurrent.ThreadPoolExecutor$Worker.run(ThreadPoolExecutor.java:642)
2026/09/02 23:21:43.854150 [sandbox] 	at java.base/java.lang.Thread.run(Thread.java:1583)
2026/09/02 23:21:43.854175 [sandbox] Caused by: java.lang.ClassNotFoundException: com.google.common.base.Throwables
	... 8 more
2026/09/02 23:21:43.917794 download: job 124 (chapter 22914) failed: fetching page list: rpc error: code = Unknown desc = Application error processing RPC
2026/09/02 23:21:43.917904 [sandbox] Exception in thread "grpc-default-executor-140" java.lang.NoClassDefFoundError: com/google/common/base/Throwables
2026/09/02 23:21:43.917979 [sandbox] 	at io.grpc.internal.ServerCallImpl$ServerStreamListenerImpl.messagesAvailableInternal(ServerCallImpl.java:343)
	at io.grpc.internal.ServerCallImpl$ServerStreamListenerImpl.messagesAvailable(ServerCallImpl.java:319)
	at io.grpc.internal.ServerImpl$JumpToApplicationThreadServerStreamListener$1MessagesAvailable.runInContext(ServerImpl.java:834)
	at io.grpc.internal.ContextRunnable.run(ContextRunnable.java:37)
	at io.grpc.internal.SerializingExecutor.run(SerializingExecutor.java:133)
	at java.base/java.util.concurrent.ThreadPoolExecutor.runWorker(ThreadPoolExecutor.java:1144)
	at java.base/java.util.concurrent.ThreadPoolExecutor$Worker.run(ThreadPoolExecutor.java:642)
	at java.base/java.lang.Thread.run(Thread.java:1583)
2026/09/02 23:21:43.917999 [sandbox] Caused by: java.lang.ClassNotFoundException: com.google.common.base.Throwables
	... 8 more
2026/09/02 23:21:43.983513 [sandbox] Exception in thread "grpc-default-executor-141" java.lang.NoClassDefFoundError: com/google/common/base/Throwables
	at io.grpc.internal.ServerCallImpl$ServerStreamListenerImpl.messagesAvailableInternal(ServerCallImpl.java:343)
	at io.grpc.internal.ServerCallImpl$ServerStreamListenerImpl.messagesAvailable(ServerCallImpl.java:319)
	at io.grpc.internal.ServerImpl$JumpToApplicationThreadServerStreamListener$1MessagesAvailable.runInContext(ServerImpl.java:834)
	at io.grpc.internal.ContextRunnable.run(ContextRunnable.java:37)
	at io.grpc.internal.SerializingExecutor.run(SerializingExecutor.java:133)
	at java.base/java.util.concurrent.ThreadPoolExecutor.runWorker(ThreadPoolExecutor.java:1144)
	at java.base/java.util.concurrent.ThreadPoolExecutor$Worker.run(ThreadPoolExecutor.java:642)
	at java.base/java.lang.Thread.run(Thread.java:1583)
Caused by: java.lang.ClassNotFoundException: com.google.common.base.Throwables
	... 8 more
2026/09/02 23:21:43.983541 download: job 125 (chapter 22915) failed: fetching page list: rpc error: code = Unknown desc = Application error processing RPC
2026/09/02 23:21:44.047865 [sandbox] Exception in thread "grpc-default-executor-102" 
2026/09/02 23:21:44.047928 [sandbox] java.lang.NoClassDefFoundError: com/google/common/base/Throwables
	at io.grpc.internal.ServerCallImpl$ServerStreamListenerImpl.messagesAvailableInternal(ServerCallImpl.java:343)
	at io.grpc.internal.ServerCallImpl$ServerStreamListenerImpl.messagesAvailable(ServerCallImpl.java:319)
	at io.grpc.internal.ServerImpl$JumpToApplicationThreadServerStreamListener$1MessagesAvailable.runInContext(ServerImpl.java:834)
	at io.grpc.internal.ContextRunnable.run(ContextRunnable.java:37)
	at io.grpc.internal.SerializingExecutor.run(SerializingExecutor.java:133)
	at java.base/java.util.concurrent.ThreadPoolExecutor.runWorker(ThreadPoolExecutor.java:1144)
	at java.base/java.util.concurrent.ThreadPoolExecutor$Worker.run(ThreadPoolExecutor.java:642)
	at java.base/java.lang.Thread.run(Thread.java:1583)
2026/09/02 23:21:44.047958 [sandbox] Caused by: java.lang.ClassNotFoundException: com.google.common.base.Throwables
	... 8 more
2026/09/02 23:21:44.047919 download: job 126 (chapter 22916) failed: fetching page list: rpc error: code = Unknown desc = Application error processing RPC
2026/09/02 23:21:44.096449 [sandbox] Exception in thread "grpc-default-executor-143" 
2026/09/02 23:21:44.096516 [sandbox] java.lang.NoClassDefFoundError: com/google/common/base/Throwables
	at io.grpc.internal.ServerCallImpl$ServerStreamListenerImpl.messagesAvailableInternal(ServerCallImpl.java:343)
	at io.grpc.internal.ServerCallImpl$ServerStreamListenerImpl.messagesAvailable(ServerCallImpl.java:319)
	at io.grpc.internal.ServerImpl$JumpToApplicationThreadServerStreamListener$1MessagesAvailable.runInContext(ServerImpl.java:834)
	at io.grpc.internal.ContextRunnable.run(ContextRunnable.java:37)
	at io.grpc.internal.SerializingExecutor.run(SerializingExecutor.java:133)
2026/09/02 23:21:44.096532 [sandbox] 	at java.base/java.util.concurrent.ThreadPoolExecutor.runWorker(ThreadPoolExecutor.java:1144)
	at java.base/java.util.concurrent.ThreadPoolExecutor$Worker.run(ThreadPoolExecutor.java:642)
	at java.base/java.lang.Thread.run(Thread.java:1583)
2026/09/02 23:21:44.096464 download: job 127 (chapter 22917) failed: fetching page list: rpc error: code = Unknown desc = Application error processing RPC
2026/09/02 23:21:44.096544 [sandbox] Caused by: java.lang.ClassNotFoundException: com.google.common.base.Throwables
2026/09/02 23:21:44.096677 [sandbox] 	... 8 more
2026/09/02 23:21:44.148257 [sandbox] Exception in thread "grpc-default-executor-144" 
2026/09/02 23:21:44.148327 [sandbox] java.lang.NoClassDefFoundError: com/google/common/base/Throwables
	at io.grpc.internal.ServerCallImpl$ServerStreamListenerImpl.messagesAvailableInternal(ServerCallImpl.java:343)
	at io.grpc.internal.ServerCallImpl$ServerStreamListenerImpl.messagesAvailable(ServerCallImpl.java:319)
	at io.grpc.internal.ServerImpl$JumpToApplicationThreadServerStreamListener$1MessagesAvailable.runInContext(ServerImpl.java:834)
	at io.grpc.internal.ContextRunnable.run(ContextRunnable.java:37)
	at io.grpc.internal.SerializingExecutor.run(SerializingExecutor.java:133)
2026/09/02 23:21:44.148345 [sandbox] 	at java.base/java.util.concurrent.ThreadPoolExecutor.runWorker(ThreadPoolExecutor.java:1144)
	at java.base/java.util.concurrent.ThreadPoolExecutor$Worker.run(ThreadPoolExecutor.java:642)
	at java.base/java.lang.Thread.run(Thread.java:1583)
2026/09/02 23:21:44.148377 [sandbox] Caused by: java.lang.ClassNotFoundException: com.google.common.base.Throwables
	... 8 more
2026/09/02 23:21:44.148259 download: job 128 (chapter 22918) failed: fetching page list: rpc error: code = Unknown desc = Application error processing RPC
2026/09/02 23:21:44.213443 [sandbox] Exception in thread "grpc-default-executor-145" java.lang.NoClassDefFoundError: com/google/common/base/Throwables
2026/09/02 23:21:44.213507 [sandbox] 	at io.grpc.internal.ServerCallImpl$ServerStreamListenerImpl.messagesAvailableInternal(ServerCallImpl.java:343)
	at io.grpc.internal.ServerCallImpl$ServerStreamListenerImpl.messagesAvailable(ServerCallImpl.java:319)
	at io.grpc.internal.ServerImpl$JumpToApplicationThreadServerStreamListener$1MessagesAvailable.runInContext(ServerImpl.java:834)
	at io.grpc.internal.ContextRunnable.run(ContextRunnable.java:37)
	at io.grpc.internal.SerializingExecutor.run(SerializingExecutor.java:133)
	at java.base/java.util.concurrent.ThreadPoolExecutor.runWorker(ThreadPoolExecutor.java:1144)
	at java.base/java.util.concurrent.ThreadPoolExecutor$Worker.run(ThreadPoolExecutor.java:642)
	at java.base/java.lang.Thread.run(Thread.java:1583)
Caused by: java.lang.ClassNotFoundException: com.google.common.base.Throwables
2026/09/02 23:21:44.213507 download: job 129 (chapter 22919) failed: fetching page list: rpc error: code = Unknown desc = Application error processing RPC
2026/09/02 23:21:44.213526 [sandbox] 	... 8 more
2026/09/02 23:21:44.277398 download: job 130 (chapter 22920) failed: fetching page list: rpc error: code = Unknown desc = Application error processing RPC
2026/09/02 23:21:44.277560 [sandbox] Exception in thread "grpc-default-executor-146" 
2026/09/02 23:21:44.277626 [sandbox] java.lang.NoClassDefFoundError: com/google/common/base/Throwables
2026/09/02 23:21:44.277638 [sandbox] 	at io.grpc.internal.ServerCallImpl$ServerStreamListenerImpl.messagesAvailableInternal(ServerCallImpl.java:343)
	at io.grpc.internal.ServerCallImpl$ServerStreamListenerImpl.messagesAvailable(ServerCallImpl.java:319)
	at io.grpc.internal.ServerImpl$JumpToApplicationThreadServerStreamListener$1MessagesAvailable.runInContext(ServerImpl.java:834)
2026/09/02 23:21:44.277650 [sandbox] 	at io.grpc.internal.ContextRunnable.run(ContextRunnable.java:37)
	at io.grpc.internal.SerializingExecutor.run(SerializingExecutor.java:133)
	at java.base/java.util.concurrent.ThreadPoolExecutor.runWorker(ThreadPoolExecutor.java:1144)
	at java.base/java.util.concurrent.ThreadPoolExecutor$Worker.run(ThreadPoolExecutor.java:642)
2026/09/02 23:21:44.277664 [sandbox] 	at java.base/java.lang.Thread.run(Thread.java:1583)
2026/09/02 23:21:44.277676 [sandbox] Caused by: java.lang.ClassNotFoundException: com.google.common.base.Throwables
2026/09/02 23:21:44.277688 [sandbox] 	... 8 more
2026/09/02 23:21:44.342305 [sandbox] Exception in thread "grpc-default-executor-147" 
2026/09/02 23:21:44.342406 [sandbox] java.lang.NoClassDefFoundError: com/google/common/base/Throwables
	at io.grpc.internal.ServerCallImpl$ServerStreamListenerImpl.messagesAvailableInternal(ServerCallImpl.java:343)
	at io.grpc.internal.ServerCallImpl$ServerStreamListenerImpl.messagesAvailable(ServerCallImpl.java:319)
	at io.grpc.internal.ServerImpl$JumpToApplicationThreadServerStreamListener$1MessagesAvailable.runInContext(ServerImpl.java:834)
	at io.grpc.internal.ContextRunnable.run(ContextRunnable.java:37)
	at io.grpc.internal.SerializingExecutor.run(SerializingExecutor.java:133)
	at java.base/java.util.concurrent.ThreadPoolExecutor.runWorker(ThreadPoolExecutor.java:1144)
	at java.base/java.util.concurrent.ThreadPoolExecutor$Worker.run(ThreadPoolExecutor.java:642)
	at java.base/java.lang.Thread.run(Thread.java:1583)
2026/09/02 23:21:44.342423 [sandbox] Caused by: java.lang.ClassNotFoundException: com.google.common.base.Throwables
	... 8 more
2026/09/02 23:21:44.342302 download: job 131 (chapter 22921) failed: fetching page list: rpc error: code = Unknown desc = Application error processing RPC
2026/09/02 23:21:44.409984 download: job 132 (chapter 22922) failed: fetching page list: rpc error: code = Unknown desc = Application error processing RPC
2026/09/02 23:21:44.410037 [sandbox] Exception in thread "grpc-default-executor-148" java.lang.NoClassDefFoundError: com/google/common/base/Throwables
2026/09/02 23:21:44.410271 [sandbox] 	at io.grpc.internal.ServerCallImpl$ServerStreamListenerImpl.messagesAvailableInternal(ServerCallImpl.java:343)
	at io.grpc.internal.ServerCallImpl$ServerStreamListenerImpl.messagesAvailable(ServerCallImpl.java:319)
	at io.grpc.internal.ServerImpl$JumpToApplicationThreadServerStreamListener$1MessagesAvailable.runInContext(ServerImpl.java:834)
	at io.grpc.internal.ContextRunnable.run(ContextRunnable.java:37)
	at io.grpc.internal.SerializingExecutor.run(SerializingExecutor.java:133)
	at java.base/java.util.concurrent.ThreadPoolExecutor.runWorker(ThreadPoolExecutor.java:1144)
	at java.base/java.util.concurrent.ThreadPoolExecutor$Worker.run(ThreadPoolExecutor.java:642)
	at java.base/java.lang.Thread.run(Thread.java:1583)
Caused by: java.lang.ClassNotFoundException: com.google.common.base.Throwables
	... 8 more
2026/09/02 23:21:44.478749 [sandbox] Exception in thread "grpc-default-executor-149" 
2026/09/02 23:21:44.478792 download: job 133 (chapter 22923) failed: fetching page list: rpc error: code = Unknown desc = Application error processing RPC
2026/09/02 23:21:44.478844 [sandbox] java.lang.NoClassDefFoundError: com/google/common/base/Throwables
	at io.grpc.internal.ServerCallImpl$ServerStreamListenerImpl.messagesAvailableInternal(ServerCallImpl.java:343)
	at io.grpc.internal.ServerCallImpl$ServerStreamListenerImpl.messagesAvailable(ServerCallImpl.java:319)
	at io.grpc.internal.ServerImpl$JumpToApplicationThreadServerStreamListener$1MessagesAvailable.runInContext(ServerImpl.java:834)
	at io.grpc.internal.ContextRunnable.run(ContextRunnable.java:37)
	at io.grpc.internal.SerializingExecutor.run(SerializingExecutor.java:133)
	at java.base/java.util.concurrent.ThreadPoolExecutor.runWorker(ThreadPoolExecutor.java:1144)
	at java.base/java.util.concurrent.ThreadPoolExecutor$Worker.run(ThreadPoolExecutor.java:642)
	at java.base/java.lang.Thread.run(Thread.java:1583)
2026/09/02 23:21:44.479042 [sandbox] Caused by: java.lang.ClassNotFoundException: com.google.common.base.Throwables
	... 8 more
2026/09/02 23:21:44.545637 [sandbox] Exception in thread "grpc-default-executor-150" java.lang.NoClassDefFoundError: com/google/common/base/Throwables
2026/09/02 23:21:44.545709 [sandbox] 	at io.grpc.internal.ServerCallImpl$ServerStreamListenerImpl.messagesAvailableInternal(ServerCallImpl.java:343)
	at io.grpc.internal.ServerCallImpl$ServerStreamListenerImpl.messagesAvailable(ServerCallImpl.java:319)
	at io.grpc.internal.ServerImpl$JumpToApplicationThreadServerStreamListener$1MessagesAvailable.runInContext(ServerImpl.java:834)
	at io.grpc.internal.ContextRunnable.run(ContextRunnable.java:37)
	at io.grpc.internal.SerializingExecutor.run(SerializingExecutor.java:133)
	at java.base/java.util.concurrent.ThreadPoolExecutor.runWorker(ThreadPoolExecutor.java:1144)
	at java.base/java.util.concurrent.ThreadPoolExecutor$Worker.run(ThreadPoolExecutor.java:642)
	at java.base/java.lang.Thread.run(Thread.java:1583)
2026/09/02 23:21:44.545741 [sandbox] Caused by: java.lang.ClassNotFoundException: com.google.common.base.Throwables
	... 8 more
2026/09/02 23:21:44.545674 download: job 134 (chapter 22924) failed: fetching page list: rpc error: code = Unknown desc = Application error processing RPC
2026/09/02 23:21:44.611983 [sandbox] Exception in thread "grpc-default-executor-151" 
2026/09/02 23:21:44.612076 [sandbox] java.lang.NoClassDefFoundError: com/google/common/base/Throwables
	at io.grpc.internal.ServerCallImpl$ServerStreamListenerImpl.messagesAvailableInternal(ServerCallImpl.java:343)
	at io.grpc.internal.ServerCallImpl$ServerStreamListenerImpl.messagesAvailable(ServerCallImpl.java:319)
	at io.grpc.internal.ServerImpl$JumpToApplicationThreadServerStreamListener$1MessagesAvailable.runInContext(ServerImpl.java:834)
	at io.grpc.internal.ContextRunnable.run(ContextRunnable.java:37)
	at io.grpc.internal.SerializingExecutor.run(SerializingExecutor.java:133)
	at java.base/java.util.concurrent.ThreadPoolExecutor.runWorker(ThreadPoolExecutor.java:1144)
	at java.base/java.util.concurrent.ThreadPoolExecutor$Worker.run(ThreadPoolExecutor.java:642)
	at java.base/java.lang.Thread.run(Thread.java:1583)
2026/09/02 23:21:44.612114 [sandbox] Caused by: java.lang.ClassNotFoundException: com.google.common.base.Throwables
	... 8 more
2026/09/02 23:21:44.611981 download: job 135 (chapter 22925) failed: fetching page list: rpc error: code = Unknown desc = Application error processing RPC
2026/09/02 23:21:44.676931 [sandbox] Exception in thread "grpc-default-executor-152" 
2026/09/02 23:21:44.677024 [sandbox] java.lang.NoClassDefFoundError: com/google/common/base/Throwables
	at io.grpc.internal.ServerCallImpl$ServerStreamListenerImpl.messagesAvailableInternal(ServerCallImpl.java:343)
	at io.grpc.internal.ServerCallImpl$ServerStreamListenerImpl.messagesAvailable(ServerCallImpl.java:319)
	at io.grpc.internal.ServerImpl$JumpToApplicationThreadServerStreamListener$1MessagesAvailable.runInContext(ServerImpl.java:834)
	at io.grpc.internal.ContextRunnable.run(ContextRunnable.java:37)
	at io.grpc.internal.SerializingExecutor.run(SerializingExecutor.java:133)
	at java.base/java.util.concurrent.ThreadPoolExecutor.runWorker(ThreadPoolExecutor.java:1144)
	at java.base/java.util.concurrent.ThreadPoolExecutor$Worker.run(ThreadPoolExecutor.java:642)
	at java.base/java.lang.Thread.run(Thread.java:1583)
2026/09/02 23:21:44.676962 download: job 136 (chapter 22926) failed: fetching page list: rpc error: code = Unknown desc = Application error processing RPC
2026/09/02 23:21:44.677045 [sandbox] Caused by: java.lang.ClassNotFoundException: com.google.common.base.Throwables
	... 8 more
2026/09/02 23:21:44.742391 download: job 137 (chapter 22927) failed: fetching page list: rpc error: code = Unknown desc = Application error processing RPC
2026/09/02 23:21:44.742520 [sandbox] Exception in thread "grpc-default-executor-153" java.lang.NoClassDefFoundError: com/google/common/base/Throwables
2026/09/02 23:21:44.742560 [sandbox] 	at io.grpc.internal.ServerCallImpl$ServerStreamListenerImpl.messagesAvailableInternal(ServerCallImpl.java:343)
	at io.grpc.internal.ServerCallImpl$ServerStreamListenerImpl.messagesAvailable(ServerCallImpl.java:319)
	at io.grpc.internal.ServerImpl$JumpToApplicationThreadServerStreamListener$1MessagesAvailable.runInContext(ServerImpl.java:834)
	at io.grpc.internal.ContextRunnable.run(ContextRunnable.java:37)
	at io.grpc.internal.SerializingExecutor.run(SerializingExecutor.java:133)
	at java.base/java.util.concurrent.ThreadPoolExecutor.runWorker(ThreadPoolExecutor.java:1144)
	at java.base/java.util.concurrent.ThreadPoolExecutor$Worker.run(ThreadPoolExecutor.java:642)
	at java.base/java.lang.Thread.run(Thread.java:1583)
2026/09/02 23:21:44.742579 [sandbox] Caused by: java.lang.ClassNotFoundException: com.google.common.base.Throwables
2026/09/02 23:21:44.742587 [sandbox] 	... 8 more
2026/09/02 23:21:44.808013 download: job 138 (chapter 22928) failed: fetching page list: rpc error: code = Unknown desc = Application error processing RPC
2026/09/02 23:21:44.808145 [sandbox] Exception in thread "grpc-default-executor-154" java.lang.NoClassDefFoundError: com/google/common/base/Throwables
2026/09/02 23:21:44.808222 [sandbox] 	at io.grpc.internal.ServerCallImpl$ServerStreamListenerImpl.messagesAvailableInternal(ServerCallImpl.java:343)
	at io.grpc.internal.ServerCallImpl$ServerStreamListenerImpl.messagesAvailable(ServerCallImpl.java:319)
	at io.grpc.internal.ServerImpl$JumpToApplicationThreadServerStreamListener$1MessagesAvailable.runInContext(ServerImpl.java:834)
	at io.grpc.internal.ContextRunnable.run(ContextRunnable.java:37)
	at io.grpc.internal.SerializingExecutor.run(SerializingExecutor.java:133)
	at java.base/java.util.concurrent.ThreadPoolExecutor.runWorker(ThreadPoolExecutor.java:1144)
	at java.base/java.util.concurrent.ThreadPoolExecutor$Worker.run(ThreadPoolExecutor.java:642)
	at java.base/java.lang.Thread.run(Thread.java:1583)
Caused by: java.lang.ClassNotFoundException: com.google.common.base.Throwables
	... 8 more
2026/09/02 23:21:44.871560 download: job 139 (chapter 22929) failed: fetching page list: rpc error: code = Unknown desc = Application error processing RPC
2026/09/02 23:21:44.871625 [sandbox] Exception in thread "grpc-default-executor-155" 
2026/09/02 23:21:44.871783 [sandbox] java.lang.NoClassDefFoundError: com/google/common/base/Throwables
	at io.grpc.internal.ServerCallImpl$ServerStreamListenerImpl.messagesAvailableInternal(ServerCallImpl.java:343)
	at io.grpc.internal.ServerCallImpl$ServerStreamListenerImpl.messagesAvailable(ServerCallImpl.java:319)
	at io.grpc.internal.ServerImpl$JumpToApplicationThreadServerStreamListener$1MessagesAvailable.runInContext(ServerImpl.java:834)
	at io.grpc.internal.ContextRunnable.run(ContextRunnable.java:37)
	at io.grpc.internal.SerializingExecutor.run(SerializingExecutor.java:133)
	at java.base/java.util.concurrent.ThreadPoolExecutor.runWorker(ThreadPoolExecutor.java:1144)
	at java.base/java.util.concurrent.ThreadPoolExecutor$Worker.run(ThreadPoolExecutor.java:642)
	at java.base/java.lang.Thread.run(Thread.java:1583)
Caused by: java.lang.ClassNotFoundException: com.google.common.base.Throwables
	... 8 more
2026/09/02 23:21:44.933925 download: job 140 (chapter 22930) failed: fetching page list: rpc error: code = Unknown desc = Application error processing RPC
2026/09/02 23:21:44.934032 [sandbox] Exception in thread "grpc-default-executor-156" java.lang.NoClassDefFoundError: com/google/common/base/Throwables
2026/09/02 23:21:44.934144 [sandbox] 	at io.grpc.internal.ServerCallImpl$ServerStreamListenerImpl.messagesAvailableInternal(ServerCallImpl.java:343)
	at io.grpc.internal.ServerCallImpl$ServerStreamListenerImpl.messagesAvailable(ServerCallImpl.java:319)
	at io.grpc.internal.ServerImpl$JumpToApplicationThreadServerStreamListener$1MessagesAvailable.runInContext(ServerImpl.java:834)
	at io.grpc.internal.ContextRunnable.run(ContextRunnable.java:37)
	at io.grpc.internal.SerializingExecutor.run(SerializingExecutor.java:133)
	at java.base/java.util.concurrent.ThreadPoolExecutor.runWorker(ThreadPoolExecutor.java:1144)
	at java.base/java.util.concurrent.ThreadPoolExecutor$Worker.run(ThreadPoolExecutor.java:642)
	at java.base/java.lang.Thread.run(Thread.java:1583)
Caused by: java.lang.ClassNotFoundException: com.google.common.base.Throwables
	... 8 more
2026/09/02 23:21:45.002443 download: job 141 (chapter 22931) failed: fetching page list: rpc error: code = Unknown desc = Application error processing RPC
2026/09/02 23:21:45.002443 [sandbox] Exception in thread "grpc-default-executor-157" 
2026/09/02 23:21:45.002635 [sandbox] java.lang.NoClassDefFoundError: com/google/common/base/Throwables
	at io.grpc.internal.ServerCallImpl$ServerStreamListenerImpl.messagesAvailableInternal(ServerCallImpl.java:343)
	at io.grpc.internal.ServerCallImpl$ServerStreamListenerImpl.messagesAvailable(ServerCallImpl.java:319)
	at io.grpc.internal.ServerImpl$JumpToApplicationThreadServerStreamListener$1MessagesAvailable.runInContext(ServerImpl.java:834)
	at io.grpc.internal.ContextRunnable.run(ContextRunnable.java:37)
	at io.grpc.internal.SerializingExecutor.run(SerializingExecutor.java:133)
	at java.base/java.util.concurrent.ThreadPoolExecutor.runWorker(ThreadPoolExecutor.java:1144)
	at java.base/java.util.concurrent.ThreadPoolExecutor$Worker.run(ThreadPoolExecutor.java:642)
	at java.base/java.lang.Thread.run(Thread.java:1583)
Caused by: java.lang.ClassNotFoundException: com.google.common.base.Throwables
	... 8 more
2026/09/02 23:21:45.065148 [sandbox] Exception in thread "grpc-default-executor-142" java.lang.NoClassDefFoundError: com/google/common/base/Throwables
	at io.grpc.internal.ServerCallImpl$ServerStreamListenerImpl.messagesAvailableInternal(ServerCallImpl.java:343)
	at io.grpc.internal.ServerCallImpl$ServerStreamListenerImpl.messagesAvailable(ServerCallImpl.java:319)
	at io.grpc.internal.ServerImpl$JumpToApplicationThreadServerStreamListener$1MessagesAvailable.runInContext(ServerImpl.java:834)
	at io.grpc.internal.ContextRunnable.run(ContextRunnable.java:37)
	at io.grpc.internal.SerializingExecutor.run(SerializingExecutor.java:133)
	at java.base/java.util.concurrent.ThreadPoolExecutor.runWorker(ThreadPoolExecutor.java:1144)
	at java.base/java.util.concurrent.ThreadPoolExecutor$Worker.run(ThreadPoolExecutor.java:642)
	at java.base/java.lang.Thread.run(Thread.java:1583)
Caused by: java.lang.ClassNotFoundException: com.google.common.base.Throwables
	... 8 more
2026/09/02 23:21:45.065161 download: job 142 (chapter 22932) failed: fetching page list: rpc error: code = Unknown desc = Application error processing RPC
2026/09/02 23:21:45.114475 [sandbox] Exception in thread "grpc-default-executor-158" java.lang.NoClassDefFoundError: com/google/common/base/Throwables
2026/09/02 23:21:45.114564 [sandbox] 	at io.grpc.internal.ServerCallImpl$ServerStreamListenerImpl.messagesAvailableInternal(ServerCallImpl.java:343)
	at io.grpc.internal.ServerCallImpl$ServerStreamListenerImpl.messagesAvailable(ServerCallImpl.java:319)
	at io.grpc.internal.ServerImpl$JumpToApplicationThreadServerStreamListener$1MessagesAvailable.runInContext(ServerImpl.java:834)
	at io.grpc.internal.ContextRunnable.run(ContextRunnable.java:37)
	at io.grpc.internal.SerializingExecutor.run(SerializingExecutor.java:133)
	at java.base/java.util.concurrent.ThreadPoolExecutor.runWorker(ThreadPoolExecutor.java:1144)
	at java.base/java.util.concurrent.ThreadPoolExecutor$Worker.run(ThreadPoolExecutor.java:642)
	at java.base/java.lang.Thread.run(Thread.java:1583)
Caused by: java.lang.ClassNotFoundException: com.google.common.base.Throwables
2026/09/02 23:21:45.114594 [sandbox] 	... 8 more
2026/09/02 23:21:45.114501 download: job 143 (chapter 22933) failed: fetching page list: rpc error: code = Unknown desc = Application error processing RPC
2026/09/02 23:21:45.178211 download: job 144 (chapter 22934) failed: fetching page list: rpc error: code = Unknown desc = Application error processing RPC
2026/09/02 23:21:45.178210 [sandbox] Exception in thread "grpc-default-executor-159" 
2026/09/02 23:21:45.178410 [sandbox] java.lang.NoClassDefFoundError: com/google/common/base/Throwables
	at io.grpc.internal.ServerCallImpl$ServerStreamListenerImpl.messagesAvailableInternal(ServerCallImpl.java:343)
	at io.grpc.internal.ServerCallImpl$ServerStreamListenerImpl.messagesAvailable(ServerCallImpl.java:319)
	at io.grpc.internal.ServerImpl$JumpToApplicationThreadServerStreamListener$1MessagesAvailable.runInContext(ServerImpl.java:834)
	at io.grpc.internal.ContextRunnable.run(ContextRunnable.java:37)
	at io.grpc.internal.SerializingExecutor.run(SerializingExecutor.java:133)
	at java.base/java.util.concurrent.ThreadPoolExecutor.runWorker(ThreadPoolExecutor.java:1144)
	at java.base/java.util.concurrent.ThreadPoolExecutor$Worker.run(ThreadPoolExecutor.java:642)
	at java.base/java.lang.Thread.run(Thread.java:1583)
Caused by: java.lang.ClassNotFoundException: com.google.common.base.Throwables
	... 8 more
2026/09/02 23:21:45.241475 download: job 145 (chapter 22935) failed: fetching page list: rpc error: code = Unknown desc = Application error processing RPC
2026/09/02 23:21:45.241534 [sandbox] Exception in thread "grpc-default-executor-160" java.lang.NoClassDefFoundError: com/google/common/base/Throwables
2026/09/02 23:21:45.241608 [sandbox] 	at io.grpc.internal.ServerCallImpl$ServerStreamListenerImpl.messagesAvailableInternal(ServerCallImpl.java:343)
	at io.grpc.internal.ServerCallImpl$ServerStreamListenerImpl.messagesAvailable(ServerCallImpl.java:319)
	at io.grpc.internal.ServerImpl$JumpToApplicationThreadServerStreamListener$1MessagesAvailable.runInContext(ServerImpl.java:834)
	at io.grpc.internal.ContextRunnable.run(ContextRunnable.java:37)
	at io.grpc.internal.SerializingExecutor.run(SerializingExecutor.java:133)
	at java.base/java.util.concurrent.ThreadPoolExecutor.runWorker(ThreadPoolExecutor.java:1144)
	at java.base/java.util.concurrent.ThreadPoolExecutor$Worker.run(ThreadPoolExecutor.java:642)
	at java.base/java.lang.Thread.run(Thread.java:1583)
2026/09/02 23:21:45.241622 [sandbox] Caused by: java.lang.ClassNotFoundException: com.google.common.base.Throwables
	... 8 more
2026/09/02 23:21:45.290225 download: job 146 (chapter 22936) failed: fetching page list: rpc error: code = Unknown desc = Application error processing RPC
2026/09/02 23:21:45.290245 [sandbox] Exception in thread "grpc-default-executor-162" java.lang.NoClassDefFoundError: com/google/common/base/Throwables
2026/09/02 23:21:45.290468 [sandbox] 	at io.grpc.internal.ServerCallImpl$ServerStreamListenerImpl.messagesAvailableInternal(ServerCallImpl.java:343)
	at io.grpc.internal.ServerCallImpl$ServerStreamListenerImpl.messagesAvailable(ServerCallImpl.java:319)
	at io.grpc.internal.ServerImpl$JumpToApplicationThreadServerStreamListener$1MessagesAvailable.runInContext(ServerImpl.java:834)
	at io.grpc.internal.ContextRunnable.run(ContextRunnable.java:37)
	at io.grpc.internal.SerializingExecutor.run(SerializingExecutor.java:133)
	at java.base/java.util.concurrent.ThreadPoolExecutor.runWorker(ThreadPoolExecutor.java:1144)
	at java.base/java.util.concurrent.ThreadPoolExecutor$Worker.run(ThreadPoolExecutor.java:642)
	at java.base/java.lang.Thread.run(Thread.java:1583)
Caused by: java.lang.ClassNotFoundException: com.google.common.base.Throwables
	... 8 more
2026/09/02 23:21:45.353702 download: job 147 (chapter 22937) failed: fetching page list: rpc error: code = Unknown desc = Application error processing RPC
2026/09/02 23:21:45.353837 [sandbox] Exception in thread "grpc-default-executor-163" 
2026/09/02 23:21:45.353871 [sandbox] java.lang.NoClassDefFoundError: com/google/common/base/Throwables
2026/09/02 23:21:45.353904 [sandbox] 	at io.grpc.internal.ServerCallImpl$ServerStreamListenerImpl.messagesAvailableInternal(ServerCallImpl.java:343)
	at io.grpc.internal.ServerCallImpl$ServerStreamListenerImpl.messagesAvailable(ServerCallImpl.java:319)
2026/09/02 23:21:45.353917 [sandbox] 	at io.grpc.internal.ServerImpl$JumpToApplicationThreadServerStreamListener$1MessagesAvailable.runInContext(ServerImpl.java:834)
	at io.grpc.internal.ContextRunnable.run(ContextRunnable.java:37)
	at io.grpc.internal.SerializingExecutor.run(SerializingExecutor.java:133)
	at java.base/java.util.concurrent.ThreadPoolExecutor.runWorker(ThreadPoolExecutor.java:1144)
2026/09/02 23:21:45.353933 [sandbox] 	at java.base/java.util.concurrent.ThreadPoolExecutor$Worker.run(ThreadPoolExecutor.java:642)
	at java.base/java.lang.Thread.run(Thread.java:1583)
2026/09/02 23:21:45.353951 [sandbox] Caused by: java.lang.ClassNotFoundException: com.google.common.base.Throwables
	... 8 more
2026/09/02 23:21:45.418271 [sandbox] Exception in thread "grpc-default-executor-164" 
2026/09/02 23:21:45.418333 [sandbox] java.lang.NoClassDefFoundError: com/google/common/base/Throwables
	at io.grpc.internal.ServerCallImpl$ServerStreamListenerImpl.messagesAvailableInternal(ServerCallImpl.java:343)
	at io.grpc.internal.ServerCallImpl$ServerStreamListenerImpl.messagesAvailable(ServerCallImpl.java:319)
	at io.grpc.internal.ServerImpl$JumpToApplicationThreadServerStreamListener$1MessagesAvailable.runInContext(ServerImpl.java:834)
	at io.grpc.internal.ContextRunnable.run(ContextRunnable.java:37)
	at io.grpc.internal.SerializingExecutor.run(SerializingExecutor.java:133)
	at java.base/java.util.concurrent.ThreadPoolExecutor.runWorker(ThreadPoolExecutor.java:1144)
	at java.base/java.util.concurrent.ThreadPoolExecutor$Worker.run(ThreadPoolExecutor.java:642)
	at java.base/java.lang.Thread.run(Thread.java:1583)
2026/09/02 23:21:45.418333 download: job 148 (chapter 22938) failed: fetching page list: rpc error: code = Unknown desc = Application error processing RPC
2026/09/02 23:21:45.418353 [sandbox] Caused by: java.lang.ClassNotFoundException: com.google.common.base.Throwables
	... 8 more
2026/09/02 23:21:45.467537 download: job 149 (chapter 22939) failed: fetching page list: rpc error: code = Unknown desc = Application error processing RPC
2026/09/02 23:21:45.467624 [sandbox] Exception in thread "grpc-default-executor-165" 
2026/09/02 23:21:45.467651 [sandbox] java.lang.NoClassDefFoundError: com/google/common/base/Throwables
2026/09/02 23:21:45.467674 [sandbox] 	at io.grpc.internal.ServerCallImpl$ServerStreamListenerImpl.messagesAvailableInternal(ServerCallImpl.java:343)
2026/09/02 23:21:45.467697 [sandbox] 	at io.grpc.internal.ServerCallImpl$ServerStreamListenerImpl.messagesAvailable(ServerCallImpl.java:319)
	at io.grpc.internal.ServerImpl$JumpToApplicationThreadServerStreamListener$1MessagesAvailable.runInContext(ServerImpl.java:834)
	at io.grpc.internal.ContextRunnable.run(ContextRunnable.java:37)
	at io.grpc.internal.SerializingExecutor.run(SerializingExecutor.java:133)
	at java.base/java.util.concurrent.ThreadPoolExecutor.runWorker(ThreadPoolExecutor.java:1144)
	at java.base/java.util.concurrent.ThreadPoolExecutor$Worker.run(ThreadPoolExecutor.java:642)
	at java.base/java.lang.Thread.run(Thread.java:1583)
2026/09/02 23:21:45.467726 [sandbox] Caused by: java.lang.ClassNotFoundException: com.google.common.base.Throwables
	... 8 more
2026/09/02 23:21:45.534295 download: job 150 (chapter 22940) failed: fetching page list: rpc error: code = Unknown desc = Application error processing RPC
2026/09/02 23:21:45.534308 [sandbox] Exception in thread "grpc-default-executor-166" java.lang.NoClassDefFoundError: com/google/common/base/Throwables
2026/09/02 23:21:45.534506 [sandbox] 	at io.grpc.internal.ServerCallImpl$ServerStreamListenerImpl.messagesAvailableInternal(ServerCallImpl.java:343)
	at io.grpc.internal.ServerCallImpl$ServerStreamListenerImpl.messagesAvailable(ServerCallImpl.java:319)
	at io.grpc.internal.ServerImpl$JumpToApplicationThreadServerStreamListener$1MessagesAvailable.runInContext(ServerImpl.java:834)
	at io.grpc.internal.ContextRunnable.run(ContextRunnable.java:37)
	at io.grpc.internal.SerializingExecutor.run(SerializingExecutor.java:133)
	at java.base/java.util.concurrent.ThreadPoolExecutor.runWorker(ThreadPoolExecutor.java:1144)
	at java.base/java.util.concurrent.ThreadPoolExecutor$Worker.run(ThreadPoolExecutor.java:642)
	at java.base/java.lang.Thread.run(Thread.java:1583)
Caused by: java.lang.ClassNotFoundException: com.google.common.base.Throwables
	... 8 more
2026/09/02 23:21:45.601100 download: job 151 (chapter 22941) failed: fetching page list: rpc error: code = Unknown desc = Application error processing RPC
2026/09/02 23:21:45.601270 [sandbox] Exception in thread "grpc-default-executor-167" java.lang.NoClassDefFoundError: com/google/common/base/Throwables
2026/09/02 23:21:45.601369 [sandbox] 	at io.grpc.internal.ServerCallImpl$ServerStreamListenerImpl.messagesAvailableInternal(ServerCallImpl.java:343)
	at io.grpc.internal.ServerCallImpl$ServerStreamListenerImpl.messagesAvailable(ServerCallImpl.java:319)
	at io.grpc.internal.ServerImpl$JumpToApplicationThreadServerStreamListener$1MessagesAvailable.runInContext(ServerImpl.java:834)
	at io.grpc.internal.ContextRunnable.run(ContextRunnable.java:37)
	at io.grpc.internal.SerializingExecutor.run(SerializingExecutor.java:133)
	at java.base/java.util.concurrent.ThreadPoolExecutor.runWorker(ThreadPoolExecutor.java:1144)
	at java.base/java.util.concurrent.ThreadPoolExecutor$Worker.run(ThreadPoolExecutor.java:642)
	at java.base/java.lang.Thread.run(Thread.java:1583)
Caused by: java.lang.ClassNotFoundException: com.google.common.base.Throwables
	... 8 more
2026/09/02 23:21:45.666904 download: job 152 (chapter 22942) failed: fetching page list: rpc error: code = Unknown desc = Application error processing RPC
2026/09/02 23:21:45.666961 [sandbox] Exception in thread "grpc-default-executor-168" java.lang.NoClassDefFoundError: com/google/common/base/Throwables
2026/09/02 23:21:45.667018 [sandbox] 	at io.grpc.internal.ServerCallImpl$ServerStreamListenerImpl.messagesAvailableInternal(ServerCallImpl.java:343)
	at io.grpc.internal.ServerCallImpl$ServerStreamListenerImpl.messagesAvailable(ServerCallImpl.java:319)
	at io.grpc.internal.ServerImpl$JumpToApplicationThreadServerStreamListener$1MessagesAvailable.runInContext(ServerImpl.java:834)
	at io.grpc.internal.ContextRunnable.run(ContextRunnable.java:37)
	at io.grpc.internal.SerializingExecutor.run(SerializingExecutor.java:133)
	at java.base/java.util.concurrent.ThreadPoolExecutor.runWorker(ThreadPoolExecutor.java:1144)
	at java.base/java.util.concurrent.ThreadPoolExecutor$Worker.run(ThreadPoolExecutor.java:642)
2026/09/02 23:21:45.667042 [sandbox] 	at java.base/java.lang.Thread.run(Thread.java:1583)
Caused by: java.lang.ClassNotFoundException: com.google.common.base.Throwables
2026/09/02 23:21:45.667064 [sandbox] 	... 8 more
2026/09/02 23:21:45.733047 download: job 153 (chapter 22943) failed: fetching page list: rpc error: code = Unknown desc = Application error processing RPC
2026/09/02 23:21:45.733110 [sandbox] Exception in thread "grpc-default-executor-169" java.lang.NoClassDefFoundError: com/google/common/base/Throwables
2026/09/02 23:21:45.733150 [sandbox] 	at io.grpc.internal.ServerCallImpl$ServerStreamListenerImpl.messagesAvailableInternal(ServerCallImpl.java:343)
	at io.grpc.internal.ServerCallImpl$ServerStreamListenerImpl.messagesAvailable(ServerCallImpl.java:319)
2026/09/02 23:21:45.733162 [sandbox] 	at io.grpc.internal.ServerImpl$JumpToApplicationThreadServerStreamListener$1MessagesAvailable.runInContext(ServerImpl.java:834)
	at io.grpc.internal.ContextRunnable.run(ContextRunnable.java:37)
	at io.grpc.internal.SerializingExecutor.run(SerializingExecutor.java:133)
	at java.base/java.util.concurrent.ThreadPoolExecutor.runWorker(ThreadPoolExecutor.java:1144)
2026/09/02 23:21:45.733171 [sandbox] 	at java.base/java.util.concurrent.ThreadPoolExecutor$Worker.run(ThreadPoolExecutor.java:642)
	at java.base/java.lang.Thread.run(Thread.java:1583)
2026/09/02 23:21:45.733201 [sandbox] Caused by: java.lang.ClassNotFoundException: com.google.common.base.Throwables
	... 8 more
2026/09/02 23:21:45.798348 download: job 154 (chapter 22944) failed: fetching page list: rpc error: code = Unknown desc = Application error processing RPC
2026/09/02 23:21:45.798421 [sandbox] Exception in thread "grpc-default-executor-170" java.lang.NoClassDefFoundError: com/google/common/base/Throwables
2026/09/02 23:21:45.798501 [sandbox] 	at io.grpc.internal.ServerCallImpl$ServerStreamListenerImpl.messagesAvailableInternal(ServerCallImpl.java:343)
	at io.grpc.internal.ServerCallImpl$ServerStreamListenerImpl.messagesAvailable(ServerCallImpl.java:319)
	at io.grpc.internal.ServerImpl$JumpToApplicationThreadServerStreamListener$1MessagesAvailable.runInContext(ServerImpl.java:834)
	at io.grpc.internal.ContextRunnable.run(ContextRunnable.java:37)
	at io.grpc.internal.SerializingExecutor.run(SerializingExecutor.java:133)
	at java.base/java.util.concurrent.ThreadPoolExecutor.runWorker(ThreadPoolExecutor.java:1144)
	at java.base/java.util.concurrent.ThreadPoolExecutor$Worker.run(ThreadPoolExecutor.java:642)
	at java.base/java.lang.Thread.run(Thread.java:1583)
Caused by: java.lang.ClassNotFoundException: com.google.common.base.Throwables
	... 8 more
2026/09/02 23:21:45.864414 download: job 155 (chapter 22945) failed: fetching page list: rpc error: code = Unknown desc = Application error processing RPC
2026/09/02 23:21:45.864557 [sandbox] Exception in thread "grpc-default-executor-171" 
2026/09/02 23:21:45.864584 [sandbox] java.lang.NoClassDefFoundError: com/google/common/base/Throwables
2026/09/02 23:21:45.864611 [sandbox] 	at io.grpc.internal.ServerCallImpl$ServerStreamListenerImpl.messagesAvailableInternal(ServerCallImpl.java:343)
	at io.grpc.internal.ServerCallImpl$ServerStreamListenerImpl.messagesAvailable(ServerCallImpl.java:319)
2026/09/02 23:21:45.864623 [sandbox] 	at io.grpc.internal.ServerImpl$JumpToApplicationThreadServerStreamListener$1MessagesAvailable.runInContext(ServerImpl.java:834)
	at io.grpc.internal.ContextRunnable.run(ContextRunnable.java:37)
	at io.grpc.internal.SerializingExecutor.run(SerializingExecutor.java:133)
2026/09/02 23:21:45.864636 [sandbox] 	at java.base/java.util.concurrent.ThreadPoolExecutor.runWorker(ThreadPoolExecutor.java:1144)
	at java.base/java.util.concurrent.ThreadPoolExecutor$Worker.run(ThreadPoolExecutor.java:642)
	at java.base/java.lang.Thread.run(Thread.java:1583)
2026/09/02 23:21:45.864658 [sandbox] Caused by: java.lang.ClassNotFoundException: com.google.common.base.Throwables
	... 8 more
2026/09/02 23:21:45.930810 download: job 156 (chapter 22946) failed: fetching page list: rpc error: code = Unknown desc = Application error processing RPC
2026/09/02 23:21:45.930843 [sandbox] Exception in thread "grpc-default-executor-172" 
2026/09/02 23:21:45.931005 [sandbox] java.lang.NoClassDefFoundError: com/google/common/base/Throwables
	at io.grpc.internal.ServerCallImpl$ServerStreamListenerImpl.messagesAvailableInternal(ServerCallImpl.java:343)
	at io.grpc.internal.ServerCallImpl$ServerStreamListenerImpl.messagesAvailable(ServerCallImpl.java:319)
	at io.grpc.internal.ServerImpl$JumpToApplicationThreadServerStreamListener$1MessagesAvailable.runInContext(ServerImpl.java:834)
	at io.grpc.internal.ContextRunnable.run(ContextRunnable.java:37)
	at io.grpc.internal.SerializingExecutor.run(SerializingExecutor.java:133)
	at java.base/java.util.concurrent.ThreadPoolExecutor.runWorker(ThreadPoolExecutor.java:1144)
	at java.base/java.util.concurrent.ThreadPoolExecutor$Worker.run(ThreadPoolExecutor.java:642)
	at java.base/java.lang.Thread.run(Thread.java:1583)
Caused by: java.lang.ClassNotFoundException: com.google.common.base.Throwables
	... 8 more
2026/09/02 23:21:45.992584 download: job 157 (chapter 22947) failed: fetching page list: rpc error: code = Unknown desc = Application error processing RPC
2026/09/02 23:21:45.992670 [sandbox] Exception in thread "grpc-default-executor-173" 
2026/09/02 23:21:45.992732 [sandbox] java.lang.NoClassDefFoundError: com/google/common/base/Throwables
	at io.grpc.internal.ServerCallImpl$ServerStreamListenerImpl.messagesAvailableInternal(ServerCallImpl.java:343)
	at io.grpc.internal.ServerCallImpl$ServerStreamListenerImpl.messagesAvailable(ServerCallImpl.java:319)
	at io.grpc.internal.ServerImpl$JumpToApplicationThreadServerStreamListener$1MessagesAvailable.runInContext(ServerImpl.java:834)
	at io.grpc.internal.ContextRunnable.run(ContextRunnable.java:37)
	at io.grpc.internal.SerializingExecutor.run(SerializingExecutor.java:133)
2026/09/02 23:21:45.992765 [sandbox] 	at java.base/java.util.concurrent.ThreadPoolExecutor.runWorker(ThreadPoolExecutor.java:1144)
	at java.base/java.util.concurrent.ThreadPoolExecutor$Worker.run(ThreadPoolExecutor.java:642)
	at java.base/java.lang.Thread.run(Thread.java:1583)
Caused by: java.lang.ClassNotFoundException: com.google.common.base.Throwables
2026/09/02 23:21:45.992782 [sandbox] 	... 8 more
2026/09/02 23:21:46.058206 download: job 158 (chapter 22948) failed: fetching page list: rpc error: code = Unknown desc = Application error processing RPC
2026/09/02 23:21:46.058282 [sandbox] Exception in thread "grpc-default-executor-174" java.lang.NoClassDefFoundError: com/google/common/base/Throwables
2026/09/02 23:21:46.058341 [sandbox] 	at io.grpc.internal.ServerCallImpl$ServerStreamListenerImpl.messagesAvailableInternal(ServerCallImpl.java:343)
	at io.grpc.internal.ServerCallImpl$ServerStreamListenerImpl.messagesAvailable(ServerCallImpl.java:319)
	at io.grpc.internal.ServerImpl$JumpToApplicationThreadServerStreamListener$1MessagesAvailable.runInContext(ServerImpl.java:834)
	at io.grpc.internal.ContextRunnable.run(ContextRunnable.java:37)
	at io.grpc.internal.SerializingExecutor.run(SerializingExecutor.java:133)
	at java.base/java.util.concurrent.ThreadPoolExecutor.runWorker(ThreadPoolExecutor.java:1144)
	at java.base/java.util.concurrent.ThreadPoolExecutor$Worker.run(ThreadPoolExecutor.java:642)
	at java.base/java.lang.Thread.run(Thread.java:1583)
2026/09/02 23:21:46.058365 [sandbox] Caused by: java.lang.ClassNotFoundException: com.google.common.base.Throwables
	... 8 more
2026/09/02 23:21:46.123638 download: job 159 (chapter 22949) failed: fetching page list: rpc error: code = Unknown desc = Application error processing RPC
2026/09/02 23:21:46.123731 [sandbox] Exception in thread "grpc-default-executor-175" 
2026/09/02 23:21:46.123768 [sandbox] java.lang.NoClassDefFoundError: com/google/common/base/Throwables
2026/09/02 23:21:46.123781 [sandbox] 	at io.grpc.internal.ServerCallImpl$ServerStreamListenerImpl.messagesAvailableInternal(ServerCallImpl.java:343)
2026/09/02 23:21:46.123800 [sandbox] 	at io.grpc.internal.ServerCallImpl$ServerStreamListenerImpl.messagesAvailable(ServerCallImpl.java:319)
	at io.grpc.internal.ServerImpl$JumpToApplicationThreadServerStreamListener$1MessagesAvailable.runInContext(ServerImpl.java:834)
	at io.grpc.internal.ContextRunnable.run(ContextRunnable.java:37)
	at io.grpc.internal.SerializingExecutor.run(SerializingExecutor.java:133)
	at java.base/java.util.concurrent.ThreadPoolExecutor.runWorker(ThreadPoolExecutor.java:1144)
2026/09/02 23:21:46.123825 [sandbox] 	at java.base/java.util.concurrent.ThreadPoolExecutor$Worker.run(ThreadPoolExecutor.java:642)
	at java.base/java.lang.Thread.run(Thread.java:1583)
Caused by: java.lang.ClassNotFoundException: com.google.common.base.Throwables
2026/09/02 23:21:46.123832 [sandbox] 	... 8 more
2026/09/02 23:21:46.188919 download: job 160 (chapter 22950) failed: fetching page list: rpc error: code = Unknown desc = Application error processing RPC
2026/09/02 23:21:46.188965 [sandbox] Exception in thread "grpc-default-executor-176" java.lang.NoClassDefFoundError: com/google/common/base/Throwables
2026/09/02 23:21:46.189138 [sandbox] 	at io.grpc.internal.ServerCallImpl$ServerStreamListenerImpl.messagesAvailableInternal(ServerCallImpl.java:343)
	at io.grpc.internal.ServerCallImpl$ServerStreamListenerImpl.messagesAvailable(ServerCallImpl.java:319)
	at io.grpc.internal.ServerImpl$JumpToApplicationThreadServerStreamListener$1MessagesAvailable.runInContext(ServerImpl.java:834)
	at io.grpc.internal.ContextRunnable.run(ContextRunnable.java:37)
	at io.grpc.internal.SerializingExecutor.run(SerializingExecutor.java:133)
	at java.base/java.util.concurrent.ThreadPoolExecutor.runWorker(ThreadPoolExecutor.java:1144)
	at java.base/java.util.concurrent.ThreadPoolExecutor$Worker.run(ThreadPoolExecutor.java:642)
	at java.base/java.lang.Thread.run(Thread.java:1583)
Caused by: java.lang.ClassNotFoundException: com.google.common.base.Throwables
	... 8 more
2026/09/02 23:21:46.267207 download: job 161 (chapter 22951) failed: fetching page list: rpc error: code = Unknown desc = Application error processing RPC
2026/09/02 23:21:46.267330 [sandbox] Exception in thread "grpc-default-executor-177" 
2026/09/02 23:21:46.267385 [sandbox] java.lang.NoClassDefFoundError: com/google/common/base/Throwables
2026/09/02 23:21:46.267399 [sandbox] 	at io.grpc.internal.ServerCallImpl$ServerStreamListenerImpl.messagesAvailableInternal(ServerCallImpl.java:343)
	at io.grpc.internal.ServerCallImpl$ServerStreamListenerImpl.messagesAvailable(ServerCallImpl.java:319)
	at io.grpc.internal.ServerImpl$JumpToApplicationThreadServerStreamListener$1MessagesAvailable.runInContext(ServerImpl.java:834)
2026/09/02 23:21:46.267414 [sandbox] 	at io.grpc.internal.ContextRunnable.run(ContextRunnable.java:37)
	at io.grpc.internal.SerializingExecutor.run(SerializingExecutor.java:133)
	at java.base/java.util.concurrent.ThreadPoolExecutor.runWorker(ThreadPoolExecutor.java:1144)
	at java.base/java.util.concurrent.ThreadPoolExecutor$Worker.run(ThreadPoolExecutor.java:642)
	at java.base/java.lang.Thread.run(Thread.java:1583)
2026/09/02 23:21:46.267446 [sandbox] Caused by: java.lang.ClassNotFoundException: com.google.common.base.Throwables
	... 8 more
2026/09/02 23:21:46.330302 download: job 162 (chapter 22952) failed: fetching page list: rpc error: code = Unknown desc = Application error processing RPC
2026/09/02 23:21:46.330443 [sandbox] Exception in thread "grpc-default-executor-178" java.lang.NoClassDefFoundError: com/google/common/base/Throwables
2026/09/02 23:21:46.330487 [sandbox] 	at io.grpc.internal.ServerCallImpl$ServerStreamListenerImpl.messagesAvailableInternal(ServerCallImpl.java:343)
	at io.grpc.internal.ServerCallImpl$ServerStreamListenerImpl.messagesAvailable(ServerCallImpl.java:319)
	at io.grpc.internal.ServerImpl$JumpToApplicationThreadServerStreamListener$1MessagesAvailable.runInContext(ServerImpl.java:834)
2026/09/02 23:21:46.330497 [sandbox] 	at io.grpc.internal.ContextRunnable.run(ContextRunnable.java:37)
	at io.grpc.internal.SerializingExecutor.run(SerializingExecutor.java:133)
	at java.base/java.util.concurrent.ThreadPoolExecutor.runWorker(ThreadPoolExecutor.java:1144)
	at java.base/java.util.concurrent.ThreadPoolExecutor$Worker.run(ThreadPoolExecutor.java:642)
2026/09/02 23:21:46.330516 [sandbox] 	at java.base/java.lang.Thread.run(Thread.java:1583)
2026/09/02 23:21:46.330538 [sandbox] Caused by: java.lang.ClassNotFoundException: com.google.common.base.Throwables
	... 8 more
2026/09/02 23:21:46.395500 download: job 163 (chapter 22953) failed: fetching page list: rpc error: code = Unknown desc = Application error processing RPC
2026/09/02 23:21:46.395571 [sandbox] Exception in thread "grpc-default-executor-179" 
2026/09/02 23:21:46.395606 [sandbox] java.lang.NoClassDefFoundError: com/google/common/base/Throwables
2026/09/02 23:21:46.395623 [sandbox] 	at io.grpc.internal.ServerCallImpl$ServerStreamListenerImpl.messagesAvailableInternal(ServerCallImpl.java:343)
2026/09/02 23:21:46.395632 [sandbox] 	at io.grpc.internal.ServerCallImpl$ServerStreamListenerImpl.messagesAvailable(ServerCallImpl.java:319)
	at io.grpc.internal.ServerImpl$JumpToApplicationThreadServerStreamListener$1MessagesAvailable.runInContext(ServerImpl.java:834)
2026/09/02 23:21:46.395644 [sandbox] 	at io.grpc.internal.ContextRunnable.run(ContextRunnable.java:37)
	at io.grpc.internal.SerializingExecutor.run(SerializingExecutor.java:133)
	at java.base/java.util.concurrent.ThreadPoolExecutor.runWorker(ThreadPoolExecutor.java:1144)
	at java.base/java.util.concurrent.ThreadPoolExecutor$Worker.run(ThreadPoolExecutor.java:642)
2026/09/02 23:21:46.395650 [sandbox] 	at java.base/java.lang.Thread.run(Thread.java:1583)
2026/09/02 23:21:46.395674 [sandbox] Caused by: java.lang.ClassNotFoundException: com.google.common.base.Throwables
	... 8 more
2026/09/02 23:21:46.457305 download: job 164 (chapter 22954) failed: fetching page list: rpc error: code = Unknown desc = Application error processing RPC
2026/09/02 23:21:46.457385 [sandbox] Exception in thread "grpc-default-executor-180" 
2026/09/02 23:21:46.457429 [sandbox] java.lang.NoClassDefFoundError: com/google/common/base/Throwables
	at io.grpc.internal.ServerCallImpl$ServerStreamListenerImpl.messagesAvailableInternal(ServerCallImpl.java:343)
	at io.grpc.internal.ServerCallImpl$ServerStreamListenerImpl.messagesAvailable(ServerCallImpl.java:319)
2026/09/02 23:21:46.457438 [sandbox] 	at io.grpc.internal.ServerImpl$JumpToApplicationThreadServerStreamListener$1MessagesAvailable.runInContext(ServerImpl.java:834)
	at io.grpc.internal.ContextRunnable.run(ContextRunnable.java:37)
	at io.grpc.internal.SerializingExecutor.run(SerializingExecutor.java:133)
2026/09/02 23:21:46.457446 [sandbox] 	at java.base/java.util.concurrent.ThreadPoolExecutor.runWorker(ThreadPoolExecutor.java:1144)
	at java.base/java.util.concurrent.ThreadPoolExecutor$Worker.run(ThreadPoolExecutor.java:642)
	at java.base/java.lang.Thread.run(Thread.java:1583)
2026/09/02 23:21:46.457473 [sandbox] Caused by: java.lang.ClassNotFoundException: com.google.common.base.Throwables
	... 8 more
2026/09/02 23:21:46.508158 download: job 165 (chapter 22955) failed: fetching page list: rpc error: code = Unknown desc = Application error processing RPC
2026/09/02 23:21:46.508317 [sandbox] Exception in thread "grpc-default-executor-181" java.lang.NoClassDefFoundError: com/google/common/base/Throwables
2026/09/02 23:21:46.508369 [sandbox] 	at io.grpc.internal.ServerCallImpl$ServerStreamListenerImpl.messagesAvailableInternal(ServerCallImpl.java:343)
	at io.grpc.internal.ServerCallImpl$ServerStreamListenerImpl.messagesAvailable(ServerCallImpl.java:319)
	at io.grpc.internal.ServerImpl$JumpToApplicationThreadServerStreamListener$1MessagesAvailable.runInContext(ServerImpl.java:834)
	at io.grpc.internal.ContextRunnable.run(ContextRunnable.java:37)
	at io.grpc.internal.SerializingExecutor.run(SerializingExecutor.java:133)
	at java.base/java.util.concurrent.ThreadPoolExecutor.runWorker(ThreadPoolExecutor.java:1144)
	at java.base/java.util.concurrent.ThreadPoolExecutor$Worker.run(ThreadPoolExecutor.java:642)
	at java.base/java.lang.Thread.run(Thread.java:1583)
2026/09/02 23:21:46.508403 [sandbox] Caused by: java.lang.ClassNotFoundException: com.google.common.base.Throwables
	... 8 more
2026/09/02 23:21:46.573625 download: job 166 (chapter 22956) failed: fetching page list: rpc error: code = Unknown desc = Application error processing RPC
2026/09/02 23:21:46.573702 [sandbox] Exception in thread "grpc-default-executor-182" 
2026/09/02 23:21:46.573746 [sandbox] java.lang.NoClassDefFoundError: com/google/common/base/Throwables
2026/09/02 23:21:46.573767 [sandbox] 	at io.grpc.internal.ServerCallImpl$ServerStreamListenerImpl.messagesAvailableInternal(ServerCallImpl.java:343)
	at io.grpc.internal.ServerCallImpl$ServerStreamListenerImpl.messagesAvailable(ServerCallImpl.java:319)
	at io.grpc.internal.ServerImpl$JumpToApplicationThreadServerStreamListener$1MessagesAvailable.runInContext(ServerImpl.java:834)
2026/09/02 23:21:46.573780 [sandbox] 	at io.grpc.internal.ContextRunnable.run(ContextRunnable.java:37)
	at io.grpc.internal.SerializingExecutor.run(SerializingExecutor.java:133)
	at java.base/java.util.concurrent.ThreadPoolExecutor.runWorker(ThreadPoolExecutor.java:1144)
	at java.base/java.util.concurrent.ThreadPoolExecutor$Worker.run(ThreadPoolExecutor.java:642)
	at java.base/java.lang.Thread.run(Thread.java:1583)
2026/09/02 23:21:46.573811 [sandbox] Caused by: java.lang.ClassNotFoundException: com.google.common.base.Throwables
	... 8 more
2026/09/02 23:21:46.640801 download: job 167 (chapter 22957) failed: fetching page list: rpc error: code = Unknown desc = Application error processing RPC
2026/09/02 23:21:46.640890 [sandbox] Exception in thread "grpc-default-executor-183" 
2026/09/02 23:21:46.640942 [sandbox] java.lang.NoClassDefFoundError: com/google/common/base/Throwables
	at io.grpc.internal.ServerCallImpl$ServerStreamListenerImpl.messagesAvailableInternal(ServerCallImpl.java:343)
	at io.grpc.internal.ServerCallImpl$ServerStreamListenerImpl.messagesAvailable(ServerCallImpl.java:319)
2026/09/02 23:21:46.640961 [sandbox] 	at io.grpc.internal.ServerImpl$JumpToApplicationThreadServerStreamListener$1MessagesAvailable.runInContext(ServerImpl.java:834)
	at io.grpc.internal.ContextRunnable.run(ContextRunnable.java:37)
	at io.grpc.internal.SerializingExecutor.run(SerializingExecutor.java:133)
	at java.base/java.util.concurrent.ThreadPoolExecutor.runWorker(ThreadPoolExecutor.java:1144)
2026/09/02 23:21:46.640975 [sandbox] 	at java.base/java.util.concurrent.ThreadPoolExecutor$Worker.run(ThreadPoolExecutor.java:642)
	at java.base/java.lang.Thread.run(Thread.java:1583)
2026/09/02 23:21:46.640984 [sandbox] Caused by: java.lang.ClassNotFoundException: com.google.common.base.Throwables
	... 8 more
2026/09/02 23:21:46.706618 download: job 168 (chapter 22958) failed: fetching page list: rpc error: code = Unknown desc = Application error processing RPC
2026/09/02 23:21:46.706712 [sandbox] Exception in thread "grpc-default-executor-184" java.lang.NoClassDefFoundError: com/google/common/base/Throwables
2026/09/02 23:21:46.706788 [sandbox] 	at io.grpc.internal.ServerCallImpl$ServerStreamListenerImpl.messagesAvailableInternal(ServerCallImpl.java:343)
	at io.grpc.internal.ServerCallImpl$ServerStreamListenerImpl.messagesAvailable(ServerCallImpl.java:319)
	at io.grpc.internal.ServerImpl$JumpToApplicationThreadServerStreamListener$1MessagesAvailable.runInContext(ServerImpl.java:834)
	at io.grpc.internal.ContextRunnable.run(ContextRunnable.java:37)
	at io.grpc.internal.SerializingExecutor.run(SerializingExecutor.java:133)
	at java.base/java.util.concurrent.ThreadPoolExecutor.runWorker(ThreadPoolExecutor.java:1144)
	at java.base/java.util.concurrent.ThreadPoolExecutor$Worker.run(ThreadPoolExecutor.java:642)
	at java.base/java.lang.Thread.run(Thread.java:1583)
Caused by: java.lang.ClassNotFoundException: com.google.common.base.Throwables
2026/09/02 23:21:46.706814 [sandbox] 	... 8 more
2026/09/02 23:21:46.774026 download: job 169 (chapter 22959) failed: fetching page list: rpc error: code = Unknown desc = Application error processing RPC
2026/09/02 23:21:46.774174 [sandbox] Exception in thread "grpc-default-executor-185" java.lang.NoClassDefFoundError: com/google/common/base/Throwables
2026/09/02 23:21:46.774243 [sandbox] 	at io.grpc.internal.ServerCallImpl$ServerStreamListenerImpl.messagesAvailableInternal(ServerCallImpl.java:343)
	at io.grpc.internal.ServerCallImpl$ServerStreamListenerImpl.messagesAvailable(ServerCallImpl.java:319)
	at io.grpc.internal.ServerImpl$JumpToApplicationThreadServerStreamListener$1MessagesAvailable.runInContext(ServerImpl.java:834)
	at io.grpc.internal.ContextRunnable.run(ContextRunnable.java:37)
	at io.grpc.internal.SerializingExecutor.run(SerializingExecutor.java:133)
	at java.base/java.util.concurrent.ThreadPoolExecutor.runWorker(ThreadPoolExecutor.java:1144)
	at java.base/java.util.concurrent.ThreadPoolExecutor$Worker.run(ThreadPoolExecutor.java:642)
	at java.base/java.lang.Thread.run(Thread.java:1583)
Caused by: java.lang.ClassNotFoundException: com.google.common.base.Throwables
2026/09/02 23:21:46.774265 [sandbox] 	... 8 more
2026/09/02 23:21:46.826394 [sandbox] Exception in thread "grpc-default-executor-186" java.lang.NoClassDefFoundError: com/google/common/base/Throwables
2026/09/02 23:21:46.826447 [sandbox] 	at io.grpc.internal.ServerCallImpl$ServerStreamListenerImpl.messagesAvailableInternal(ServerCallImpl.java:343)
2026/09/02 23:21:46.826408 download: job 170 (chapter 22960) failed: fetching page list: rpc error: code = Unknown desc = Application error processing RPC
2026/09/02 23:21:46.826460 [sandbox] 	at io.grpc.internal.ServerCallImpl$ServerStreamListenerImpl.messagesAvailable(ServerCallImpl.java:319)
	at io.grpc.internal.ServerImpl$JumpToApplicationThreadServerStreamListener$1MessagesAvailable.runInContext(ServerImpl.java:834)
2026/09/02 23:21:46.826656 [sandbox] 	at io.grpc.internal.ContextRunnable.run(ContextRunnable.java:37)
	at io.grpc.internal.SerializingExecutor.run(SerializingExecutor.java:133)
	at java.base/java.util.concurrent.ThreadPoolExecutor.runWorker(ThreadPoolExecutor.java:1144)
	at java.base/java.util.concurrent.ThreadPoolExecutor$Worker.run(ThreadPoolExecutor.java:642)
	at java.base/java.lang.Thread.run(Thread.java:1583)
Caused by: java.lang.ClassNotFoundException: com.google.common.base.Throwables
	... 8 more
2026/09/02 23:21:46.890731 download: job 171 (chapter 22961) failed: fetching page list: rpc error: code = Unknown desc = Application error processing RPC
2026/09/02 23:21:46.890883 [sandbox] Exception in thread "grpc-default-executor-187" java.lang.NoClassDefFoundError: com/google/common/base/Throwables
2026/09/02 23:21:46.890991 [sandbox] 	at io.grpc.internal.ServerCallImpl$ServerStreamListenerImpl.messagesAvailableInternal(ServerCallImpl.java:343)
	at io.grpc.internal.ServerCallImpl$ServerStreamListenerImpl.messagesAvailable(ServerCallImpl.java:319)
	at io.grpc.internal.ServerImpl$JumpToApplicationThreadServerStreamListener$1MessagesAvailable.runInContext(ServerImpl.java:834)
	at io.grpc.internal.ContextRunnable.run(ContextRunnable.java:37)
	at io.grpc.internal.SerializingExecutor.run(SerializingExecutor.java:133)
	at java.base/java.util.concurrent.ThreadPoolExecutor.runWorker(ThreadPoolExecutor.java:1144)
	at java.base/java.util.concurrent.ThreadPoolExecutor$Worker.run(ThreadPoolExecutor.java:642)
	at java.base/java.lang.Thread.run(Thread.java:1583)
Caused by: java.lang.ClassNotFoundException: com.google.common.base.Throwables
	... 8 more
2026/09/02 23:21:46.956306 download: job 172 (chapter 22962) failed: fetching page list: rpc error: code = Unknown desc = Application error processing RPC
2026/09/02 23:21:46.956512 [sandbox] Exception in thread "grpc-default-executor-188" java.lang.NoClassDefFoundError: com/google/common/base/Throwables
2026/09/02 23:21:46.956585 [sandbox] 	at io.grpc.internal.ServerCallImpl$ServerStreamListenerImpl.messagesAvailableInternal(ServerCallImpl.java:343)
	at io.grpc.internal.ServerCallImpl$ServerStreamListenerImpl.messagesAvailable(ServerCallImpl.java:319)
	at io.grpc.internal.ServerImpl$JumpToApplicationThreadServerStreamListener$1MessagesAvailable.runInContext(ServerImpl.java:834)
	at io.grpc.internal.ContextRunnable.run(ContextRunnable.java:37)
	at io.grpc.internal.SerializingExecutor.run(SerializingExecutor.java:133)
	at java.base/java.util.concurrent.ThreadPoolExecutor.runWorker(ThreadPoolExecutor.java:1144)
	at java.base/java.util.concurrent.ThreadPoolExecutor$Worker.run(ThreadPoolExecutor.java:642)
	at java.base/java.lang.Thread.run(Thread.java:1583)
Caused by: java.lang.ClassNotFoundException: com.google.common.base.Throwables
	... 8 more
2026/09/02 23:21:47.022127 download: job 173 (chapter 22963) failed: fetching page list: rpc error: code = Unknown desc = Application error processing RPC
2026/09/02 23:21:47.022821 [sandbox] Exception in thread "grpc-default-executor-189" java.lang.NoClassDefFoundError: com/google/common/base/Throwables
2026/09/02 23:21:47.022883 [sandbox] 	at io.grpc.internal.ServerCallImpl$ServerStreamListenerImpl.messagesAvailableInternal(ServerCallImpl.java:343)
	at io.grpc.internal.ServerCallImpl$ServerStreamListenerImpl.messagesAvailable(ServerCallImpl.java:319)
	at io.grpc.internal.ServerImpl$JumpToApplicationThreadServerStreamListener$1MessagesAvailable.runInContext(ServerImpl.java:834)
	at io.grpc.internal.ContextRunnable.run(ContextRunnable.java:37)
	at io.grpc.internal.SerializingExecutor.run(SerializingExecutor.java:133)
	at java.base/java.util.concurrent.ThreadPoolExecutor.runWorker(ThreadPoolExecutor.java:1144)
	at java.base/java.util.concurrent.ThreadPoolExecutor$Worker.run(ThreadPoolExecutor.java:642)
	at java.base/java.lang.Thread.run(Thread.java:1583)
Caused by: java.lang.ClassNotFoundException: com.google.common.base.Throwables
	... 8 more
2026/09/02 23:21:47.088998 download: job 174 (chapter 22964) failed: fetching page list: rpc error: code = Unknown desc = Application error processing RPC
2026/09/02 23:21:47.089170 [sandbox] Exception in thread "grpc-default-executor-190" 
2026/09/02 23:21:47.089222 [sandbox] java.lang.NoClassDefFoundError: com/google/common/base/Throwables
2026/09/02 23:21:47.089236 [sandbox] 	at io.grpc.internal.ServerCallImpl$ServerStreamListenerImpl.messagesAvailableInternal(ServerCallImpl.java:343)
	at io.grpc.internal.ServerCallImpl$ServerStreamListenerImpl.messagesAvailable(ServerCallImpl.java:319)
	at io.grpc.internal.ServerImpl$JumpToApplicationThreadServerStreamListener$1MessagesAvailable.runInContext(ServerImpl.java:834)
	at io.grpc.internal.ContextRunnable.run(ContextRunnable.java:37)
2026/09/02 23:21:47.089249 [sandbox] 	at io.grpc.internal.SerializingExecutor.run(SerializingExecutor.java:133)
	at java.base/java.util.concurrent.ThreadPoolExecutor.runWorker(ThreadPoolExecutor.java:1144)
	at java.base/java.util.concurrent.ThreadPoolExecutor$Worker.run(ThreadPoolExecutor.java:642)
	at java.base/java.lang.Thread.run(Thread.java:1583)
2026/09/02 23:21:47.089273 [sandbox] Caused by: java.lang.ClassNotFoundException: com.google.common.base.Throwables
	... 8 more
2026/09/02 23:21:47.157034 download: job 175 (chapter 22965) failed: fetching page list: rpc error: code = Unknown desc = Application error processing RPC
2026/09/02 23:21:47.157266 [sandbox] Exception in thread "grpc-default-executor-191" 
2026/09/02 23:21:47.157298 [sandbox] java.lang.NoClassDefFoundError: com/google/common/base/Throwables
2026/09/02 23:21:47.157356 [sandbox] 	at io.grpc.internal.ServerCallImpl$ServerStreamListenerImpl.messagesAvailableInternal(ServerCallImpl.java:343)
	at io.grpc.internal.ServerCallImpl$ServerStreamListenerImpl.messagesAvailable(ServerCallImpl.java:319)
2026/09/02 23:21:47.157368 [sandbox] 	at io.grpc.internal.ServerImpl$JumpToApplicationThreadServerStreamListener$1MessagesAvailable.runInContext(ServerImpl.java:834)
	at io.grpc.internal.ContextRunnable.run(ContextRunnable.java:37)
	at io.grpc.internal.SerializingExecutor.run(SerializingExecutor.java:133)
2026/09/02 23:21:47.157377 [sandbox] 	at java.base/java.util.concurrent.ThreadPoolExecutor.runWorker(ThreadPoolExecutor.java:1144)
	at java.base/java.util.concurrent.ThreadPoolExecutor$Worker.run(ThreadPoolExecutor.java:642)
	at java.base/java.lang.Thread.run(Thread.java:1583)
2026/09/02 23:21:47.157401 [sandbox] Caused by: java.lang.ClassNotFoundException: com.google.common.base.Throwables
2026/09/02 23:21:47.157425 [sandbox] 	... 8 more
2026/09/02 23:21:47.207091 download: job 176 (chapter 22966) failed: fetching page list: rpc error: code = Unknown desc = Application error processing RPC
2026/09/02 23:21:47.207251 [sandbox] Exception in thread "grpc-default-executor-192" java.lang.NoClassDefFoundError: com/google/common/base/Throwables
2026/09/02 23:21:47.207310 [sandbox] 	at io.grpc.internal.ServerCallImpl$ServerStreamListenerImpl.messagesAvailableInternal(ServerCallImpl.java:343)
	at io.grpc.internal.ServerCallImpl$ServerStreamListenerImpl.messagesAvailable(ServerCallImpl.java:319)
	at io.grpc.internal.ServerImpl$JumpToApplicationThreadServerStreamListener$1MessagesAvailable.runInContext(ServerImpl.java:834)
	at io.grpc.internal.ContextRunnable.run(ContextRunnable.java:37)
	at io.grpc.internal.SerializingExecutor.run(SerializingExecutor.java:133)
	at java.base/java.util.concurrent.ThreadPoolExecutor.runWorker(ThreadPoolExecutor.java:1144)
	at java.base/java.util.concurrent.ThreadPoolExecutor$Worker.run(ThreadPoolExecutor.java:642)
	at java.base/java.lang.Thread.run(Thread.java:1583)
2026/09/02 23:21:47.207345 [sandbox] Caused by: java.lang.ClassNotFoundException: com.google.common.base.Throwables
	... 8 more
2026/09/02 23:21:47.274383 download: job 177 (chapter 22967) failed: fetching page list: rpc error: code = Unknown desc = Application error processing RPC
2026/09/02 23:21:47.274555 [sandbox] Exception in thread "grpc-default-executor-193" java.lang.NoClassDefFoundError: com/google/common/base/Throwables
2026/09/02 23:21:47.274611 [sandbox] 	at io.grpc.internal.ServerCallImpl$ServerStreamListenerImpl.messagesAvailableInternal(ServerCallImpl.java:343)
	at io.grpc.internal.ServerCallImpl$ServerStreamListenerImpl.messagesAvailable(ServerCallImpl.java:319)
	at io.grpc.internal.ServerImpl$JumpToApplicationThreadServerStreamListener$1MessagesAvailable.runInContext(ServerImpl.java:834)
	at io.grpc.internal.ContextRunnable.run(ContextRunnable.java:37)
	at io.grpc.internal.SerializingExecutor.run(SerializingExecutor.java:133)
	at java.base/java.util.concurrent.ThreadPoolExecutor.runWorker(ThreadPoolExecutor.java:1144)
	at java.base/java.util.concurrent.ThreadPoolExecutor$Worker.run(ThreadPoolExecutor.java:642)
	at java.base/java.lang.Thread.run(Thread.java:1583)
2026/09/02 23:21:47.274639 [sandbox] Caused by: java.lang.ClassNotFoundException: com.google.common.base.Throwables
	... 8 more
2026/09/02 23:21:47.342188 download: job 178 (chapter 22968) failed: fetching page list: rpc error: code = Unknown desc = Application error processing RPC
2026/09/02 23:21:47.342322 [sandbox] Exception in thread "grpc-default-executor-194" java.lang.NoClassDefFoundError: com/google/common/base/Throwables
2026/09/02 23:21:47.342362 [sandbox] 	at io.grpc.internal.ServerCallImpl$ServerStreamListenerImpl.messagesAvailableInternal(ServerCallImpl.java:343)
	at io.grpc.internal.ServerCallImpl$ServerStreamListenerImpl.messagesAvailable(ServerCallImpl.java:319)
	at io.grpc.internal.ServerImpl$JumpToApplicationThreadServerStreamListener$1MessagesAvailable.runInContext(ServerImpl.java:834)
	at io.grpc.internal.ContextRunnable.run(ContextRunnable.java:37)
	at io.grpc.internal.SerializingExecutor.run(SerializingExecutor.java:133)
2026/09/02 23:21:47.342383 [sandbox] 	at java.base/java.util.concurrent.ThreadPoolExecutor.runWorker(ThreadPoolExecutor.java:1144)
	at java.base/java.util.concurrent.ThreadPoolExecutor$Worker.run(ThreadPoolExecutor.java:642)
	at java.base/java.lang.Thread.run(Thread.java:1583)
2026/09/02 23:21:47.342395 [sandbox] Caused by: java.lang.ClassNotFoundException: com.google.common.base.Throwables
	... 8 more
2026/09/02 23:21:47.406479 download: job 179 (chapter 22969) failed: fetching page list: rpc error: code = Unknown desc = Application error processing RPC
2026/09/02 23:21:47.406675 [sandbox] Exception in thread "grpc-default-executor-195" java.lang.NoClassDefFoundError: com/google/common/base/Throwables
2026/09/02 23:21:47.406746 [sandbox] 	at io.grpc.internal.ServerCallImpl$ServerStreamListenerImpl.messagesAvailableInternal(ServerCallImpl.java:343)
	at io.grpc.internal.ServerCallImpl$ServerStreamListenerImpl.messagesAvailable(ServerCallImpl.java:319)
	at io.grpc.internal.ServerImpl$JumpToApplicationThreadServerStreamListener$1MessagesAvailable.runInContext(ServerImpl.java:834)
	at io.grpc.internal.ContextRunnable.run(ContextRunnable.java:37)
	at io.grpc.internal.SerializingExecutor.run(SerializingExecutor.java:133)
	at java.base/java.util.concurrent.ThreadPoolExecutor.runWorker(ThreadPoolExecutor.java:1144)
	at java.base/java.util.concurrent.ThreadPoolExecutor$Worker.run(ThreadPoolExecutor.java:642)
	at java.base/java.lang.Thread.run(Thread.java:1583)
Caused by: java.lang.ClassNotFoundException: com.google.common.base.Throwables
2026/09/02 23:21:47.406785 [sandbox] 	... 8 more
2026/09/02 23:21:47.471265 download: job 180 (chapter 22970) failed: fetching page list: rpc error: code = Unknown desc = Application error processing RPC
2026/09/02 23:21:47.471354 [sandbox] Exception in thread "grpc-default-executor-196" java.lang.NoClassDefFoundError: com/google/common/base/Throwables
2026/09/02 23:21:47.471391 [sandbox] 	at io.grpc.internal.ServerCallImpl$ServerStreamListenerImpl.messagesAvailableInternal(ServerCallImpl.java:343)
2026/09/02 23:21:47.471402 [sandbox] 	at io.grpc.internal.ServerCallImpl$ServerStreamListenerImpl.messagesAvailable(ServerCallImpl.java:319)
	at io.grpc.internal.ServerImpl$JumpToApplicationThreadServerStreamListener$1MessagesAvailable.runInContext(ServerImpl.java:834)
2026/09/02 23:21:47.471413 [sandbox] 	at io.grpc.internal.ContextRunnable.run(ContextRunnable.java:37)
	at io.grpc.internal.SerializingExecutor.run(SerializingExecutor.java:133)
	at java.base/java.util.concurrent.ThreadPoolExecutor.runWorker(ThreadPoolExecutor.java:1144)
	at java.base/java.util.concurrent.ThreadPoolExecutor$Worker.run(ThreadPoolExecutor.java:642)
2026/09/02 23:21:47.471422 [sandbox] 	at java.base/java.lang.Thread.run(Thread.java:1583)
2026/09/02 23:21:47.471443 [sandbox] Caused by: java.lang.ClassNotFoundException: com.google.common.base.Throwables
	... 8 more
2026/09/02 23:21:47.541597 download: job 181 (chapter 22971) failed: fetching page list: rpc error: code = Unknown desc = Application error processing RPC
2026/09/02 23:21:47.541738 [sandbox] Exception in thread "grpc-default-executor-197" java.lang.NoClassDefFoundError: com/google/common/base/Throwables
2026/09/02 23:21:47.541784 [sandbox] 	at io.grpc.internal.ServerCallImpl$ServerStreamListenerImpl.messagesAvailableInternal(ServerCallImpl.java:343)
	at io.grpc.internal.ServerCallImpl$ServerStreamListenerImpl.messagesAvailable(ServerCallImpl.java:319)
	at io.grpc.internal.ServerImpl$JumpToApplicationThreadServerStreamListener$1MessagesAvailable.runInContext(ServerImpl.java:834)
	at io.grpc.internal.ContextRunnable.run(ContextRunnable.java:37)
	at io.grpc.internal.SerializingExecutor.run(SerializingExecutor.java:133)
	at java.base/java.util.concurrent.ThreadPoolExecutor.runWorker(ThreadPoolExecutor.java:1144)
2026/09/02 23:21:47.541802 [sandbox] 	at java.base/java.util.concurrent.ThreadPoolExecutor$Worker.run(ThreadPoolExecutor.java:642)
	at java.base/java.lang.Thread.run(Thread.java:1583)
2026/09/02 23:21:47.541814 [sandbox] Caused by: java.lang.ClassNotFoundException: com.google.common.base.Throwables
	... 8 more
2026/09/02 23:21:47.607957 download: job 182 (chapter 22972) failed: fetching page list: rpc error: code = Unknown desc = Application error processing RPC
2026/09/02 23:21:47.608160 [sandbox] Exception in thread "grpc-default-executor-198" java.lang.NoClassDefFoundError: com/google/common/base/Throwables
2026/09/02 23:21:47.608217 [sandbox] 	at io.grpc.internal.ServerCallImpl$ServerStreamListenerImpl.messagesAvailableInternal(ServerCallImpl.java:343)
	at io.grpc.internal.ServerCallImpl$ServerStreamListenerImpl.messagesAvailable(ServerCallImpl.java:319)
	at io.grpc.internal.ServerImpl$JumpToApplicationThreadServerStreamListener$1MessagesAvailable.runInContext(ServerImpl.java:834)
	at io.grpc.internal.ContextRunnable.run(ContextRunnable.java:37)
	at io.grpc.internal.SerializingExecutor.run(SerializingExecutor.java:133)
	at java.base/java.util.concurrent.ThreadPoolExecutor.runWorker(ThreadPoolExecutor.java:1144)
	at java.base/java.util.concurrent.ThreadPoolExecutor$Worker.run(ThreadPoolExecutor.java:642)
	at java.base/java.lang.Thread.run(Thread.java:1583)
2026/09/02 23:21:47.608251 [sandbox] Caused by: java.lang.ClassNotFoundException: com.google.common.base.Throwables
	... 8 more
2026/09/02 23:21:47.675529 download: job 183 (chapter 22973) failed: fetching page list: rpc error: code = Unknown desc = Application error processing RPC
2026/09/02 23:21:47.675640 [sandbox] Exception in thread "grpc-default-executor-199" java.lang.NoClassDefFoundError: com/google/common/base/Throwables
2026/09/02 23:21:47.675681 [sandbox] 	at io.grpc.internal.ServerCallImpl$ServerStreamListenerImpl.messagesAvailableInternal(ServerCallImpl.java:343)
	at io.grpc.internal.ServerCallImpl$ServerStreamListenerImpl.messagesAvailable(ServerCallImpl.java:319)
	at io.grpc.internal.ServerImpl$JumpToApplicationThreadServerStreamListener$1MessagesAvailable.runInContext(ServerImpl.java:834)
2026/09/02 23:21:47.675695 [sandbox] 	at io.grpc.internal.ContextRunnable.run(ContextRunnable.java:37)
	at io.grpc.internal.SerializingExecutor.run(SerializingExecutor.java:133)
	at java.base/java.util.concurrent.ThreadPoolExecutor.runWorker(ThreadPoolExecutor.java:1144)
	at java.base/java.util.concurrent.ThreadPoolExecutor$Worker.run(ThreadPoolExecutor.java:642)
	at java.base/java.lang.Thread.run(Thread.java:1583)
2026/09/02 23:21:47.675720 [sandbox] Caused by: java.lang.ClassNotFoundException: com.google.common.base.Throwables
2026/09/02 23:21:47.675730 [sandbox] 	... 8 more
2026/09/02 23:21:47.742731 download: job 184 (chapter 22974) failed: fetching page list: rpc error: code = Unknown desc = Application error processing RPC
2026/09/02 23:21:47.742873 [sandbox] Exception in thread "grpc-default-executor-200" java.lang.NoClassDefFoundError: com/google/common/base/Throwables
2026/09/02 23:21:47.742923 [sandbox] 	at io.grpc.internal.ServerCallImpl$ServerStreamListenerImpl.messagesAvailableInternal(ServerCallImpl.java:343)
	at io.grpc.internal.ServerCallImpl$ServerStreamListenerImpl.messagesAvailable(ServerCallImpl.java:319)
	at io.grpc.internal.ServerImpl$JumpToApplicationThreadServerStreamListener$1MessagesAvailable.runInContext(ServerImpl.java:834)
	at io.grpc.internal.ContextRunnable.run(ContextRunnable.java:37)
	at io.grpc.internal.SerializingExecutor.run(SerializingExecutor.java:133)
2026/09/02 23:21:47.742940 [sandbox] 	at java.base/java.util.concurrent.ThreadPoolExecutor.runWorker(ThreadPoolExecutor.java:1144)
	at java.base/java.util.concurrent.ThreadPoolExecutor$Worker.run(ThreadPoolExecutor.java:642)
	at java.base/java.lang.Thread.run(Thread.java:1583)
2026/09/02 23:21:47.742969 [sandbox] Caused by: java.lang.ClassNotFoundException: com.google.common.base.Throwables
	... 8 more
2026/09/02 23:21:47.819644 download: job 185 (chapter 22975) failed: fetching page list: rpc error: code = Unknown desc = Application error processing RPC
2026/09/02 23:21:47.819703 [sandbox] Exception in thread "grpc-default-executor-201" 
2026/09/02 23:21:47.819739 [sandbox] java.lang.NoClassDefFoundError: com/google/common/base/Throwables
2026/09/02 23:21:47.819756 [sandbox] 	at io.grpc.internal.ServerCallImpl$ServerStreamListenerImpl.messagesAvailableInternal(ServerCallImpl.java:343)
2026/09/02 23:21:47.819765 [sandbox] 	at io.grpc.internal.ServerCallImpl$ServerStreamListenerImpl.messagesAvailable(ServerCallImpl.java:319)
	at io.grpc.internal.ServerImpl$JumpToApplicationThreadServerStreamListener$1MessagesAvailable.runInContext(ServerImpl.java:834)
	at io.grpc.internal.ContextRunnable.run(ContextRunnable.java:37)
2026/09/02 23:21:47.819774 [sandbox] 	at io.grpc.internal.SerializingExecutor.run(SerializingExecutor.java:133)
	at java.base/java.util.concurrent.ThreadPoolExecutor.runWorker(ThreadPoolExecutor.java:1144)
	at java.base/java.util.concurrent.ThreadPoolExecutor$Worker.run(ThreadPoolExecutor.java:642)
2026/09/02 23:21:47.819794 [sandbox] 	at java.base/java.lang.Thread.run(Thread.java:1583)
2026/09/02 23:21:47.819816 [sandbox] Caused by: java.lang.ClassNotFoundException: com.google.common.base.Throwables
	... 8 more
2026/09/02 23:21:47.886134 download: job 186 (chapter 22976) failed: fetching page list: rpc error: code = Unknown desc = Application error processing RPC
2026/09/02 23:21:47.886332 [sandbox] Exception in thread "grpc-default-executor-202" 
2026/09/02 23:21:47.886397 [sandbox] java.lang.NoClassDefFoundError: com/google/common/base/Throwables
	at io.grpc.internal.ServerCallImpl$ServerStreamListenerImpl.messagesAvailableInternal(ServerCallImpl.java:343)
	at io.grpc.internal.ServerCallImpl$ServerStreamListenerImpl.messagesAvailable(ServerCallImpl.java:319)
2026/09/02 23:21:47.886412 [sandbox] 	at io.grpc.internal.ServerImpl$JumpToApplicationThreadServerStreamListener$1MessagesAvailable.runInContext(ServerImpl.java:834)
	at io.grpc.internal.ContextRunnable.run(ContextRunnable.java:37)
	at io.grpc.internal.SerializingExecutor.run(SerializingExecutor.java:133)
	at java.base/java.util.concurrent.ThreadPoolExecutor.runWorker(ThreadPoolExecutor.java:1144)
	at java.base/java.util.concurrent.ThreadPoolExecutor$Worker.run(ThreadPoolExecutor.java:642)
2026/09/02 23:21:47.886427 [sandbox] 	at java.base/java.lang.Thread.run(Thread.java:1583)
2026/09/02 23:21:47.886441 [sandbox] Caused by: java.lang.ClassNotFoundException: com.google.common.base.Throwables
	... 8 more
2026/09/02 23:21:47.953237 download: job 187 (chapter 22977) failed: fetching page list: rpc error: code = Unknown desc = Application error processing RPC
2026/09/02 23:21:47.953441 [sandbox] Exception in thread "grpc-default-executor-203" java.lang.NoClassDefFoundError: com/google/common/base/Throwables
2026/09/02 23:21:47.953494 [sandbox] 	at io.grpc.internal.ServerCallImpl$ServerStreamListenerImpl.messagesAvailableInternal(ServerCallImpl.java:343)
	at io.grpc.internal.ServerCallImpl$ServerStreamListenerImpl.messagesAvailable(ServerCallImpl.java:319)
	at io.grpc.internal.ServerImpl$JumpToApplicationThreadServerStreamListener$1MessagesAvailable.runInContext(ServerImpl.java:834)
	at io.grpc.internal.ContextRunnable.run(ContextRunnable.java:37)
	at io.grpc.internal.SerializingExecutor.run(SerializingExecutor.java:133)
	at java.base/java.util.concurrent.ThreadPoolExecutor.runWorker(ThreadPoolExecutor.java:1144)
2026/09/02 23:21:47.953515 [sandbox] 	at java.base/java.util.concurrent.ThreadPoolExecutor$Worker.run(ThreadPoolExecutor.java:642)
	at java.base/java.lang.Thread.run(Thread.java:1583)
2026/09/02 23:21:47.953529 [sandbox] Caused by: java.lang.ClassNotFoundException: com.google.common.base.Throwables
	... 8 more
2026/09/02 23:21:48.019927 download: job 188 (chapter 22978) failed: fetching page list: rpc error: code = Unknown desc = Application error processing RPC
2026/09/02 23:21:48.020059 [sandbox] Exception in thread "grpc-default-executor-204" java.lang.NoClassDefFoundError: com/google/common/base/Throwables
2026/09/02 23:21:48.020125 [sandbox] 	at io.grpc.internal.ServerCallImpl$ServerStreamListenerImpl.messagesAvailableInternal(ServerCallImpl.java:343)
	at io.grpc.internal.ServerCallImpl$ServerStreamListenerImpl.messagesAvailable(ServerCallImpl.java:319)
	at io.grpc.internal.ServerImpl$JumpToApplicationThreadServerStreamListener$1MessagesAvailable.runInContext(ServerImpl.java:834)
	at io.grpc.internal.ContextRunnable.run(ContextRunnable.java:37)
	at io.grpc.internal.SerializingExecutor.run(SerializingExecutor.java:133)
	at java.base/java.util.concurrent.ThreadPoolExecutor.runWorker(ThreadPoolExecutor.java:1144)
	at java.base/java.util.concurrent.ThreadPoolExecutor$Worker.run(ThreadPoolExecutor.java:642)
	at java.base/java.lang.Thread.run(Thread.java:1583)
2026/09/02 23:21:48.020147 [sandbox] Caused by: java.lang.ClassNotFoundException: com.google.common.base.Throwables
	... 8 more
2026/09/02 23:21:48.086712 download: job 189 (chapter 22979) failed: fetching page list: rpc error: code = Unknown desc = Application error processing RPC
2026/09/02 23:21:48.086799 [sandbox] Exception in thread "grpc-default-executor-205" java.lang.NoClassDefFoundError: com/google/common/base/Throwables
2026/09/02 23:21:48.086886 [sandbox] 	at io.grpc.internal.ServerCallImpl$ServerStreamListenerImpl.messagesAvailableInternal(ServerCallImpl.java:343)
	at io.grpc.internal.ServerCallImpl$ServerStreamListenerImpl.messagesAvailable(ServerCallImpl.java:319)
	at io.grpc.internal.ServerImpl$JumpToApplicationThreadServerStreamListener$1MessagesAvailable.runInContext(ServerImpl.java:834)
	at io.grpc.internal.ContextRunnable.run(ContextRunnable.java:37)
	at io.grpc.internal.SerializingExecutor.run(SerializingExecutor.java:133)
	at java.base/java.util.concurrent.ThreadPoolExecutor.runWorker(ThreadPoolExecutor.java:1144)
	at java.base/java.util.concurrent.ThreadPoolExecutor$Worker.run(ThreadPoolExecutor.java:642)
	at java.base/java.lang.Thread.run(Thread.java:1583)
Caused by: java.lang.ClassNotFoundException: com.google.common.base.Throwables
	... 8 more
2026/09/02 23:21:48.153830 [sandbox] Exception in thread "grpc-default-executor-206" java.lang.NoClassDefFoundError: com/google/common/base/Throwables
2026/09/02 23:21:48.153909 [sandbox] 	at io.grpc.internal.ServerCallImpl$ServerStreamListenerImpl.messagesAvailableInternal(ServerCallImpl.java:343)
	at io.grpc.internal.ServerCallImpl$ServerStreamListenerImpl.messagesAvailable(ServerCallImpl.java:319)
	at io.grpc.internal.ServerImpl$JumpToApplicationThreadServerStreamListener$1MessagesAvailable.runInContext(ServerImpl.java:834)
	at io.grpc.internal.ContextRunnable.run(ContextRunnable.java:37)
	at io.grpc.internal.SerializingExecutor.run(SerializingExecutor.java:133)
	at java.base/java.util.concurrent.ThreadPoolExecutor.runWorker(ThreadPoolExecutor.java:1144)
	at java.base/java.util.concurrent.ThreadPoolExecutor$Worker.run(ThreadPoolExecutor.java:642)
	at java.base/java.lang.Thread.run(Thread.java:1583)
Caused by: java.lang.ClassNotFoundException: com.google.common.base.Throwables
2026/09/02 23:21:48.153936 [sandbox] 	... 8 more
2026/09/02 23:21:48.153842 download: job 190 (chapter 22980) failed: fetching page list: rpc error: code = Unknown desc = Application error processing RPC
2026/09/02 23:21:48.220567 download: job 191 (chapter 22981) failed: fetching page list: rpc error: code = Unknown desc = Application error processing RPC
2026/09/02 23:21:48.220670 [sandbox] Exception in thread "grpc-default-executor-207" java.lang.NoClassDefFoundError: com/google/common/base/Throwables
2026/09/02 23:21:48.220722 [sandbox] 	at io.grpc.internal.ServerCallImpl$ServerStreamListenerImpl.messagesAvailableInternal(ServerCallImpl.java:343)
	at io.grpc.internal.ServerCallImpl$ServerStreamListenerImpl.messagesAvailable(ServerCallImpl.java:319)
	at io.grpc.internal.ServerImpl$JumpToApplicationThreadServerStreamListener$1MessagesAvailable.runInContext(ServerImpl.java:834)
	at io.grpc.internal.ContextRunnable.run(ContextRunnable.java:37)
	at io.grpc.internal.SerializingExecutor.run(SerializingExecutor.java:133)
	at java.base/java.util.concurrent.ThreadPoolExecutor.runWorker(ThreadPoolExecutor.java:1144)
	at java.base/java.util.concurrent.ThreadPoolExecutor$Worker.run(ThreadPoolExecutor.java:642)
2026/09/02 23:21:48.220749 [sandbox] 	at java.base/java.lang.Thread.run(Thread.java:1583)
Caused by: java.lang.ClassNotFoundException: com.google.common.base.Throwables
2026/09/02 23:21:48.220759 [sandbox] 	... 8 more
2026/09/02 23:21:48.288288 download: job 192 (chapter 22982) failed: fetching page list: rpc error: code = Unknown desc = Application error processing RPC
2026/09/02 23:21:48.288507 [sandbox] Exception in thread "grpc-default-executor-208" 
2026/09/02 23:21:48.288543 [sandbox] java.lang.NoClassDefFoundError: com/google/common/base/Throwables
2026/09/02 23:21:48.288566 [sandbox] 	at io.grpc.internal.ServerCallImpl$ServerStreamListenerImpl.messagesAvailableInternal(ServerCallImpl.java:343)
	at io.grpc.internal.ServerCallImpl$ServerStreamListenerImpl.messagesAvailable(ServerCallImpl.java:319)
2026/09/02 23:21:48.288590 [sandbox] 	at io.grpc.internal.ServerImpl$JumpToApplicationThreadServerStreamListener$1MessagesAvailable.runInContext(ServerImpl.java:834)
	at io.grpc.internal.ContextRunnable.run(ContextRunnable.java:37)
	at io.grpc.internal.SerializingExecutor.run(SerializingExecutor.java:133)
	at java.base/java.util.concurrent.ThreadPoolExecutor.runWorker(ThreadPoolExecutor.java:1144)
	at java.base/java.util.concurrent.ThreadPoolExecutor$Worker.run(ThreadPoolExecutor.java:642)
	at java.base/java.lang.Thread.run(Thread.java:1583)
2026/09/02 23:21:48.288621 [sandbox] Caused by: java.lang.ClassNotFoundException: com.google.common.base.Throwables
	... 8 more
2026/09/02 23:21:48.355340 download: job 193 (chapter 22983) failed: fetching page list: rpc error: code = Unknown desc = Application error processing RPC
2026/09/02 23:21:48.355469 [sandbox] Exception in thread "grpc-default-executor-209" 
2026/09/02 23:21:48.355539 [sandbox] java.lang.NoClassDefFoundError: com/google/common/base/Throwables
	at io.grpc.internal.ServerCallImpl$ServerStreamListenerImpl.messagesAvailableInternal(ServerCallImpl.java:343)
	at io.grpc.internal.ServerCallImpl$ServerStreamListenerImpl.messagesAvailable(ServerCallImpl.java:319)
	at io.grpc.internal.ServerImpl$JumpToApplicationThreadServerStreamListener$1MessagesAvailable.runInContext(ServerImpl.java:834)
	at io.grpc.internal.ContextRunnable.run(ContextRunnable.java:37)
	at io.grpc.internal.SerializingExecutor.run(SerializingExecutor.java:133)
	at java.base/java.util.concurrent.ThreadPoolExecutor.runWorker(ThreadPoolExecutor.java:1144)
	at java.base/java.util.concurrent.ThreadPoolExecutor$Worker.run(ThreadPoolExecutor.java:642)
	at java.base/java.lang.Thread.run(Thread.java:1583)
2026/09/02 23:21:48.355568 [sandbox] Caused by: java.lang.ClassNotFoundException: com.google.common.base.Throwables
	... 8 more
2026/09/02 23:21:48.424655 download: job 194 (chapter 22984) failed: fetching page list: rpc error: code = Unknown desc = Application error processing RPC
2026/09/02 23:21:48.424759 [sandbox] Exception in thread "grpc-default-executor-210" 
2026/09/02 23:21:48.424797 [sandbox] java.lang.NoClassDefFoundError: com/google/common/base/Throwables
2026/09/02 23:21:48.424820 [sandbox] 	at io.grpc.internal.ServerCallImpl$ServerStreamListenerImpl.messagesAvailableInternal(ServerCallImpl.java:343)
	at io.grpc.internal.ServerCallImpl$ServerStreamListenerImpl.messagesAvailable(ServerCallImpl.java:319)
2026/09/02 23:21:48.424831 [sandbox] 	at io.grpc.internal.ServerImpl$JumpToApplicationThreadServerStreamListener$1MessagesAvailable.runInContext(ServerImpl.java:834)
	at io.grpc.internal.ContextRunnable.run(ContextRunnable.java:37)
	at io.grpc.internal.SerializingExecutor.run(SerializingExecutor.java:133)
2026/09/02 23:21:48.424840 [sandbox] 	at java.base/java.util.concurrent.ThreadPoolExecutor.runWorker(ThreadPoolExecutor.java:1144)
	at java.base/java.util.concurrent.ThreadPoolExecutor$Worker.run(ThreadPoolExecutor.java:642)
	at java.base/java.lang.Thread.run(Thread.java:1583)
2026/09/02 23:21:48.424866 [sandbox] Caused by: java.lang.ClassNotFoundException: com.google.common.base.Throwables
	... 8 more
2026/09/02 23:21:48.492468 download: job 195 (chapter 22985) failed: fetching page list: rpc error: code = Unknown desc = Application error processing RPC
2026/09/02 23:21:48.492574 [sandbox] Exception in thread "grpc-default-executor-211" java.lang.NoClassDefFoundError: com/google/common/base/Throwables
2026/09/02 23:21:48.492632 [sandbox] 	at io.grpc.internal.ServerCallImpl$ServerStreamListenerImpl.messagesAvailableInternal(ServerCallImpl.java:343)
	at io.grpc.internal.ServerCallImpl$ServerStreamListenerImpl.messagesAvailable(ServerCallImpl.java:319)
	at io.grpc.internal.ServerImpl$JumpToApplicationThreadServerStreamListener$1MessagesAvailable.runInContext(ServerImpl.java:834)
	at io.grpc.internal.ContextRunnable.run(ContextRunnable.java:37)
	at io.grpc.internal.SerializingExecutor.run(SerializingExecutor.java:133)
	at java.base/java.util.concurrent.ThreadPoolExecutor.runWorker(ThreadPoolExecutor.java:1144)
	at java.base/java.util.concurrent.ThreadPoolExecutor$Worker.run(ThreadPoolExecutor.java:642)
	at java.base/java.lang.Thread.run(Thread.java:1583)
2026/09/02 23:21:48.492677 [sandbox] Caused by: java.lang.ClassNotFoundException: com.google.common.base.Throwables
	... 8 more
2026/09/02 23:21:48.561206 download: job 196 (chapter 22986) failed: fetching page list: rpc error: code = Unknown desc = Application error processing RPC
2026/09/02 23:21:48.561303 [sandbox] Exception in thread "grpc-default-executor-212" 
2026/09/02 23:21:48.561379 [sandbox] java.lang.NoClassDefFoundError: com/google/common/base/Throwables
	at io.grpc.internal.ServerCallImpl$ServerStreamListenerImpl.messagesAvailableInternal(ServerCallImpl.java:343)
	at io.grpc.internal.ServerCallImpl$ServerStreamListenerImpl.messagesAvailable(ServerCallImpl.java:319)
2026/09/02 23:21:48.561401 [sandbox] 	at io.grpc.internal.ServerImpl$JumpToApplicationThreadServerStreamListener$1MessagesAvailable.runInContext(ServerImpl.java:834)
	at io.grpc.internal.ContextRunnable.run(ContextRunnable.java:37)
	at io.grpc.internal.SerializingExecutor.run(SerializingExecutor.java:133)
	at java.base/java.util.concurrent.ThreadPoolExecutor.runWorker(ThreadPoolExecutor.java:1144)
	at java.base/java.util.concurrent.ThreadPoolExecutor$Worker.run(ThreadPoolExecutor.java:642)
	at java.base/java.lang.Thread.run(Thread.java:1583)
2026/09/02 23:21:48.561429 [sandbox] Caused by: java.lang.ClassNotFoundException: com.google.common.base.Throwables
2026/09/02 23:21:48.561439 [sandbox] 	... 8 more
2026/09/02 23:21:48.630552 download: job 197 (chapter 22987) failed: fetching page list: rpc error: code = Unknown desc = Application error processing RPC
2026/09/02 23:21:48.630576 [sandbox] Exception in thread "grpc-default-executor-213" 
2026/09/02 23:21:48.630730 [sandbox] java.lang.NoClassDefFoundError: com/google/common/base/Throwables
	at io.grpc.internal.ServerCallImpl$ServerStreamListenerImpl.messagesAvailableInternal(ServerCallImpl.java:343)
	at io.grpc.internal.ServerCallImpl$ServerStreamListenerImpl.messagesAvailable(ServerCallImpl.java:319)
	at io.grpc.internal.ServerImpl$JumpToApplicationThreadServerStreamListener$1MessagesAvailable.runInContext(ServerImpl.java:834)
	at io.grpc.internal.ContextRunnable.run(ContextRunnable.java:37)
	at io.grpc.internal.SerializingExecutor.run(SerializingExecutor.java:133)
	at java.base/java.util.concurrent.ThreadPoolExecutor.runWorker(ThreadPoolExecutor.java:1144)
	at java.base/java.util.concurrent.ThreadPoolExecutor$Worker.run(ThreadPoolExecutor.java:642)
	at java.base/java.lang.Thread.run(Thread.java:1583)
Caused by: java.lang.ClassNotFoundException: com.google.common.base.Throwables
	... 8 more
2026/09/02 23:21:48.697487 [sandbox] Exception in thread "grpc-default-executor-214" 
2026/09/02 23:21:48.697546 [sandbox] java.lang.NoClassDefFoundError: com/google/common/base/Throwables
	at io.grpc.internal.ServerCallImpl$ServerStreamListenerImpl.messagesAvailableInternal(ServerCallImpl.java:343)
2026/09/02 23:21:48.697549 download: job 198 (chapter 22988) failed: fetching page list: rpc error: code = Unknown desc = Application error processing RPC
2026/09/02 23:21:48.697557 [sandbox] 	at io.grpc.internal.ServerCallImpl$ServerStreamListenerImpl.messagesAvailable(ServerCallImpl.java:319)
	at io.grpc.internal.ServerImpl$JumpToApplicationThreadServerStreamListener$1MessagesAvailable.runInContext(ServerImpl.java:834)
	at io.grpc.internal.ContextRunnable.run(ContextRunnable.java:37)
2026/09/02 23:21:48.697700 [sandbox] 	at io.grpc.internal.SerializingExecutor.run(SerializingExecutor.java:133)
	at java.base/java.util.concurrent.ThreadPoolExecutor.runWorker(ThreadPoolExecutor.java:1144)
	at java.base/java.util.concurrent.ThreadPoolExecutor$Worker.run(ThreadPoolExecutor.java:642)
	at java.base/java.lang.Thread.run(Thread.java:1583)
Caused by: java.lang.ClassNotFoundException: com.google.common.base.Throwables
	... 8 more
2026/09/02 23:21:48.767086 download: job 199 (chapter 22989) failed: fetching page list: rpc error: code = Unknown desc = Application error processing RPC
2026/09/02 23:21:48.767156 [sandbox] Exception in thread "grpc-default-executor-215" java.lang.NoClassDefFoundError: com/google/common/base/Throwables
2026/09/02 23:21:48.767231 [sandbox] 	at io.grpc.internal.ServerCallImpl$ServerStreamListenerImpl.messagesAvailableInternal(ServerCallImpl.java:343)
	at io.grpc.internal.ServerCallImpl$ServerStreamListenerImpl.messagesAvailable(ServerCallImpl.java:319)
	at io.grpc.internal.ServerImpl$JumpToApplicationThreadServerStreamListener$1MessagesAvailable.runInContext(ServerImpl.java:834)
	at io.grpc.internal.ContextRunnable.run(ContextRunnable.java:37)
	at io.grpc.internal.SerializingExecutor.run(SerializingExecutor.java:133)
	at java.base/java.util.concurrent.ThreadPoolExecutor.runWorker(ThreadPoolExecutor.java:1144)
	at java.base/java.util.concurrent.ThreadPoolExecutor$Worker.run(ThreadPoolExecutor.java:642)
	at java.base/java.lang.Thread.run(Thread.java:1583)
Caused by: java.lang.ClassNotFoundException: com.google.common.base.Throwables
	... 8 more
2026/09/02 23:21:48.838573 download: job 200 (chapter 22990) failed: fetching page list: rpc error: code = Unknown desc = Application error processing RPC
2026/09/02 23:21:48.838602 [sandbox] Exception in thread "grpc-default-executor-216" 
2026/09/02 23:21:48.838761 [sandbox] java.lang.NoClassDefFoundError: com/google/common/base/Throwables
	at io.grpc.internal.ServerCallImpl$ServerStreamListenerImpl.messagesAvailableInternal(ServerCallImpl.java:343)
	at io.grpc.internal.ServerCallImpl$ServerStreamListenerImpl.messagesAvailable(ServerCallImpl.java:319)
	at io.grpc.internal.ServerImpl$JumpToApplicationThreadServerStreamListener$1MessagesAvailable.runInContext(ServerImpl.java:834)
	at io.grpc.internal.ContextRunnable.run(ContextRunnable.java:37)
	at io.grpc.internal.SerializingExecutor.run(SerializingExecutor.java:133)
	at java.base/java.util.concurrent.ThreadPoolExecutor.runWorker(ThreadPoolExecutor.java:1144)
	at java.base/java.util.concurrent.ThreadPoolExecutor$Worker.run(ThreadPoolExecutor.java:642)
	at java.base/java.lang.Thread.run(Thread.java:1583)
Caused by: java.lang.ClassNotFoundException: com.google.common.base.Throwables
	... 8 more
2026/09/02 23:21:48.908595 download: job 201 (chapter 22991) failed: fetching page list: rpc error: code = Unknown desc = Application error processing RPC
2026/09/02 23:21:48.908710 [sandbox] Exception in thread "grpc-default-executor-217" 
2026/09/02 23:21:48.908759 [sandbox] java.lang.NoClassDefFoundError: com/google/common/base/Throwables
	at io.grpc.internal.ServerCallImpl$ServerStreamListenerImpl.messagesAvailableInternal(ServerCallImpl.java:343)
2026/09/02 23:21:48.908775 [sandbox] 	at io.grpc.internal.ServerCallImpl$ServerStreamListenerImpl.messagesAvailable(ServerCallImpl.java:319)
	at io.grpc.internal.ServerImpl$JumpToApplicationThreadServerStreamListener$1MessagesAvailable.runInContext(ServerImpl.java:834)
	at io.grpc.internal.ContextRunnable.run(ContextRunnable.java:37)
	at io.grpc.internal.SerializingExecutor.run(SerializingExecutor.java:133)
	at java.base/java.util.concurrent.ThreadPoolExecutor.runWorker(ThreadPoolExecutor.java:1144)
2026/09/02 23:21:48.908788 [sandbox] 	at java.base/java.util.concurrent.ThreadPoolExecutor$Worker.run(ThreadPoolExecutor.java:642)
	at java.base/java.lang.Thread.run(Thread.java:1583)
2026/09/02 23:21:48.908804 [sandbox] Caused by: java.lang.ClassNotFoundException: com.google.common.base.Throwables
2026/09/02 23:21:48.908813 [sandbox] 	... 8 more
2026/09/02 23:21:48.976116 download: job 202 (chapter 22992) failed: fetching page list: rpc error: code = Unknown desc = Application error processing RPC
2026/09/02 23:21:48.976216 [sandbox] Exception in thread "grpc-default-executor-218" java.lang.NoClassDefFoundError: com/google/common/base/Throwables
2026/09/02 23:21:48.976274 [sandbox] 	at io.grpc.internal.ServerCallImpl$ServerStreamListenerImpl.messagesAvailableInternal(ServerCallImpl.java:343)
	at io.grpc.internal.ServerCallImpl$ServerStreamListenerImpl.messagesAvailable(ServerCallImpl.java:319)
	at io.grpc.internal.ServerImpl$JumpToApplicationThreadServerStreamListener$1MessagesAvailable.runInContext(ServerImpl.java:834)
	at io.grpc.internal.ContextRunnable.run(ContextRunnable.java:37)
	at io.grpc.internal.SerializingExecutor.run(SerializingExecutor.java:133)
	at java.base/java.util.concurrent.ThreadPoolExecutor.runWorker(ThreadPoolExecutor.java:1144)
	at java.base/java.util.concurrent.ThreadPoolExecutor$Worker.run(ThreadPoolExecutor.java:642)
	at java.base/java.lang.Thread.run(Thread.java:1583)
2026/09/02 23:21:48.976336 [sandbox] Caused by: java.lang.ClassNotFoundException: com.google.common.base.Throwables
	... 8 more
2026/09/02 23:21:49.041702 download: job 203 (chapter 22993) failed: fetching page list: rpc error: code = Unknown desc = Application error processing RPC
2026/09/02 23:21:49.041841 [sandbox] Exception in thread "grpc-default-executor-219" java.lang.NoClassDefFoundError: com/google/common/base/Throwables
2026/09/02 23:21:49.041885 [sandbox] 	at io.grpc.internal.ServerCallImpl$ServerStreamListenerImpl.messagesAvailableInternal(ServerCallImpl.java:343)
	at io.grpc.internal.ServerCallImpl$ServerStreamListenerImpl.messagesAvailable(ServerCallImpl.java:319)
2026/09/02 23:21:49.041897 [sandbox] 	at io.grpc.internal.ServerImpl$JumpToApplicationThreadServerStreamListener$1MessagesAvailable.runInContext(ServerImpl.java:834)
	at io.grpc.internal.ContextRunnable.run(ContextRunnable.java:37)
	at io.grpc.internal.SerializingExecutor.run(SerializingExecutor.java:133)
	at java.base/java.util.concurrent.ThreadPoolExecutor.runWorker(ThreadPoolExecutor.java:1144)
2026/09/02 23:21:49.041906 [sandbox] 	at java.base/java.util.concurrent.ThreadPoolExecutor$Worker.run(ThreadPoolExecutor.java:642)
	at java.base/java.lang.Thread.run(Thread.java:1583)
2026/09/02 23:21:49.041928 [sandbox] Caused by: java.lang.ClassNotFoundException: com.google.common.base.Throwables
2026/09/02 23:21:49.041936 [sandbox] 	... 8 more
2026/09/02 23:21:49.094381 download: job 204 (chapter 22994) failed: fetching page list: rpc error: code = Unknown desc = Application error processing RPC
2026/09/02 23:21:49.094511 [sandbox] Exception in thread "grpc-default-executor-220" java.lang.NoClassDefFoundError: com/google/common/base/Throwables
	at io.grpc.internal.ServerCallImpl$ServerStreamListenerImpl.messagesAvailableInternal(ServerCallImpl.java:343)
	at io.grpc.internal.ServerCallImpl$ServerStreamListenerImpl.messagesAvailable(ServerCallImpl.java:319)
	at io.grpc.internal.ServerImpl$JumpToApplicationThreadServerStreamListener$1MessagesAvailable.runInContext(ServerImpl.java:834)
	at io.grpc.internal.ContextRunnable.run(ContextRunnable.java:37)
	at io.grpc.internal.SerializingExecutor.run(SerializingExecutor.java:133)
	at java.base/java.util.concurrent.ThreadPoolExecutor.runWorker(ThreadPoolExecutor.java:1144)
	at java.base/java.util.concurrent.ThreadPoolExecutor$Worker.run(ThreadPoolExecutor.java:642)
	at java.base/java.lang.Thread.run(Thread.java:1583)
Caused by: java.lang.ClassNotFoundException: com.google.common.base.Throwables
	... 8 more
2026/09/02 23:21:49.164792 download: job 205 (chapter 22995) failed: fetching page list: rpc error: code = Unknown desc = Application error processing RPC
2026/09/02 23:21:49.164887 [sandbox] Exception in thread "grpc-default-executor-221" java.lang.NoClassDefFoundError: com/google/common/base/Throwables
2026/09/02 23:21:49.164944 [sandbox] 	at io.grpc.internal.ServerCallImpl$ServerStreamListenerImpl.messagesAvailableInternal(ServerCallImpl.java:343)
	at io.grpc.internal.ServerCallImpl$ServerStreamListenerImpl.messagesAvailable(ServerCallImpl.java:319)
	at io.grpc.internal.ServerImpl$JumpToApplicationThreadServerStreamListener$1MessagesAvailable.runInContext(ServerImpl.java:834)
	at io.grpc.internal.ContextRunnable.run(ContextRunnable.java:37)
	at io.grpc.internal.SerializingExecutor.run(SerializingExecutor.java:133)
	at java.base/java.util.concurrent.ThreadPoolExecutor.runWorker(ThreadPoolExecutor.java:1144)
	at java.base/java.util.concurrent.ThreadPoolExecutor$Worker.run(ThreadPoolExecutor.java:642)
	at java.base/java.lang.Thread.run(Thread.java:1583)
2026/09/02 23:21:49.164978 [sandbox] Caused by: java.lang.ClassNotFoundException: com.google.common.base.Throwables
	... 8 more
2026/09/02 23:21:49.238425 download: job 206 (chapter 22996) failed: fetching page list: rpc error: code = Unknown desc = Application error processing RPC
2026/09/02 23:21:49.238553 [sandbox] Exception in thread "grpc-default-executor-222" java.lang.NoClassDefFoundError: com/google/common/base/Throwables
2026/09/02 23:21:49.238593 [sandbox] 	at io.grpc.internal.ServerCallImpl$ServerStreamListenerImpl.messagesAvailableInternal(ServerCallImpl.java:343)
	at io.grpc.internal.ServerCallImpl$ServerStreamListenerImpl.messagesAvailable(ServerCallImpl.java:319)
	at io.grpc.internal.ServerImpl$JumpToApplicationThreadServerStreamListener$1MessagesAvailable.runInContext(ServerImpl.java:834)
2026/09/02 23:21:49.238608 [sandbox] 	at io.grpc.internal.ContextRunnable.run(ContextRunnable.java:37)
	at io.grpc.internal.SerializingExecutor.run(SerializingExecutor.java:133)
	at java.base/java.util.concurrent.ThreadPoolExecutor.runWorker(ThreadPoolExecutor.java:1144)
	at java.base/java.util.concurrent.ThreadPoolExecutor$Worker.run(ThreadPoolExecutor.java:642)
	at java.base/java.lang.Thread.run(Thread.java:1583)
2026/09/02 23:21:49.238632 [sandbox] Caused by: java.lang.ClassNotFoundException: com.google.common.base.Throwables
	... 8 more
2026/09/02 23:21:49.329543 [sandbox] Exception in thread "grpc-default-executor-223" 
2026/09/02 23:21:49.329578 download: job 207 (chapter 22997) failed: fetching page list: rpc error: code = Unknown desc = Application error processing RPC
2026/09/02 23:21:49.329593 [sandbox] java.lang.NoClassDefFoundError: com/google/common/base/Throwables
2026/09/02 23:21:49.329733 [sandbox] 	at io.grpc.internal.ServerCallImpl$ServerStreamListenerImpl.messagesAvailableInternal(ServerCallImpl.java:343)
	at io.grpc.internal.ServerCallImpl$ServerStreamListenerImpl.messagesAvailable(ServerCallImpl.java:319)
	at io.grpc.internal.ServerImpl$JumpToApplicationThreadServerStreamListener$1MessagesAvailable.runInContext(ServerImpl.java:834)
	at io.grpc.internal.ContextRunnable.run(ContextRunnable.java:37)
	at io.grpc.internal.SerializingExecutor.run(SerializingExecutor.java:133)
	at java.base/java.util.concurrent.ThreadPoolExecutor.runWorker(ThreadPoolExecutor.java:1144)
	at java.base/java.util.concurrent.ThreadPoolExecutor$Worker.run(ThreadPoolExecutor.java:642)
	at java.base/java.lang.Thread.run(Thread.java:1583)
Caused by: java.lang.ClassNotFoundException: com.google.common.base.Throwables
	... 8 more
2026/09/02 23:21:49.399400 [sandbox] Exception in thread "grpc-default-executor-224" 
2026/09/02 23:21:49.399477 [sandbox] java.lang.NoClassDefFoundError: com/google/common/base/Throwables
	at io.grpc.internal.ServerCallImpl$ServerStreamListenerImpl.messagesAvailableInternal(ServerCallImpl.java:343)
	at io.grpc.internal.ServerCallImpl$ServerStreamListenerImpl.messagesAvailable(ServerCallImpl.java:319)
	at io.grpc.internal.ServerImpl$JumpToApplicationThreadServerStreamListener$1MessagesAvailable.runInContext(ServerImpl.java:834)
	at io.grpc.internal.ContextRunnable.run(ContextRunnable.java:37)
	at io.grpc.internal.SerializingExecutor.run(SerializingExecutor.java:133)
	at java.base/java.util.concurrent.ThreadPoolExecutor.runWorker(ThreadPoolExecutor.java:1144)
	at java.base/java.util.concurrent.ThreadPoolExecutor$Worker.run(ThreadPoolExecutor.java:642)
	at java.base/java.lang.Thread.run(Thread.java:1583)
2026/09/02 23:21:49.399496 [sandbox] Caused by: java.lang.ClassNotFoundException: com.google.common.base.Throwables
	... 8 more
2026/09/02 23:21:49.399441 download: job 208 (chapter 22998) failed: fetching page list: rpc error: code = Unknown desc = Application error processing RPC
2026/09/02 23:21:49.469697 [sandbox] Exception in thread "grpc-default-executor-225" java.lang.NoClassDefFoundError: com/google/common/base/Throwables
2026/09/02 23:21:49.469789 [sandbox] 	at io.grpc.internal.ServerCallImpl$ServerStreamListenerImpl.messagesAvailableInternal(ServerCallImpl.java:343)
	at io.grpc.internal.ServerCallImpl$ServerStreamListenerImpl.messagesAvailable(ServerCallImpl.java:319)
	at io.grpc.internal.ServerImpl$JumpToApplicationThreadServerStreamListener$1MessagesAvailable.runInContext(ServerImpl.java:834)
	at io.grpc.internal.ContextRunnable.run(ContextRunnable.java:37)
	at io.grpc.internal.SerializingExecutor.run(SerializingExecutor.java:133)
	at java.base/java.util.concurrent.ThreadPoolExecutor.runWorker(ThreadPoolExecutor.java:1144)
	at java.base/java.util.concurrent.ThreadPoolExecutor$Worker.run(ThreadPoolExecutor.java:642)
	at java.base/java.lang.Thread.run(Thread.java:1583)
Caused by: java.lang.ClassNotFoundException: com.google.common.base.Throwables
	... 8 more
2026/09/02 23:21:49.469710 download: job 209 (chapter 22999) failed: fetching page list: rpc error: code = Unknown desc = Application error processing RPC
2026/09/02 23:21:49.540257 download: job 210 (chapter 23000) failed: fetching page list: rpc error: code = Unknown desc = Application error processing RPC
2026/09/02 23:21:49.540524 [sandbox] Exception in thread "grpc-default-executor-226" java.lang.NoClassDefFoundError: com/google/common/base/Throwables
2026/09/02 23:21:49.540589 [sandbox] 	at io.grpc.internal.ServerCallImpl$ServerStreamListenerImpl.messagesAvailableInternal(ServerCallImpl.java:343)
	at io.grpc.internal.ServerCallImpl$ServerStreamListenerImpl.messagesAvailable(ServerCallImpl.java:319)
	at io.grpc.internal.ServerImpl$JumpToApplicationThreadServerStreamListener$1MessagesAvailable.runInContext(ServerImpl.java:834)
	at io.grpc.internal.ContextRunnable.run(ContextRunnable.java:37)
	at io.grpc.internal.SerializingExecutor.run(SerializingExecutor.java:133)
	at java.base/java.util.concurrent.ThreadPoolExecutor.runWorker(ThreadPoolExecutor.java:1144)
	at java.base/java.util.concurrent.ThreadPoolExecutor$Worker.run(ThreadPoolExecutor.java:642)
	at java.base/java.lang.Thread.run(Thread.java:1583)
2026/09/02 23:21:49.540610 [sandbox] Caused by: java.lang.ClassNotFoundException: com.google.common.base.Throwables
2026/09/02 23:21:49.540618 [sandbox] 	... 8 more
2026/09/02 23:21:49.610604 download: job 211 (chapter 23001) failed: fetching page list: rpc error: code = Unknown desc = Application error processing RPC
2026/09/02 23:21:49.610812 [sandbox] Exception in thread "grpc-default-executor-227" java.lang.NoClassDefFoundError: com/google/common/base/Throwables
2026/09/02 23:21:49.610877 [sandbox] 	at io.grpc.internal.ServerCallImpl$ServerStreamListenerImpl.messagesAvailableInternal(ServerCallImpl.java:343)
	at io.grpc.internal.ServerCallImpl$ServerStreamListenerImpl.messagesAvailable(ServerCallImpl.java:319)
	at io.grpc.internal.ServerImpl$JumpToApplicationThreadServerStreamListener$1MessagesAvailable.runInContext(ServerImpl.java:834)
2026/09/02 23:21:49.610898 [sandbox] 	at io.grpc.internal.ContextRunnable.run(ContextRunnable.java:37)
	at io.grpc.internal.SerializingExecutor.run(SerializingExecutor.java:133)
	at java.base/java.util.concurrent.ThreadPoolExecutor.runWorker(ThreadPoolExecutor.java:1144)
	at java.base/java.util.concurrent.ThreadPoolExecutor$Worker.run(ThreadPoolExecutor.java:642)
	at java.base/java.lang.Thread.run(Thread.java:1583)
2026/09/02 23:21:49.610918 [sandbox] Caused by: java.lang.ClassNotFoundException: com.google.common.base.Throwables
2026/09/02 23:21:49.610927 [sandbox] 	... 8 more
2026/09/02 23:21:49.679354 download: job 212 (chapter 23002) failed: fetching page list: rpc error: code = Unknown desc = Application error processing RPC
2026/09/02 23:21:49.679418 [sandbox] Exception in thread "grpc-default-executor-228" java.lang.NoClassDefFoundError: com/google/common/base/Throwables
2026/09/02 23:21:49.679474 [sandbox] 	at io.grpc.internal.ServerCallImpl$ServerStreamListenerImpl.messagesAvailableInternal(ServerCallImpl.java:343)
	at io.grpc.internal.ServerCallImpl$ServerStreamListenerImpl.messagesAvailable(ServerCallImpl.java:319)
	at io.grpc.internal.ServerImpl$JumpToApplicationThreadServerStreamListener$1MessagesAvailable.runInContext(ServerImpl.java:834)
	at io.grpc.internal.ContextRunnable.run(ContextRunnable.java:37)
	at io.grpc.internal.SerializingExecutor.run(SerializingExecutor.java:133)
	at java.base/java.util.concurrent.ThreadPoolExecutor.runWorker(ThreadPoolExecutor.java:1144)
2026/09/02 23:21:49.679512 [sandbox] 	at java.base/java.util.concurrent.ThreadPoolExecutor$Worker.run(ThreadPoolExecutor.java:642)
	at java.base/java.lang.Thread.run(Thread.java:1583)
Caused by: java.lang.ClassNotFoundException: com.google.common.base.Throwables
	... 8 more
2026/09/02 23:21:49.747220 download: job 213 (chapter 23003) failed: fetching page list: rpc error: code = Unknown desc = Application error processing RPC
2026/09/02 23:21:49.747264 [sandbox] Exception in thread "grpc-default-executor-229" java.lang.NoClassDefFoundError: com/google/common/base/Throwables
2026/09/02 23:21:49.747383 [sandbox] 	at io.grpc.internal.ServerCallImpl$ServerStreamListenerImpl.messagesAvailableInternal(ServerCallImpl.java:343)
	at io.grpc.internal.ServerCallImpl$ServerStreamListenerImpl.messagesAvailable(ServerCallImpl.java:319)
	at io.grpc.internal.ServerImpl$JumpToApplicationThreadServerStreamListener$1MessagesAvailable.runInContext(ServerImpl.java:834)
	at io.grpc.internal.ContextRunnable.run(ContextRunnable.java:37)
	at io.grpc.internal.SerializingExecutor.run(SerializingExecutor.java:133)
	at java.base/java.util.concurrent.ThreadPoolExecutor.runWorker(ThreadPoolExecutor.java:1144)
	at java.base/java.util.concurrent.ThreadPoolExecutor$Worker.run(ThreadPoolExecutor.java:642)
	at java.base/java.lang.Thread.run(Thread.java:1583)
Caused by: java.lang.ClassNotFoundException: com.google.common.base.Throwables
	... 8 more
2026/09/02 23:21:49.816668 download: job 214 (chapter 23004) failed: fetching page list: rpc error: code = Unknown desc = Application error processing RPC
2026/09/02 23:21:49.816734 [sandbox] Exception in thread "grpc-default-executor-230" java.lang.NoClassDefFoundError: com/google/common/base/Throwables
2026/09/02 23:21:49.816789 [sandbox] 	at io.grpc.internal.ServerCallImpl$ServerStreamListenerImpl.messagesAvailableInternal(ServerCallImpl.java:343)
	at io.grpc.internal.ServerCallImpl$ServerStreamListenerImpl.messagesAvailable(ServerCallImpl.java:319)
	at io.grpc.internal.ServerImpl$JumpToApplicationThreadServerStreamListener$1MessagesAvailable.runInContext(ServerImpl.java:834)
	at io.grpc.internal.ContextRunnable.run(ContextRunnable.java:37)
	at io.grpc.internal.SerializingExecutor.run(SerializingExecutor.java:133)
	at java.base/java.util.concurrent.ThreadPoolExecutor.runWorker(ThreadPoolExecutor.java:1144)
	at java.base/java.util.concurrent.ThreadPoolExecutor$Worker.run(ThreadPoolExecutor.java:642)
	at java.base/java.lang.Thread.run(Thread.java:1583)
2026/09/02 23:21:49.816810 [sandbox] Caused by: java.lang.ClassNotFoundException: com.google.common.base.Throwables
	... 8 more
2026/09/02 23:21:49.889361 download: job 215 (chapter 23005) failed: fetching page list: rpc error: code = Unknown desc = Application error processing RPC
2026/09/02 23:21:49.889487 [sandbox] Exception in thread "grpc-default-executor-231" 
2026/09/02 23:21:49.889572 [sandbox] java.lang.NoClassDefFoundError: com/google/common/base/Throwables
	at io.grpc.internal.ServerCallImpl$ServerStreamListenerImpl.messagesAvailableInternal(ServerCallImpl.java:343)
	at io.grpc.internal.ServerCallImpl$ServerStreamListenerImpl.messagesAvailable(ServerCallImpl.java:319)
	at io.grpc.internal.ServerImpl$JumpToApplicationThreadServerStreamListener$1MessagesAvailable.runInContext(ServerImpl.java:834)
	at io.grpc.internal.ContextRunnable.run(ContextRunnable.java:37)
	at io.grpc.internal.SerializingExecutor.run(SerializingExecutor.java:133)
	at java.base/java.util.concurrent.ThreadPoolExecutor.runWorker(ThreadPoolExecutor.java:1144)
	at java.base/java.util.concurrent.ThreadPoolExecutor$Worker.run(ThreadPoolExecutor.java:642)
	at java.base/java.lang.Thread.run(Thread.java:1583)
2026/09/02 23:21:49.889591 [sandbox] Caused by: java.lang.ClassNotFoundException: com.google.common.base.Throwables
	... 8 more
2026/09/02 23:21:49.958985 download: job 216 (chapter 23006) failed: fetching page list: rpc error: code = Unknown desc = Application error processing RPC
2026/09/02 23:21:49.959083 [sandbox] Exception in thread "grpc-default-executor-232" java.lang.NoClassDefFoundError: com/google/common/base/Throwables
2026/09/02 23:21:49.959160 [sandbox] 	at io.grpc.internal.ServerCallImpl$ServerStreamListenerImpl.messagesAvailableInternal(ServerCallImpl.java:343)
	at io.grpc.internal.ServerCallImpl$ServerStreamListenerImpl.messagesAvailable(ServerCallImpl.java:319)
	at io.grpc.internal.ServerImpl$JumpToApplicationThreadServerStreamListener$1MessagesAvailable.runInContext(ServerImpl.java:834)
	at io.grpc.internal.ContextRunnable.run(ContextRunnable.java:37)
	at io.grpc.internal.SerializingExecutor.run(SerializingExecutor.java:133)
	at java.base/java.util.concurrent.ThreadPoolExecutor.runWorker(ThreadPoolExecutor.java:1144)
	at java.base/java.util.concurrent.ThreadPoolExecutor$Worker.run(ThreadPoolExecutor.java:642)
	at java.base/java.lang.Thread.run(Thread.java:1583)
Caused by: java.lang.ClassNotFoundException: com.google.common.base.Throwables
2026/09/02 23:21:49.959187 [sandbox] 	... 8 more
2026/09/02 23:21:50.027521 download: job 217 (chapter 23007) failed: fetching page list: rpc error: code = Unknown desc = Application error processing RPC
2026/09/02 23:21:50.027536 [sandbox] Exception in thread "grpc-default-executor-233" 
2026/09/02 23:21:50.027742 [sandbox] java.lang.NoClassDefFoundError: com/google/common/base/Throwables
	at io.grpc.internal.ServerCallImpl$ServerStreamListenerImpl.messagesAvailableInternal(ServerCallImpl.java:343)
	at io.grpc.internal.ServerCallImpl$ServerStreamListenerImpl.messagesAvailable(ServerCallImpl.java:319)
	at io.grpc.internal.ServerImpl$JumpToApplicationThreadServerStreamListener$1MessagesAvailable.runInContext(ServerImpl.java:834)
	at io.grpc.internal.ContextRunnable.run(ContextRunnable.java:37)
	at io.grpc.internal.SerializingExecutor.run(SerializingExecutor.java:133)
	at java.base/java.util.concurrent.ThreadPoolExecutor.runWorker(ThreadPoolExecutor.java:1144)
	at java.base/java.util.concurrent.ThreadPoolExecutor$Worker.run(ThreadPoolExecutor.java:642)
	at java.base/java.lang.Thread.run(Thread.java:1583)
Caused by: java.lang.ClassNotFoundException: com.google.common.base.Throwables
	... 8 more
2026/09/02 23:21:50.097075 download: job 218 (chapter 23008) failed: fetching page list: rpc error: code = Unknown desc = Application error processing RPC
2026/09/02 23:21:50.097125 [sandbox] Exception in thread "grpc-default-executor-234" 
2026/09/02 23:21:50.097196 [sandbox] java.lang.NoClassDefFoundError: com/google/common/base/Throwables
	at io.grpc.internal.ServerCallImpl$ServerStreamListenerImpl.messagesAvailableInternal(ServerCallImpl.java:343)
	at io.grpc.internal.ServerCallImpl$ServerStreamListenerImpl.messagesAvailable(ServerCallImpl.java:319)
	at io.grpc.internal.ServerImpl$JumpToApplicationThreadServerStreamListener$1MessagesAvailable.runInContext(ServerImpl.java:834)
	at io.grpc.internal.ContextRunnable.run(ContextRunnable.java:37)
	at io.grpc.internal.SerializingExecutor.run(SerializingExecutor.java:133)
	at java.base/java.util.concurrent.ThreadPoolExecutor.runWorker(ThreadPoolExecutor.java:1144)
	at java.base/java.util.concurrent.ThreadPoolExecutor$Worker.run(ThreadPoolExecutor.java:642)
	at java.base/java.lang.Thread.run(Thread.java:1583)
2026/09/02 23:21:50.097219 [sandbox] Caused by: java.lang.ClassNotFoundException: com.google.common.base.Throwables
2026/09/02 23:21:50.097232 [sandbox] 	... 8 more
2026/09/02 23:21:50.165419 download: job 219 (chapter 23009) failed: fetching page list: rpc error: code = Unknown desc = Application error processing RPC
2026/09/02 23:21:50.165436 [sandbox] Exception in thread "grpc-default-executor-235" 
2026/09/02 23:21:50.165602 [sandbox] java.lang.NoClassDefFoundError: com/google/common/base/Throwables
	at io.grpc.internal.ServerCallImpl$ServerStreamListenerImpl.messagesAvailableInternal(ServerCallImpl.java:343)
	at io.grpc.internal.ServerCallImpl$ServerStreamListenerImpl.messagesAvailable(ServerCallImpl.java:319)
	at io.grpc.internal.ServerImpl$JumpToApplicationThreadServerStreamListener$1MessagesAvailable.runInContext(ServerImpl.java:834)
	at io.grpc.internal.ContextRunnable.run(ContextRunnable.java:37)
	at io.grpc.internal.SerializingExecutor.run(SerializingExecutor.java:133)
	at java.base/java.util.concurrent.ThreadPoolExecutor.runWorker(ThreadPoolExecutor.java:1144)
	at java.base/java.util.concurrent.ThreadPoolExecutor$Worker.run(ThreadPoolExecutor.java:642)
	at java.base/java.lang.Thread.run(Thread.java:1583)
Caused by: java.lang.ClassNotFoundException: com.google.common.base.Throwables
	... 8 more
2026/09/02 23:21:50.236207 [sandbox] Exception in thread "grpc-default-executor-236" java.lang.NoClassDefFoundError: com/google/common/base/Throwables
	at io.grpc.internal.ServerCallImpl$ServerStreamListenerImpl.messagesAvailableInternal(ServerCallImpl.java:343)
	at io.grpc.internal.ServerCallImpl$ServerStreamListenerImpl.messagesAvailable(ServerCallImpl.java:319)
	at io.grpc.internal.ServerImpl$JumpToApplicationThreadServerStreamListener$1MessagesAvailable.runInContext(ServerImpl.java:834)
	at io.grpc.internal.ContextRunnable.run(ContextRunnable.java:37)
2026/09/02 23:21:50.236386 [sandbox] 	at io.grpc.internal.SerializingExecutor.run(SerializingExecutor.java:133)
	at java.base/java.util.concurrent.ThreadPoolExecutor.runWorker(ThreadPoolExecutor.java:1144)
	at java.base/java.util.concurrent.ThreadPoolExecutor$Worker.run(ThreadPoolExecutor.java:642)
	at java.base/java.lang.Thread.run(Thread.java:1583)
Caused by: java.lang.ClassNotFoundException: com.google.common.base.Throwables
	... 8 more
2026/09/02 23:21:50.236282 download: job 220 (chapter 23010) failed: fetching page list: rpc error: code = Unknown desc = Application error processing RPC
2026/09/02 23:21:50.308392 download: job 221 (chapter 23011) failed: fetching page list: rpc error: code = Unknown desc = Application error processing RPC
2026/09/02 23:21:50.308429 [sandbox] Exception in thread "grpc-default-executor-237" java.lang.NoClassDefFoundError: com/google/common/base/Throwables
2026/09/02 23:21:50.308585 [sandbox] 	at io.grpc.internal.ServerCallImpl$ServerStreamListenerImpl.messagesAvailableInternal(ServerCallImpl.java:343)
	at io.grpc.internal.ServerCallImpl$ServerStreamListenerImpl.messagesAvailable(ServerCallImpl.java:319)
	at io.grpc.internal.ServerImpl$JumpToApplicationThreadServerStreamListener$1MessagesAvailable.runInContext(ServerImpl.java:834)
	at io.grpc.internal.ContextRunnable.run(ContextRunnable.java:37)
	at io.grpc.internal.SerializingExecutor.run(SerializingExecutor.java:133)
	at java.base/java.util.concurrent.ThreadPoolExecutor.runWorker(ThreadPoolExecutor.java:1144)
	at java.base/java.util.concurrent.ThreadPoolExecutor$Worker.run(ThreadPoolExecutor.java:642)
	at java.base/java.lang.Thread.run(Thread.java:1583)
Caused by: java.lang.ClassNotFoundException: com.google.common.base.Throwables
	... 8 more
2026/09/02 23:21:50.715815 download: job 222 (chapter 23012) failed: fetching page list: rpc error: code = Unknown desc = Application error processing RPC
2026/09/02 23:21:50.715928 [sandbox] Exception in thread "grpc-default-executor-238" 
2026/09/02 23:21:50.715957 [sandbox] java.lang.NoClassDefFoundError: com/google/common/base/Throwables
2026/09/02 23:21:50.715988 [sandbox] 	at io.grpc.internal.ServerCallImpl$ServerStreamListenerImpl.messagesAvailableInternal(ServerCallImpl.java:343)
	at io.grpc.internal.ServerCallImpl$ServerStreamListenerImpl.messagesAvailable(ServerCallImpl.java:319)
2026/09/02 23:21:50.715999 [sandbox] 	at io.grpc.internal.ServerImpl$JumpToApplicationThreadServerStreamListener$1MessagesAvailable.runInContext(ServerImpl.java:834)
	at io.grpc.internal.ContextRunnable.run(ContextRunnable.java:37)
	at io.grpc.internal.SerializingExecutor.run(SerializingExecutor.java:133)
	at java.base/java.util.concurrent.ThreadPoolExecutor.runWorker(ThreadPoolExecutor.java:1144)
2026/09/02 23:21:50.716010 [sandbox] 	at java.base/java.util.concurrent.ThreadPoolExecutor$Worker.run(ThreadPoolExecutor.java:642)
	at java.base/java.lang.Thread.run(Thread.java:1583)
2026/09/02 23:21:50.716027 [sandbox] Caused by: java.lang.ClassNotFoundException: com.google.common.base.Throwables
2026/09/02 23:21:50.716042 [sandbox] 	... 8 more
2026/09/02 23:21:51.726874 download: job 223 (chapter 23013) failed: fetching page list: rpc error: code = Unknown desc = Application error processing RPC
2026/09/02 23:21:51.726944 [sandbox] Exception in thread "grpc-default-executor-239" 
2026/09/02 23:21:51.726997 [sandbox] java.lang.NoClassDefFoundError: com/google/common/base/Throwables
2026/09/02 23:21:51.727013 [sandbox] 	at io.grpc.internal.ServerCallImpl$ServerStreamListenerImpl.messagesAvailableInternal(ServerCallImpl.java:343)
	at io.grpc.internal.ServerCallImpl$ServerStreamListenerImpl.messagesAvailable(ServerCallImpl.java:319)
	at io.grpc.internal.ServerImpl$JumpToApplicationThreadServerStreamListener$1MessagesAvailable.runInContext(ServerImpl.java:834)
	at io.grpc.internal.ContextRunnable.run(ContextRunnable.java:37)
2026/09/02 23:21:51.727050 [sandbox] 	at io.grpc.internal.SerializingExecutor.run(SerializingExecutor.java:133)
	at java.base/java.util.concurrent.ThreadPoolExecutor.runWorker(ThreadPoolExecutor.java:1144)
	at java.base/java.util.concurrent.ThreadPoolExecutor$Worker.run(ThreadPoolExecutor.java:642)
	at java.base/java.lang.Thread.run(Thread.java:1583)
2026/09/02 23:21:51.727062 [sandbox] Caused by: java.lang.ClassNotFoundException: com.google.common.base.Throwables
	... 8 more
2026/09/02 23:21:51.770418 download: job 224 (chapter 23014) failed: fetching page list: rpc error: code = Unknown desc = Application error processing RPC
2026/09/02 23:21:51.770565 [sandbox] Exception in thread "grpc-default-executor-240" java.lang.NoClassDefFoundError: com/google/common/base/Throwables
2026/09/02 23:21:51.770808 [sandbox] 	at io.grpc.internal.ServerCallImpl$ServerStreamListenerImpl.messagesAvailableInternal(ServerCallImpl.java:343)
	at io.grpc.internal.ServerCallImpl$ServerStreamListenerImpl.messagesAvailable(ServerCallImpl.java:319)
	at io.grpc.internal.ServerImpl$JumpToApplicationThreadServerStreamListener$1MessagesAvailable.runInContext(ServerImpl.java:834)
	at io.grpc.internal.ContextRunnable.run(ContextRunnable.java:37)
	at io.grpc.internal.SerializingExecutor.run(SerializingExecutor.java:133)
	at java.base/java.util.concurrent.ThreadPoolExecutor.runWorker(ThreadPoolExecutor.java:1144)
	at java.base/java.util.concurrent.ThreadPoolExecutor$Worker.run(ThreadPoolExecutor.java:642)
	at java.base/java.lang.Thread.run(Thread.java:1583)
Caused by: java.lang.ClassNotFoundException: com.google.common.base.Throwables
	... 8 more
2026/09/02 23:21:51.813085 download: job 225 (chapter 23015) failed: fetching page list: rpc error: code = Unknown desc = Application error processing RPC
2026/09/02 23:21:51.813238 [sandbox] Exception in thread "grpc-default-executor-241" java.lang.NoClassDefFoundError: com/google/common/base/Throwables
2026/09/02 23:21:51.813296 [sandbox] 	at io.grpc.internal.ServerCallImpl$ServerStreamListenerImpl.messagesAvailableInternal(ServerCallImpl.java:343)
	at io.grpc.internal.ServerCallImpl$ServerStreamListenerImpl.messagesAvailable(ServerCallImpl.java:319)
	at io.grpc.internal.ServerImpl$JumpToApplicationThreadServerStreamListener$1MessagesAvailable.runInContext(ServerImpl.java:834)
	at io.grpc.internal.ContextRunnable.run(ContextRunnable.java:37)
	at io.grpc.internal.SerializingExecutor.run(SerializingExecutor.java:133)
	at java.base/java.util.concurrent.ThreadPoolExecutor.runWorker(ThreadPoolExecutor.java:1144)
	at java.base/java.util.concurrent.ThreadPoolExecutor$Worker.run(ThreadPoolExecutor.java:642)
2026/09/02 23:21:51.813314 [sandbox] 	at java.base/java.lang.Thread.run(Thread.java:1583)
2026/09/02 23:21:51.813345 [sandbox] Caused by: java.lang.ClassNotFoundException: com.google.common.base.Throwables
2026/09/02 23:21:51.813352 [sandbox] 	... 8 more
2026/09/02 23:21:51.856317 download: job 226 (chapter 23016) failed: fetching page list: rpc error: code = Unknown desc = Application error processing RPC
2026/09/02 23:21:51.856443 [sandbox] Exception in thread "grpc-default-executor-242" java.lang.NoClassDefFoundError: com/google/common/base/Throwables
2026/09/02 23:21:51.856510 [sandbox] 	at io.grpc.internal.ServerCallImpl$ServerStreamListenerImpl.messagesAvailableInternal(ServerCallImpl.java:343)
	at io.grpc.internal.ServerCallImpl$ServerStreamListenerImpl.messagesAvailable(ServerCallImpl.java:319)
	at io.grpc.internal.ServerImpl$JumpToApplicationThreadServerStreamListener$1MessagesAvailable.runInContext(ServerImpl.java:834)
	at io.grpc.internal.ContextRunnable.run(ContextRunnable.java:37)
	at io.grpc.internal.SerializingExecutor.run(SerializingExecutor.java:133)
	at java.base/java.util.concurrent.ThreadPoolExecutor.runWorker(ThreadPoolExecutor.java:1144)
	at java.base/java.util.concurrent.ThreadPoolExecutor$Worker.run(ThreadPoolExecutor.java:642)
	at java.base/java.lang.Thread.run(Thread.java:1583)
2026/09/02 23:21:51.856544 [sandbox] Caused by: java.lang.ClassNotFoundException: com.google.common.base.Throwables
2026/09/02 23:21:51.856553 [sandbox] 	... 8 more
2026/09/02 23:21:57.245797 POST /api/graphql 200 1.632668192s
2026/09/02 23:22:05.687464 GET /proxy/cover/781 502 172.541462ms
2026/09/02 23:22:05.828086 POST /api/graphql 200 680.836092ms
2026/09/02 23:22:05.946975 POST /api/graphql 200 799.864194ms
2026/09/02 23:22:05.999540 POST /api/graphql 200 852.171071ms
2026/09/02 23:22:06.252183 POST /api/graphql 200 759.858196ms
2026/09/02 23:22:06.350560 [sandbox] [grpc-default-executor-243] ERROR tsunagu.grpc.ExtensionServiceImpl - extension call failed: HttpException: HTTP error 404 <- OnNextValue: OnError while emitting onNext value: okhttp3.Response.class @ OkHttpExtensionsKt$asObservable$1$requestArbiter$1.request:41; OkHttpExtensionsKt.asObservable$lambda$0:59; RxCompatKt.awaitSingle:13; ExtensionServiceImpl$getPopularManga$page$2.invokeSuspend:196
2026/09/02 23:22:08.299435 GET /proxy/cover/781 502 174.127525ms
2026/09/02 23:22:08.303539 [sandbox] [grpc-default-executor-243] ERROR tsunagu.grpc.ExtensionServiceImpl - extension call failed: HttpException: HTTP error 404 <- OnNextValue: OnError while emitting onNext value: okhttp3.Response.class @ OkHttpExtensionsKt$asObservable$1$requestArbiter$1.request:41; OkHttpExtensionsKt.asObservable$lambda$0:59; RxCompatKt.awaitSingle:13; ExtensionServiceImpl$getPopularManga$page$2.invokeSuspend:196
2026/09/02 23:22:08.974728 POST /api/graphql 200 664.75937ms
2026/09/02 23:22:09.061118 POST /api/graphql 200 545.082946ms
2026/09/02 23:22:09.076860 [sandbox] [grpc-default-executor-244] INFO tsunagu.grpc.ExtensionServiceImpl - extension eu.kanade.tachiyomi.extension.en.batcave has no popular listing, returning empty page
2026/09/02 23:22:09.567453 [sandbox] [grpc-default-executor-244] INFO tsunagu.grpc.ExtensionServiceImpl - extension eu.kanade.tachiyomi.extension.all.mangafire has no popular listing, returning empty page
2026/09/02 23:22:09.672831 POST /api/graphql 200 1.746405935s
2026/09/02 23:22:09.672838 POST /api/graphql 200 696.051771ms
2026/09/02 23:22:27.747885 GET /proxy/cover/781 502 162.006954ms
2026/09/02 23:22:28.223042 POST /api/graphql 200 624.889998ms
2026/09/02 23:22:28.333739 [sandbox] [grpc-default-executor-244] ERROR tsunagu.grpc.ExtensionServiceImpl - extension call failed: HttpException: HTTP error 404 <- OnNextValue: OnError while emitting onNext value: okhttp3.Response.class @ OkHttpExtensionsKt$asObservable$1$requestArbiter$1.request:41; OkHttpExtensionsKt.asObservable$lambda$0:59; RxCompatKt.awaitSingle:13; ExtensionServiceImpl$getPopularManga$page$2.invokeSuspend:196
2026/09/02 23:22:28.334151 POST /api/graphql 200 763.90729ms
2026/09/02 23:22:28.483623 [sandbox] [grpc-default-executor-245] INFO tsunagu.grpc.ExtensionServiceImpl - extension eu.kanade.tachiyomi.extension.en.batcave has no popular listing, returning empty page
2026/09/02 23:22:28.783948 [sandbox] [grpc-default-executor-244] INFO tsunagu.grpc.ExtensionServiceImpl - extension eu.kanade.tachiyomi.extension.all.mangafire has no popular listing, returning empty page
2026/09/02 23:22:29.055682 [sandbox] [grpc-default-executor-243] INFO tsunagu.grpc.ExtensionServiceImpl - extension eu.kanade.tachiyomi.extension.en.weebcentral has no popular listing, returning empty page
2026/09/02 23:22:29.606147 GET /proxy/cover/839 502 161.459574ms
2026/09/02 23:22:29.611600 GET /proxy/cover/847 502 166.789303ms
2026/09/02 23:23:02.754943 POST /api/graphql 200 697.832611ms
2026/09/02 23:23:03.549428 POST /api/graphql 200 1.492194932s
2026/09/02 23:23:03.591831 POST /api/graphql 200 611.301746ms
2026/09/02 23:23:03.602115 [sandbox] [grpc-default-executor-243] INFO tsunagu.grpc.ExtensionServiceImpl - extension eu.kanade.tachiyomi.extension.en.batcave has no popular listing, returning empty page
2026/09/02 23:23:03.642293 [sandbox] [grpc-default-executor-244] ERROR tsunagu.grpc.ExtensionServiceImpl - extension call failed: HttpException: HTTP error 404 <- OnNextValue: OnError while emitting onNext value: okhttp3.Response.class @ OkHttpExtensionsKt$asObservable$1$requestArbiter$1.request:41; OkHttpExtensionsKt.asObservable$lambda$0:59; RxCompatKt.awaitSingle:13; ExtensionServiceImpl$getPopularManga$page$2.invokeSuspend:196
2026/09/02 23:23:03.642744 POST /api/graphql 200 816.265971ms
2026/09/02 23:23:04.050577 POST /api/graphql 200 545.972347ms
2026/09/02 23:23:04.415381 POST /api/graphql 200 770.43726ms
2026/09/02 23:23:04.807073 [sandbox] [grpc-default-executor-161] INFO tsunagu.grpc.ExtensionServiceImpl - extension eu.kanade.tachiyomi.extension.all.mangafire has no popular listing, returning empty page
2026/09/02 23:23:05.162844 POST /api/graphql 200 687.662485ms
2026/09/02 23:23:05.492037 [sandbox] [grpc-default-executor-243] INFO tsunagu.grpc.ExtensionServiceImpl - extension eu.kanade.tachiyomi.extension.en.weebcentral has no popular listing, returning empty page
2026/09/02 23:23:05.746446 POST /api/graphql 200 2.193889228s
2026/09/02 23:23:06.995529 POST /api/graphql 200 1.19231001s
2026/09/02 23:23:22.063441 POST /api/graphql 200 1.534694747s
2026/09/02 23:24:10.103026 POST /api/graphql 200 1.43968523s
2026/09/02 23:24:11.290061 GET /content/373/9694/text 502 1.534796ms
2026/09/02 23:24:11.290119 GET /content/373/9694/text 502 1.733036ms
2026/09/02 23:24:11.290298 [sandbox] Exception in thread "grpc-default-executor-248" 
2026/09/02 23:24:11.290351 [sandbox] java.lang.NoClassDefFoundError: com/google/common/base/Throwables
2026/09/02 23:24:11.290397 [sandbox] 	at io.grpc.internal.ServerCallImpl$ServerStreamListenerImpl.messagesAvailableInternal(ServerCallImpl.java:343)
	at io.grpc.internal.ServerCallImpl$ServerStreamListenerImpl.messagesAvailable(ServerCallImpl.java:319)
	at io.grpc.internal.ServerImpl$JumpToApplicationThreadServerStreamListener$1MessagesAvailable.runInContext(ServerImpl.java:834)
	at io.grpc.internal.ContextRunnable.run(ContextRunnable.java:37)
2026/09/02 23:24:11.290456 [sandbox] 	at io.grpc.internal.SerializingExecutor.run(SerializingExecutor.java:133)
	at java.base/java.util.concurrent.ThreadPoolExecutor.runWorker(ThreadPoolExecutor.java:1144)
	at java.base/java.util.concurrent.ThreadPoolExecutor$Worker.run(ThreadPoolExecutor.java:642)
	at java.base/java.lang.Thread.run(Thread.java:1583)
Caused by: java.lang.ClassNotFoundException: com.google.common.base.Throwables
	... 8 more
2026/09/02 23:24:11.290470 [sandbox] Exception in thread "grpc-default-executor-249" 
2026/09/02 23:24:11.290503 [sandbox] java.lang.NoClassDefFoundError: com/google/common/base/Throwables
2026/09/02 23:24:11.290545 [sandbox] 	at io.grpc.internal.ServerCallImpl$ServerStreamListenerImpl.messagesAvailableInternal(ServerCallImpl.java:343)
	at io.grpc.internal.ServerCallImpl$ServerStreamListenerImpl.messagesAvailable(ServerCallImpl.java:319)
	at io.grpc.internal.ServerImpl$JumpToApplicationThreadServerStreamListener$1MessagesAvailable.runInContext(ServerImpl.java:834)
2026/09/02 23:24:11.290560 [sandbox] 	at io.grpc.internal.ContextRunnable.run(ContextRunnable.java:37)
	at io.grpc.internal.SerializingExecutor.run(SerializingExecutor.java:133)
	at java.base/java.util.concurrent.ThreadPoolExecutor.runWorker(ThreadPoolExecutor.java:1144)
	at java.base/java.util.concurrent.ThreadPoolExecutor$Worker.run(ThreadPoolExecutor.java:642)
	at java.base/java.lang.Thread.run(Thread.java:1583)
2026/09/02 23:24:11.290594 [sandbox] Caused by: java.lang.ClassNotFoundException: com.google.common.base.Throwables
	... 8 more
2026/09/02 23:24:16.542849 GET /content/373/9694/text 502 1.812304ms
2026/09/02 23:24:16.542873 GET /content/373/9694/text 502 1.660281ms
2026/09/02 23:24:16.543068 [sandbox] Exception in thread "grpc-default-executor-252" java.lang.NoClassDefFoundError: com/google/common/base/Throwables
2026/09/02 23:24:16.543126 [sandbox] 	at io.grpc.internal.ServerCallImpl$ServerStreamListenerImpl.messagesAvailableInternal(ServerCallImpl.java:343)
	at io.grpc.internal.ServerCallImpl$ServerStreamListenerImpl.messagesAvailable(ServerCallImpl.java:319)
	at io.grpc.internal.ServerImpl$JumpToApplicationThreadServerStreamListener$1MessagesAvailable.runInContext(ServerImpl.java:834)
	at io.grpc.internal.ContextRunnable.run(ContextRunnable.java:37)
	at io.grpc.internal.SerializingExecutor.run(SerializingExecutor.java:133)
	at java.base/java.util.concurrent.ThreadPoolExecutor.runWorker(ThreadPoolExecutor.java:1144)
	at java.base/java.util.concurrent.ThreadPoolExecutor$Worker.run(ThreadPoolExecutor.java:642)
	at java.base/java.lang.Thread.run(Thread.java:1583)
2026/09/02 23:24:16.543149 [sandbox] Caused by: java.lang.ClassNotFoundException: com.google.common.base.Throwables
2026/09/02 23:24:16.543159 [sandbox] 	... 8 more
2026/09/02 23:24:16.543231 [sandbox] Exception in thread "grpc-default-executor-250" 
2026/09/02 23:24:16.543275 [sandbox] java.lang.NoClassDefFoundError: com/google/common/base/Throwables
	at io.grpc.internal.ServerCallImpl$ServerStreamListenerImpl.messagesAvailableInternal(ServerCallImpl.java:343)
2026/09/02 23:24:16.543288 [sandbox] 	at io.grpc.internal.ServerCallImpl$ServerStreamListenerImpl.messagesAvailable(ServerCallImpl.java:319)
	at io.grpc.internal.ServerImpl$JumpToApplicationThreadServerStreamListener$1MessagesAvailable.runInContext(ServerImpl.java:834)
	at io.grpc.internal.ContextRunnable.run(ContextRunnable.java:37)
	at io.grpc.internal.SerializingExecutor.run(SerializingExecutor.java:133)
2026/09/02 23:24:16.543304 [sandbox] 	at java.base/java.util.concurrent.ThreadPoolExecutor.runWorker(ThreadPoolExecutor.java:1144)
	at java.base/java.util.concurrent.ThreadPoolExecutor$Worker.run(ThreadPoolExecutor.java:642)
	at java.base/java.lang.Thread.run(Thread.java:1583)
2026/09/02 23:24:16.543314 [sandbox] Caused by: java.lang.ClassNotFoundException: com.google.common.base.Throwables
2026/09/02 23:24:16.543330 [sandbox] 	... 8 more
2026/09/02 23:24:55.836844 shutting down
2026/09/02 23:25:01.489371 === Tsunagu dev (unknown) starting, pid 1088289 ===
2026/09/02 23:25:01.516469 sandbox: spawning /nix/store/1slz0vmmgsd7p6i4c0jaywkpw56wl2yg-openjdk-21.0.12+8/lib/openjdk/bin/java -cp /home/shozikan/Projects/Manga/Tsunagu/sandbox/build/libs/sandbox-0.1.0-all.jar tsunagu.MainKt (source: JAVA_HOME/PATH)
2026/09/02 23:25:01.813082 [sandbox] [main] INFO eu.kanade.tachiyomi.network.TlsSetup - TLS: Conscrypt provider installed (v2.5.2)
2026/09/02 23:25:02.373044 [sandbox] tsunagu sandbox listening on :50051
2026/09/02 23:25:03.566409 sandbox: ready at localhost:50051
2026/09/02 23:25:06.767594 tsunagu dev listening on [::]:6007
2026/09/02 23:25:06.770325 metadata backfill: 1 unmatched media, working through them (~1m)
2026/09/02 23:25:06.773764 content filter: recomputed 6 media
2026/09/02 23:25:07.109047 tracker poll: reconciled 2 media
2026/09/02 23:25:07.754517 metadata backfill: done -- matched 0/1
2026/09/02 23:28:11.142183 POST /api/graphql 200 539.541497ms
2026/09/02 23:29:11.104769 POST /api/graphql 200 666.943603ms
2026/09/02 23:30:31.807172 POST /api/graphql 200 757.153674ms
2026/09/02 23:32:07.514344 POST /api/graphql 200 578.931167ms
2026/09/02 23:32:28.197443 POST /api/graphql 200 632.618986ms
2026/09/02 23:32:33.049917 POST /api/graphql 500 552.523µs
2026/09/02 23:32:52.921809 POST /api/graphql 200 1.14840106s
2026/09/02 23:33:07.847229 POST /api/graphql 200 1.780948725s
2026/09/02 23:33:23.693761 POST /api/graphql 200 1.413750125s
2026/09/02 23:33:23.921603 POST /api/graphql 200 711.905902ms
2026/09/02 23:33:24.292142 POST /api/graphql 200 1.08245509s
2026/09/02 23:33:24.486896 POST /api/graphql 200 548.230494ms
2026/09/02 23:33:24.543480 [sandbox] [grpc-default-executor-9] ERROR tsunagu.grpc.ExtensionServiceImpl - extension call failed: HttpException: HTTP error 404 <- OnNextValue: OnError while emitting onNext value: okhttp3.Response.class @ OkHttpExtensionsKt$asObservable$1$requestArbiter$1.request:41; OkHttpExtensionsKt.asObservable$lambda$0:59; RxCompatKt.awaitSingle:13; ExtensionServiceImpl$getPopularManga$page$2.invokeSuspend:236
2026/09/02 23:33:24.822125 POST /api/graphql 200 1.612398473s
2026/09/02 23:33:24.977909 POST /api/graphql 200 648.847349ms
2026/09/02 23:33:24.989251 [sandbox] [grpc-default-executor-10] INFO tsunagu.grpc.ExtensionServiceImpl - extension eu.kanade.tachiyomi.extension.en.batcave has no popular listing, returning empty page
2026/09/02 23:33:25.043057 POST /api/graphql 200 552.862383ms
2026/09/02 23:33:25.128425 POST /api/graphql 200 581.138974ms
2026/09/02 23:33:39.419149 download: job 5 (chapter 22795) cancelled; discarding partial output
2026/09/02 23:33:51.993235 shutting down
2026/09/02 23:34:27.179663 === Tsunagu dev (unknown) starting, pid 1123210 ===
2026/09/02 23:34:27.206628 sandbox: spawning /nix/store/1slz0vmmgsd7p6i4c0jaywkpw56wl2yg-openjdk-21.0.12+8/lib/openjdk/bin/java -cp /home/shozikan/Projects/Manga/Tsunagu/sandbox/build/libs/sandbox-0.1.0-all.jar tsunagu.MainKt (source: JAVA_HOME/PATH)
2026/09/02 23:34:27.605881 [sandbox] [main] INFO eu.kanade.tachiyomi.network.TlsSetup - TLS: Conscrypt provider installed (v2.5.2)
2026/09/02 23:34:28.238575 [sandbox] tsunagu sandbox listening on :50051
2026/09/02 23:34:28.996660 sandbox: ready at localhost:50051
2026/09/02 23:34:30.781638 tsunagu dev listening on [::]:6007
2026/09/02 23:34:30.784822 metadata backfill: 1 unmatched media, working through them (~1m)
2026/09/02 23:34:30.785705 content filter: recomputed 6 media
2026/09/02 23:34:31.148219 tracker poll: reconciled 2 media
2026/09/02 23:34:31.793816 metadata backfill: done -- matched 0/1
2026/09/02 23:34:33.721965 POST /api/graphql 200 512.208158ms
2026/09/02 23:34:35.168286 POST /api/graphql 200 948.833373ms
2026/09/02 23:34:57.732279 POST /api/graphql 200 1.186083393s
2026/09/02 23:34:58.372375 POST /api/graphql 200 911.544546ms
2026/09/02 23:35:01.654186 POST /api/graphql 200 1.35353845s
2026/09/02 23:35:02.191772 [sandbox] [grpc-default-executor-0] ERROR tsunagu.grpc.ExtensionServiceImpl - extension call failed: NoSuchMethodError: 'android.content.Context androidx.preference.PreferenceScreen.getContext()' @ AniNeko.setupPreferenceScreen:-1; SourcePrefSerde.collectScreen:43; SourcePrefSerde.harvest:58; ExtensionServiceImpl.getSourcePreferences:163
2026/09/02 23:36:55.768621 shutting down
2026/09/02 23:36:58.364116 === Tsunagu dev (unknown) starting, pid 1132638 ===
2026/09/02 23:36:58.378003 sandbox: spawning /nix/store/1slz0vmmgsd7p6i4c0jaywkpw56wl2yg-openjdk-21.0.12+8/lib/openjdk/bin/java -cp /home/shozikan/Projects/Manga/Tsunagu/sandbox/build/libs/sandbox-0.1.0-all.jar tsunagu.MainKt (source: JAVA_HOME/PATH)
2026/09/02 23:36:58.664834 [sandbox] [main] INFO eu.kanade.tachiyomi.network.TlsSetup - TLS: Conscrypt provider installed (v2.5.2)
2026/09/02 23:36:59.205108 [sandbox] tsunagu sandbox listening on :50051
2026/09/02 23:37:00.204747 sandbox: ready at localhost:50051
2026/09/02 23:37:03.175726 tsunagu dev listening on [::]:6007
2026/09/02 23:37:03.178543 metadata backfill: 1 unmatched media, working through them (~1m)
2026/09/02 23:37:03.181360 content filter: recomputed 6 media
2026/09/02 23:37:03.539488 tracker poll: reconciled 2 media
2026/09/02 23:37:04.194979 metadata backfill: done -- matched 0/1
2026/09/02 23:37:09.222304 POST /api/graphql 200 608.013553ms
2026/09/02 23:37:10.657939 POST /api/graphql 200 1.022070796s
2026/09/02 23:37:11.738095 POST /api/graphql 200 825.326873ms
2026/09/02 23:37:14.505726 POST /api/graphql 200 882.856364ms
2026/09/02 23:37:23.503834 POST /api/graphql 200 1.410216147s
2026/09/02 23:37:34.524926 POST /api/graphql 200 536.992268ms
2026/09/02 23:37:34.526808 POST /api/graphql 200 538.793956ms
2026/09/02 23:37:34.908546 POST /api/graphql 200 920.480724ms
2026/09/02 23:37:35.541688 POST /api/graphql 200 1.553151351s
2026/09/02 23:37:35.685300 [sandbox] [grpc-default-executor-5] INFO tsunagu.grpc.ExtensionServiceImpl - extension eu.kanade.tachiyomi.extension.en.batcave has no popular listing, returning empty page
2026/09/02 23:37:35.805585 [sandbox] [grpc-default-executor-4] ERROR tsunagu.grpc.ExtensionServiceImpl - extension call failed: HttpException: HTTP error 404 <- OnNextValue: OnError while emitting onNext value: okhttp3.Response.class @ OkHttpExtensionsKt$asObservable$1$requestArbiter$1.request:41; OkHttpExtensionsKt.asObservable$lambda$0:59; RxCompatKt.awaitSingle:13; ExtensionServiceImpl$getPopularManga$page$2.invokeSuspend:236
2026/09/02 23:37:35.807052 POST /api/graphql 200 820.817576ms
2026/09/02 23:37:36.168109 POST /api/graphql 200 774.873304ms
2026/09/02 23:37:36.247740 POST /api/graphql 200 558.076706ms
2026/09/02 23:37:36.502080 POST /api/graphql 200 521.547616ms
2026/09/02 23:37:36.516510 [sandbox] [grpc-default-executor-3] INFO tsunagu.grpc.ExtensionServiceImpl - extension eu.kanade.tachiyomi.extension.all.mangafire has no popular listing, returning empty page
2026/09/02 23:37:36.609824 [sandbox] [grpc-default-executor-5] INFO tsunagu.grpc.ExtensionServiceImpl - extension eu.kanade.tachiyomi.extension.en.mangago has no popular listing, returning empty page
2026/09/02 23:37:36.616647 [sandbox] [grpc-default-executor-5] INFO tsunagu.grpc.ExtensionServiceImpl - extension eu.kanade.tachiyomi.extension.en.weebcentral has no popular listing, returning empty page
2026/09/02 23:37:36.671344 POST /api/graphql 200 861.316188ms
2026/09/02 23:37:39.745630 [sandbox] [grpc-default-executor-6] ERROR tsunagu.grpc.ExtensionServiceImpl - extension call failed: HttpException: HTTP error 404 <- OnNextValue: OnError while emitting onNext value: okhttp3.Response.class @ OkHttpExtensionsKt$asObservable$1$requestArbiter$1.request:41; OkHttpExtensionsKt.asObservable$lambda$0:59; RxCompatKt.awaitSingle:13; AnimeCatalogueSource.getSearchAnime$suspendImpl:26
2026/09/02 23:37:40.058281 POST /api/graphql 200 523.879647ms
2026/09/02 23:37:40.062338 POST /api/graphql 200 528.029175ms
2026/09/02 23:37:40.292463 POST /api/graphql 200 758.479961ms
2026/09/02 23:37:40.341762 [sandbox] [grpc-default-executor-6] WARN tsunagu.grpc.ExtensionServiceImpl - extension call failed: IOException: Open in WebView to bypass site protection <- IOException: Open in WebView to bypass site protection @ x.a:-1; UserAgentInterceptor.intercept:21; UncaughtExceptionInterceptor.intercept:10
2026/09/02 23:37:40.342490 POST /api/graphql 200 594.29044ms
2026/09/02 23:37:40.342996 [sandbox] E/BatCave: Failed to fetch filter data
java.io.IOException: Open in WebView to bypass site protection
	at keiyoushi.a.b.a(Unknown Source)
	at keiyoushi.a.b.a(Unknown Source)
	at eu.kanade.tachiyomi.a.a.a.a.a(Unknown Source)
	at eu.kanade.tachiyomi.a.a.a.a.a(Unknown Source)
	at keiyoushi.source.f.invokeSuspend(Unknown Source)
	at kotlin.coroutines.jvm.internal.BaseContinuationImpl.resumeWith(ContinuationImpl.kt:34)
	at kotlinx.coroutines.DispatchedTask.run(DispatchedTask.kt:100)
	at kotlinx.coroutines.internal.LimitedDispatcher$Worker.run(LimitedDispatcher.kt:124)
	at kotlinx.coroutines.scheduling.TaskImpl.run(Tasks.kt:89)
	at kotlinx.coroutines.scheduling.CoroutineScheduler.runSafely(CoroutineScheduler.kt:586)
	at kotlinx.coroutines.scheduling.CoroutineScheduler$Worker.executeTask(CoroutineScheduler.kt:798)
	at kotlinx.coroutines.scheduling.CoroutineScheduler$Worker.runWorker(CoroutineScheduler.kt:717)
	at kotlinx.coroutines.scheduling.CoroutineScheduler$Worker.run(CoroutineScheduler.kt:704)
Caused by: java.io.IOException: Open in WebView to bypass site protection
	at eu.kanade.tachiyomi.a.a.a.x.a(Unknown Source)
	at okhttp3.internal.http.RealInterceptorChain.proceed(RealInterceptorChain.kt:332)
	at eu.kanade.tachiyomi.network.interceptor.UserAgentInterceptor.intercept(UserAgentInterceptor.kt:21)
	at okhttp3.internal.http.RealInterceptorChain.proceed(RealInterceptorChain.kt:332)
	at eu.kanade.tachiyomi.network.interceptor.UncaughtExceptionInterceptor.intercept(UncaughtExceptionInterceptor.kt:10)
	at okhttp3.internal.http.RealInterceptorChain.proceed(RealInterceptorChain.kt:332)
	at okhttp3.internal.connection.RealCall.getResponseWithInterceptorChain$okhttp(RealCall.kt:234)
	at okhttp3.internal.connection.RealCall$AsyncCall.run(RealCall.kt:582)
	at java.base/java.util.concurrent.ThreadPoolExecutor.runWorker(ThreadPoolExecutor.java:1144)
	at java.base/java.util.concurrent.ThreadPoolExecutor$Worker.run(ThreadPoolExecutor.java:642)
	at java.base/java.lang.Thread.run(Thread.java:1583)

2026/09/02 23:37:41.336651 POST /api/graphql 200 1.479419952s
2026/09/02 23:37:46.599764 POST /api/graphql 200 590.807042ms
2026/09/02 23:37:46.601574 [sandbox] E/BatCave: Failed to fetch filter data
java.io.IOException: Open in WebView to bypass site protection
	at keiyoushi.a.b.a(Unknown Source)
	at keiyoushi.a.b.a(Unknown Source)
	at eu.kanade.tachiyomi.a.a.a.a.a(Unknown Source)
	at eu.kanade.tachiyomi.a.a.a.a.a(Unknown Source)
	at keiyoushi.source.f.invokeSuspend(Unknown Source)
	at kotlin.coroutines.jvm.internal.BaseContinuationImpl.resumeWith(ContinuationImpl.kt:34)
	at kotlinx.coroutines.DispatchedTask.run(DispatchedTask.kt:100)
	at kotlinx.coroutines.internal.LimitedDispatcher$Worker.run(LimitedDispatcher.kt:124)
	at kotlinx.coroutines.scheduling.TaskImpl.run(Tasks.kt:89)
	at kotlinx.coroutines.scheduling.CoroutineScheduler.runSafely(CoroutineScheduler.kt:586)
	at kotlinx.coroutines.scheduling.CoroutineScheduler$Worker.executeTask(CoroutineScheduler.kt:798)
	at kotlinx.coroutines.scheduling.CoroutineScheduler$Worker.runWorker(CoroutineScheduler.kt:717)
	at kotlinx.coroutines.scheduling.CoroutineScheduler$Worker.run(CoroutineScheduler.kt:704)
Caused by: java.io.IOException: Open in WebView to bypass site protection
	at eu.kanade.tachiyomi.a.a.a.x.a(Unknown Source)
	at okhttp3.internal.http.RealInterceptorChain.proceed(RealInterceptorChain.kt:332)
	at eu.kanade.tachiyomi.network.interceptor.UserAgentInterceptor.intercept(UserAgentInterceptor.kt:21)
	at okhttp3.internal.http.RealInterceptorChain.proceed(RealInterceptorChain.kt:332)
	at eu.kanade.tachiyomi.network.interceptor.UncaughtExceptionInterceptor.intercept(UncaughtExceptionInterceptor.kt:10)
	at okhttp3.internal.http.RealInterceptorChain.proceed(RealInterceptorChain.kt:332)
	at okhttp3.internal.connection.RealCall.getResponseWithInterceptorChain$okhttp(RealCall.kt:234)
	at okhttp3.internal.connection.RealCall$AsyncCall.run(RealCall.kt:582)
	at java.base/java.util.concurrent.ThreadPoolExecutor.runWorker(ThreadPoolExecutor.java:1144)
	at java.base/java.util.concurrent.ThreadPoolExecutor$Worker.run(ThreadPoolExecutor.java:642)
	at java.base/java.lang.Thread.run(Thread.java:1583)

2026/09/02 23:37:46.633618 [sandbox] [grpc-default-executor-3] WARN tsunagu.grpc.ExtensionServiceImpl - extension call failed: IOException: Open in WebView to bypass site protection <- IOException: Open in WebView to bypass site protection @ x.a:-1; UserAgentInterceptor.intercept:21; UncaughtExceptionInterceptor.intercept:10
2026/09/02 23:37:46.709933 POST /api/graphql 200 701.251638ms
2026/09/02 23:37:46.813725 [sandbox] [grpc-default-executor-2] ERROR tsunagu.grpc.ExtensionServiceImpl - extension call failed: HttpException: HTTP error 404 <- OnNextValue: OnError while emitting onNext value: okhttp3.Response.class @ OkHttpExtensionsKt$asObservable$1$requestArbiter$1.request:41; OkHttpExtensionsKt.asObservable$lambda$0:59; RxCompatKt.awaitSingle:13; AnimeCatalogueSource.getSearchAnime$suspendImpl:26
2026/09/02 23:37:46.814397 POST /api/graphql 200 805.575111ms
2026/09/02 23:38:07.147928 POST /api/graphql 200 1.497544779s
2026/09/02 23:38:26.791844 shutting down
2026/09/02 23:40:01.805218 === Tsunagu dev (unknown) starting, pid 1143939 ===
2026/09/02 23:40:01.822873 sandbox: spawning /nix/store/1slz0vmmgsd7p6i4c0jaywkpw56wl2yg-openjdk-21.0.12+8/lib/openjdk/bin/java -cp /home/shozikan/Projects/Manga/Tsunagu/sandbox/build/libs/sandbox-0.1.0-all.jar tsunagu.MainKt (source: JAVA_HOME/PATH)
2026/09/02 23:40:02.076304 [sandbox] [main] INFO eu.kanade.tachiyomi.network.TlsSetup - TLS: Conscrypt provider installed (v2.5.2)
2026/09/02 23:40:02.566749 [sandbox] tsunagu sandbox listening on :50051
2026/09/02 23:40:02.782719 sandbox: ready at localhost:50051
2026/09/02 23:40:05.813708 tsunagu dev listening on [::]:6007
2026/09/02 23:40:05.817984 metadata backfill: 1 unmatched media, working through them (~1m)
2026/09/02 23:40:05.823790 content filter: recomputed 6 media
2026/09/02 23:40:06.149805 tracker poll: reconciled 2 media
2026/09/02 23:40:06.624911 POST /api/graphql 200 805.182086ms
2026/09/02 23:40:06.824134 metadata backfill: done -- matched 0/1
2026/09/02 23:40:07.945843 POST /api/graphql 200 1.050746614s
2026/09/02 23:41:10.069566 POST /api/graphql 200 507.492461ms
2026/09/02 23:41:10.298261 POST /api/graphql 200 736.108241ms
2026/09/02 23:41:10.864617 POST /api/graphql 200 563.642264ms
2026/09/02 23:41:10.963688 [sandbox] [grpc-default-executor-2] ERROR tsunagu.grpc.ExtensionServiceImpl - extension call failed: HttpException: HTTP error 404 <- OnNextValue: OnError while emitting onNext value: okhttp3.Response.class @ OkHttpExtensionsKt$asObservable$1$requestArbiter$1.request:41; OkHttpExtensionsKt.asObservable$lambda$0:59; RxCompatKt.awaitSingle:13; ExtensionServiceImpl$getPopularManga$page$2.invokeSuspend:236
2026/09/02 23:41:10.965264 POST /api/graphql 200 844.4198ms
2026/09/02 23:41:11.233315 POST /api/graphql 200 1.67101901s
2026/09/02 23:41:11.302529 POST /api/graphql 200 680.694736ms
2026/09/02 23:41:11.312579 [sandbox] [grpc-default-executor-0] INFO tsunagu.grpc.ExtensionServiceImpl - extension eu.kanade.tachiyomi.extension.en.batcave has no popular listing, returning empty page
2026/09/02 23:41:11.437407 POST /api/graphql 200 569.403877ms
2026/09/02 23:41:11.835272 POST /api/graphql 200 866.958351ms
2026/09/02 23:41:12.044062 [sandbox] [grpc-default-executor-2] INFO tsunagu.grpc.ExtensionServiceImpl - extension eu.kanade.tachiyomi.extension.all.mangafire has no popular listing, returning empty page
2026/09/02 23:41:12.173769 [sandbox] [grpc-default-executor-3] INFO tsunagu.grpc.ExtensionServiceImpl - extension eu.kanade.tachiyomi.extension.en.mangago has no popular listing, returning empty page
2026/09/02 23:41:12.201164 [sandbox] [grpc-default-executor-3] INFO tsunagu.grpc.ExtensionServiceImpl - extension eu.kanade.tachiyomi.extension.en.weebcentral has no popular listing, returning empty page
2026/09/02 23:41:12.584811 POST /api/graphql 200 677.211865ms
2026/09/02 23:41:15.103297 POST /api/graphql 200 571.641622ms
2026/09/02 23:41:15.109540 POST /api/graphql 200 577.75877ms
2026/09/02 23:41:17.352153 POST /api/graphql 200 2.247572905s
2026/09/02 23:41:17.626460 POST /api/graphql 200 2.515907889s
2026/09/02 23:41:18.371799 POST /api/graphql 200 742.157165ms
2026/09/02 23:41:21.728989 POST /api/graphql 200 3.260275686s
2026/09/02 23:41:22.979825 POST /api/graphql 200 3.446962335s
2026/09/02 23:41:47.794592 shutting down
2026/09/02 23:41:49.306246 === Tsunagu dev (unknown) starting, pid 1151327 ===
2026/09/02 23:41:49.323762 sandbox: spawning /nix/store/1slz0vmmgsd7p6i4c0jaywkpw56wl2yg-openjdk-21.0.12+8/lib/openjdk/bin/java -cp /home/shozikan/Projects/Manga/Tsunagu/sandbox/build/libs/sandbox-0.1.0-all.jar tsunagu.MainKt (source: JAVA_HOME/PATH)
2026/09/02 23:41:49.421690 [sandbox] Error: Could not find or load main class tsunagu.MainKt
Caused by: java.lang.ClassNotFoundException: tsunagu.MainKt
2026/09/02 23:42:15.025733 === Tsunagu dev (unknown) starting, pid 1153340 ===
2026/09/02 23:42:15.041176 sandbox: spawning /nix/store/1slz0vmmgsd7p6i4c0jaywkpw56wl2yg-openjdk-21.0.12+8/lib/openjdk/bin/java -cp /home/shozikan/Projects/Manga/Tsunagu/sandbox/build/libs/sandbox-0.1.0-all.jar tsunagu.MainKt (source: JAVA_HOME/PATH)
2026/09/02 23:42:15.309998 [sandbox] [main] INFO eu.kanade.tachiyomi.network.TlsSetup - TLS: Conscrypt provider installed (v2.5.2)
2026/09/02 23:42:15.855058 [sandbox] tsunagu sandbox listening on :50051
2026/09/02 23:42:16.001443 sandbox: ready at localhost:50051
2026/09/02 23:42:18.943507 tsunagu dev listening on [::]:6007
2026/09/02 23:42:18.948323 metadata backfill: 1 unmatched media, working through them (~1m)
2026/09/02 23:42:18.951519 content filter: recomputed 6 media
2026/09/02 23:42:19.293313 tracker poll: reconciled 2 media
2026/09/02 23:42:19.711720 POST /api/graphql 200 761.538695ms
2026/09/02 23:42:19.949091 metadata backfill: done -- matched 0/1
2026/09/02 23:42:21.172047 POST /api/graphql 200 1.143345644s
2026/09/02 23:42:37.614216 POST /api/graphql 200 512.035265ms
2026/09/02 23:42:40.876416 POST /api/graphql 200 1.491736742s
2026/09/02 23:42:53.716680 POST /api/graphql 200 616.506567ms
2026/09/02 23:43:42.457865 POST /api/graphql 200 716.062453ms
2026/09/02 23:43:45.664234 POST /api/graphql 200 1.087785086s
2026/09/02 23:43:54.970634 POST /api/graphql 200 731.465748ms
2026/09/02 23:44:09.350298 POST /api/graphql 200 3.426310542s
2026/09/02 23:44:13.831508 POST /api/graphql 200 3.313870921s
2026/09/02 23:44:15.951874 POST /api/graphql 200 689.467319ms
2026/09/02 23:44:16.600074 POST /api/graphql 200 645.02467ms
2026/09/02 23:44:21.785074 POST /api/graphql 200 1.296484394s
2026/09/02 23:44:51.556972 POST /api/graphql 200 742.083073ms
2026/09/02 23:45:03.566092 POST /api/graphql 200 2.730016703s
2026/09/02 23:45:09.118007 POST /api/graphql 200 4.838716241s
2026/09/02 23:45:44.829157 POST /api/graphql 200 2.696549261s
2026/09/02 23:45:44.937993 POST /api/graphql 200 841.907006ms
2026/09/02 23:52:49.934126 POST /api/graphql 200 669.956217ms
2026/09/02 23:52:51.139603 POST /api/graphql 200 847.982529ms
2026/09/02 23:52:54.205275 POST /api/graphql 200 1.2851145s
2026/09/02 23:52:54.972503 POST /api/graphql 200 762.537676ms
2026/09/02 23:52:58.698289 POST /api/graphql 200 520.088893ms
2026/09/02 23:52:58.916671 POST /api/graphql 200 738.321059ms
2026/09/02 23:52:58.936109 POST /api/graphql 200 757.704961ms
2026/09/02 23:52:59.481745 POST /api/graphql 200 562.088912ms
2026/09/02 23:52:59.827036 [sandbox] [grpc-default-executor-3] WARN tsunagu.grpc.ExtensionServiceImpl - extension call failed [SOURCE_NOT_FOUND]: The source returned 404 (entry or endpoint missing). (HttpException: HTTP error 404 <- OnNextValue: OnError while emitting onNext value: okhttp3.Response.class)
2026/09/02 23:52:59.828302 POST /api/graphql 200 863.3572ms
2026/09/02 23:53:00.026146 POST /api/graphql 200 675.675073ms
2026/09/02 23:53:00.108096 POST /api/graphql 200 558.937149ms
2026/09/02 23:53:00.662871 POST /api/graphql 200 831.806046ms
2026/09/02 23:53:01.381715 POST /api/graphql 200 3.203186138s
2026/09/02 23:53:02.037009 POST /api/graphql 200 514.669362ms
2026/09/02 23:53:03.056689 POST /api/graphql 200 546.210756ms
2026/09/02 23:53:03.305607 [sandbox] [grpc-default-executor-5] WARN tsunagu.grpc.ExtensionServiceImpl - extension call failed [SOURCE_NOT_FOUND]: The source returned 404 (entry or endpoint missing). (HttpException: HTTP error 404 <- OnNextValue: OnError while emitting onNext value: okhttp3.Response.class)
2026/09/02 23:53:04.089386 POST /api/graphql 200 603.877405ms
2026/09/02 23:53:04.271126 POST /api/graphql 200 783.090899ms
2026/09/02 23:53:07.476439 [sandbox] [grpc-default-executor-6] WARN tsunagu.grpc.ExtensionServiceImpl - extension call failed [SOURCE_NOT_FOUND]: The source returned 404 (entry or endpoint missing). (HttpException: HTTP error 404 <- OnNextValue: OnError while emitting onNext value: okhttp3.Response.class)
2026/09/02 23:53:07.863581 POST /api/graphql 200 745.300434ms
2026/09/02 23:53:07.900783 POST /api/graphql 200 782.70023ms
2026/09/02 23:53:08.004089 GET /proxy/cover/2571 502 139.361703ms
2026/09/02 23:53:16.364241 [sandbox] [grpc-default-executor-5] WARN tsunagu.grpc.ExtensionServiceImpl - extension call failed [SOURCE_NOT_FOUND]: The source returned 404 (entry or endpoint missing). (HttpException: HTTP error 404 <- OnNextValue: OnError while emitting onNext value: okhttp3.Response.class)
2026/09/02 23:53:16.380004 GET /proxy/cover/781 502 163.884184ms
2026/09/02 23:53:16.903631 POST /api/graphql 200 888.278684ms
2026/09/02 23:53:22.847006 GET /proxy/cover/781 502 153.261934ms
2026/09/02 23:53:23.170120 POST /api/graphql 200 798.157417ms
2026/09/02 23:53:23.438282 [sandbox] [grpc-default-executor-7] WARN tsunagu.grpc.ExtensionServiceImpl - extension call failed [SOURCE_NOT_FOUND]: The source returned 404 (entry or endpoint missing). (HttpException: HTTP error 404 <- OnNextValue: OnError while emitting onNext value: okhttp3.Response.class)
2026/09/02 23:53:23.438886 POST /api/graphql 200 817.943011ms
2026/09/02 23:54:04.776506 [sandbox] [grpc-default-executor-4] WARN tsunagu.grpc.ExtensionServiceImpl - extension call failed [SOURCE_NOT_FOUND]: The source returned 404 (entry or endpoint missing). (HttpException: HTTP error 404 <- OnNextValue: OnError while emitting onNext value: okhttp3.Response.class)
2026/09/02 23:54:05.040372 GET /proxy/cover/2571 502 174.243257ms
2026/09/02 23:54:05.181002 POST /api/graphql 200 626.561578ms
2026/09/02 23:54:05.442894 POST /api/graphql 200 888.520769ms
2026/09/02 23:54:09.724699 POST /api/graphql 200 839.486441ms
2026/09/02 23:54:12.345492 POST /api/graphql 200 762.246324ms
2026/09/02 23:55:02.185692 POST /api/graphql 200 592.665789ms
2026/09/02 23:55:02.986302 GET /proxy/cover/781 502 168.528657ms
2026/09/02 23:55:03.085279 [sandbox] [grpc-default-executor-5] WARN tsunagu.grpc.ExtensionServiceImpl - extension call failed [SOURCE_NOT_FOUND]: The source returned 404 (entry or endpoint missing). (HttpException: HTTP error 404 <- OnNextValue: OnError while emitting onNext value: okhttp3.Response.class)
2026/09/02 23:55:03.393828 POST /api/graphql 200 804.997417ms
2026/09/02 23:55:03.636672 POST /api/graphql 200 549.16796ms
2026/09/02 23:55:11.364400 GET /proxy/cover/781 502 173.540589ms
2026/09/02 23:55:11.932804 [sandbox] [grpc-default-executor-5] WARN tsunagu.grpc.ExtensionServiceImpl - extension call failed [SOURCE_NOT_FOUND]: The source returned 404 (entry or endpoint missing). (HttpException: HTTP error 404 <- OnNextValue: OnError while emitting onNext value: okhttp3.Response.class)
2026/09/02 23:55:11.933455 POST /api/graphql 200 768.241366ms
2026/09/02 23:55:20.851825 [sandbox] [grpc-default-executor-5] WARN tsunagu.grpc.ExtensionServiceImpl - extension call failed [SOURCE_NOT_FOUND]: The source returned 404 (entry or endpoint missing). (HttpException: HTTP error 404 <- OnNextValue: OnError while emitting onNext value: okhttp3.Response.class)
2026/09/02 23:55:20.861939 GET /proxy/cover/781 502 162.717553ms
2026/09/02 23:55:20.882685 POST /api/graphql 200 509.988157ms
2026/09/02 23:55:31.890900 GET /proxy/cover/839 502 174.169677ms
2026/09/02 23:55:32.152920 GET /proxy/cover/847 502 181.181517ms
2026/09/02 23:55:57.933180 POST /api/graphql 200 1.846367117s
2026/09/02 23:56:22.101453 POST /api/graphql 200 1.068867596s
2026/09/02 23:56:30.480756 POST /api/graphql 200 1.474465042s
2026/09/02 23:56:43.006798 POST /api/graphql 200 1.700839975s
2026/09/02 23:56:48.708567 POST /api/graphql 200 1.475477516s
2026/09/02 23:56:51.203443 POST /api/graphql 200 650.644545ms
2026/09/02 23:56:51.351614 [sandbox] [grpc-default-executor-9] WARN tsunagu.grpc.ExtensionServiceImpl - extension call failed [SOURCE_NOT_FOUND]: The source returned 404 (entry or endpoint missing). (HttpException: HTTP error 404 <- OnNextValue: OnError while emitting onNext value: okhttp3.Response.class)
2026/09/02 23:56:55.073726 POST /api/graphql 200 685.684113ms
2026/09/02 23:57:06.532658 [sandbox] [grpc-default-executor-10] WARN tsunagu.grpc.ExtensionServiceImpl - extension call failed [SOURCE_NOT_FOUND]: The source returned 404 (entry or endpoint missing). (HttpException: HTTP error 404 <- OnNextValue: OnError while emitting onNext value: okhttp3.Response.class)
2026/09/02 23:57:06.926932 [sandbox] [grpc-default-executor-10] INFO tsunagu.grpc.ExtensionServiceImpl - extension eu.kanade.tachiyomi.extension.en.batcave has no popular listing, returning empty page
2026/09/02 23:57:07.034041 POST /api/graphql 200 1.056909585s
2026/09/02 23:57:13.370896 POST /api/graphql 200 1.437012829s
2026/09/02 23:57:17.436100 POST /api/graphql 200 1.306150913s
2026/09/02 23:57:46.770484 GET /proxy/cover/781 502 161.13341ms
2026/09/02 23:57:47.400466 [sandbox] [grpc-default-executor-9] WARN tsunagu.grpc.ExtensionServiceImpl - extension call failed [SOURCE_NOT_FOUND]: The source returned 404 (entry or endpoint missing). (HttpException: HTTP error 404 <- OnNextValue: OnError while emitting onNext value: okhttp3.Response.class)
2026/09/02 23:57:47.400960 POST /api/graphql 200 830.622374ms
2026/09/02 23:57:47.405050 [sandbox] [grpc-default-executor-9] INFO tsunagu.grpc.ExtensionServiceImpl - extension eu.kanade.tachiyomi.extension.en.batcave has no popular listing, returning empty page
2026/09/02 23:57:47.714090 POST /api/graphql 200 605.880417ms
2026/09/02 23:57:47.754213 [sandbox] [grpc-default-executor-5] INFO tsunagu.grpc.ExtensionServiceImpl - extension eu.kanade.tachiyomi.extension.all.mangafire has no popular listing, returning empty page
2026/09/02 23:57:48.172820 [sandbox] [grpc-default-executor-9] INFO tsunagu.grpc.ExtensionServiceImpl - extension eu.kanade.tachiyomi.extension.en.mangago has no popular listing, returning empty page
2026/09/02 23:57:48.192989 [sandbox] [grpc-default-executor-10] INFO tsunagu.grpc.ExtensionServiceImpl - extension eu.kanade.tachiyomi.extension.en.weebcentral has no popular listing, returning empty page
2026/09/02 23:57:48.208188 POST /api/graphql 200 566.251759ms
2026/09/02 23:57:58.419290 GET /proxy/cover/839 502 185.521933ms
2026/09/02 23:57:58.543255 GET /proxy/cover/847 502 200.344679ms
2026/09/02 23:58:09.385251 POST /api/graphql 200 644.567199ms
2026/09/02 23:58:10.279578 POST /api/graphql 200 553.001418ms
2026/09/02 23:58:10.391652 POST /api/graphql 200 665.102648ms
2026/09/02 23:58:10.407585 POST /api/graphql 200 681.034528ms
2026/09/02 23:58:10.689739 [sandbox] [grpc-default-executor-9] WARN tsunagu.grpc.ExtensionServiceImpl - extension call failed [SOURCE_NOT_FOUND]: The source returned 404 (entry or endpoint missing). (HttpException: HTTP error 404 <- OnNextValue: OnError while emitting onNext value: okhttp3.Response.class)
2026/09/02 23:58:10.993211 POST /api/graphql 200 551.804399ms
2026/09/02 23:58:11.138480 [sandbox] [grpc-default-executor-10] INFO tsunagu.grpc.ExtensionServiceImpl - extension eu.kanade.tachiyomi.extension.en.batcave has no popular listing, returning empty page
2026/09/02 23:58:11.245328 POST /api/graphql 200 603.01268ms
2026/09/02 23:58:11.550871 POST /api/graphql 200 555.752963ms
2026/09/02 23:58:11.575672 [sandbox] [grpc-default-executor-10] INFO tsunagu.grpc.ExtensionServiceImpl - extension eu.kanade.tachiyomi.extension.all.mangafire has no popular listing, returning empty page
2026/09/02 23:58:11.604554 POST /api/graphql 200 876.071703ms
2026/09/02 23:58:11.640232 [sandbox] [grpc-default-executor-10] INFO tsunagu.grpc.ExtensionServiceImpl - extension eu.kanade.tachiyomi.extension.en.mangago has no popular listing, returning empty page
2026/09/02 23:58:11.707869 [sandbox] [grpc-default-executor-10] INFO tsunagu.grpc.ExtensionServiceImpl - extension eu.kanade.tachiyomi.extension.en.weebcentral has no popular listing, returning empty page
2026/09/02 23:58:18.944167 GET /proxy/cover/781 502 190.458004ms
2026/09/02 23:58:19.313001 POST /api/graphql 200 873.019479ms
2026/09/02 23:58:19.603072 [sandbox] [grpc-default-executor-12] WARN tsunagu.grpc.ExtensionServiceImpl - extension call failed [SOURCE_NOT_FOUND]: The source returned 404 (entry or endpoint missing). (HttpException: HTTP error 404 <- OnNextValue: OnError while emitting onNext value: okhttp3.Response.class)
2026/09/02 23:58:19.603453 POST /api/graphql 200 871.451677ms
2026/09/02 23:58:19.606626 [sandbox] [grpc-default-executor-12] INFO tsunagu.grpc.ExtensionServiceImpl - extension eu.kanade.tachiyomi.extension.en.batcave has no popular listing, returning empty page
2026/09/02 23:58:20.066073 POST /api/graphql 200 683.931536ms
2026/09/02 23:58:20.101949 [sandbox] [grpc-default-executor-12] INFO tsunagu.grpc.ExtensionServiceImpl - extension eu.kanade.tachiyomi.extension.all.mangafire has no popular listing, returning empty page
2026/09/02 23:58:20.401014 [sandbox] [grpc-default-executor-10] INFO tsunagu.grpc.ExtensionServiceImpl - extension eu.kanade.tachiyomi.extension.en.mangago has no popular listing, returning empty page
2026/09/02 23:58:20.478052 [sandbox] [grpc-default-executor-12] INFO tsunagu.grpc.ExtensionServiceImpl - extension eu.kanade.tachiyomi.extension.en.weebcentral has no popular listing, returning empty page
2026/09/02 23:58:29.191958 GET /proxy/cover/781 502 170.497813ms
2026/09/02 23:58:29.711098 [sandbox] [grpc-default-executor-10] WARN tsunagu.grpc.ExtensionServiceImpl - extension call failed [SOURCE_NOT_FOUND]: The source returned 404 (entry or endpoint missing). (HttpException: HTTP error 404 <- OnNextValue: OnError while emitting onNext value: okhttp3.Response.class)
2026/09/02 23:58:29.711417 POST /api/graphql 200 760.042233ms
2026/09/02 23:58:29.743984 [sandbox] [grpc-default-executor-10] INFO tsunagu.grpc.ExtensionServiceImpl - extension eu.kanade.tachiyomi.extension.en.batcave has no popular listing, returning empty page
2026/09/02 23:58:30.224775 POST /api/graphql 200 589.249239ms
2026/09/02 23:58:30.236817 [sandbox] [grpc-default-executor-13] INFO tsunagu.grpc.ExtensionServiceImpl - extension eu.kanade.tachiyomi.extension.all.mangafire has no popular listing, returning empty page
2026/09/02 23:58:30.322550 [sandbox] [grpc-default-executor-13] INFO tsunagu.grpc.ExtensionServiceImpl - extension eu.kanade.tachiyomi.extension.en.mangago has no popular listing, returning empty page
2026/09/02 23:58:30.427759 [sandbox] [grpc-default-executor-12] INFO tsunagu.grpc.ExtensionServiceImpl - extension eu.kanade.tachiyomi.extension.en.weebcentral has no popular listing, returning empty page
2026/09/02 23:58:30.464215 POST /api/graphql 200 782.129142ms
2026/09/02 23:58:30.941365 POST /api/graphql 200 706.227819ms
2026/09/02 23:58:42.357360 POST /api/graphql 200 1.52490223s
2026/09/02 23:58:58.700320 GET /proxy/cover/839 502 168.517842ms
2026/09/02 23:59:03.450278 GET /proxy/cover/847 502 182.674863ms
2026/09/02 23:59:30.314688 POST /api/graphql 200 579.120759ms
2026/09/02 23:59:30.438181 POST /api/graphql 200 702.226539ms
2026/09/02 23:59:30.489046 [sandbox] [grpc-default-executor-10] WARN tsunagu.grpc.ExtensionServiceImpl - extension call failed [SOURCE_NOT_FOUND]: The source returned 404 (entry or endpoint missing). (HttpException: HTTP error 404 <- OnNextValue: OnError while emitting onNext value: okhttp3.Response.class)
2026/09/02 23:59:30.489498 POST /api/graphql 200 753.877509ms
2026/09/02 23:59:30.537462 POST /api/graphql 200 801.95644ms
2026/09/02 23:59:30.641362 [sandbox] E/BatCave: Failed to fetch filter data (IOException: Open in WebView to bypass site protection)
2026/09/02 23:59:30.779419 [sandbox] [grpc-default-executor-9] WARN tsunagu.grpc.ExtensionServiceImpl - extension call failed [SOURCE_CLOUDFLARE]: This source is behind Cloudflare protection. (IOException: Open in WebView to bypass site protection <- IOException: Open in WebView to bypass site protection)
2026/09/02 23:59:30.780116 POST /api/graphql 200 661.043022ms
2026/09/02 23:59:30.858784 POST /api/graphql 200 542.264715ms
2026/09/02 23:59:31.043053 POST /api/graphql 200 603.137598ms
2026/09/02 23:59:34.248772 POST /api/graphql 200 774.666953ms
2026/09/02 23:59:37.065706 POST /api/graphql 200 1.177417298s
2026/09/03 00:00:44.438984 [sandbox] [grpc-default-executor-16] INFO tsunagu.grpc.ExtensionServiceImpl - getVideoStream /watch/the-saga-of-tanya-the-evil/ep-1: 35 source(s), subs=4 audio=0 timestamps=0
2026/09/03 00:00:48.976438 POST /api/graphql 200 608.246082ms
2026/09/03 00:00:48.982946 POST /api/graphql 200 615.714155ms
2026/09/03 00:01:22.855463 POST /api/graphql 200 627.819448ms
2026/09/03 00:01:26.022814 [sandbox] [grpc-default-executor-16] INFO tsunagu.grpc.ExtensionServiceImpl - getVideoStream /watch/the-saga-of-tanya-the-evil/ep-1: 35 source(s), subs=4 audio=0 timestamps=0
2026/09/03 00:01:42.746134 POST /api/graphql 200 698.446455ms
2026/09/03 00:01:49.346370 POST /api/graphql 200 1.231072184s
2026/09/03 00:02:07.239022 [sandbox] [grpc-default-executor-16] INFO tsunagu.grpc.ExtensionServiceImpl - getVideoStream /watch/the-saga-of-tanya-the-evil/ep-1: 35 source(s), subs=4 audio=0 timestamps=0
2026/09/03 00:02:07.241495 POST /api/graphql 200 3.259404704s
2026/09/03 00:02:24.926012 POST /api/graphql 200 1.471619871s
